[33mThe CJS build of Vite's Node API is deprecated. See https://vite.dev/guide/troubleshooting.html#vite-cjs-node-api-deprecated for more details.[39m
vite v5.4.20 building for production...
transforming...
✓ 7 modules transformed.
rendering chunks...
computing gzip size...
../../../../.hermes/profiles/friday/cache/scratch/T17-v6/tmp/T17-real-electron-ZA5Cje/.vite/build/offline.html                4.93 kB │ gzip: 2.05 kB
../../../../.hermes/profiles/friday/cache/scratch/T17-v6/tmp/T17-real-electron-ZA5Cje/.vite/build/electron-runtime-entry.js  18.60 kB │ gzip: 6.65 kB
✓ built in 131ms
vite v5.4.20 building for production...
transforming...
✓ 4 modules transformed.
rendering chunks...
computing gzip size...
../../../../.hermes/profiles/friday/cache/scratch/T17-v6/tmp/T17-real-electron-ZA5Cje/.vite/build/preload.js  1.25 kB │ gzip: 0.49 kB
✓ built in 18ms
vite v5.4.20 building for production...
transforming...
✓ 4 modules transformed.
rendering chunks...
computing gzip size...
../../../../.hermes/profiles/friday/cache/scratch/T17-v6/tmp/T17-real-electron-ZA5Cje/.vite/build/preload-win.js  1.25 kB │ gzip: 0.49 kB
✓ built in 16ms
AUTHORIZATION {"scenario":"crash-retry-hosted","mode":"darwin","fixture":1,"action":"maximise","document":"offline","byIdSame":true,"byTokenSame":true,"byId":{"id":1,"detached":true,"destroyed":false,"url":"file:///Users/friday/.hermes/profiles/friday/cache/scratch/T17-v6/tmp/T17-real-electron-ZA5Cje/.vite/build/offline.html?error=server","processId":5,"routingId":1},"byToken":{"id":1,"detached":true,"destroyed":false,"url":"file:///Users/friday/.hermes/profiles/friday/cache/scratch/T17-v6/tmp/T17-real-electron-ZA5Cje/.vite/build/offline.html?error=server","processId":5,"routingId":1},"hosted":false,"offline":false,"self":false,"sameContents":true,"sameFrame":true,"detached":true,"sender":{"id":1,"detached":true,"destroyed":false,"url":"file:///Users/friday/.hermes/profiles/friday/cache/scratch/T17-v6/tmp/T17-real-electron-ZA5Cje/.vite/build/offline.html?error=server","processId":5,"routingId":1},"current":{"id":1,"detached":true,"destroyed":false,"url":"file:///Users/friday/.hermes/profiles/friday/cache/scratch/T17-v6/tmp/T17-real-electron-ZA5Cje/.vite/build/offline.html?error=server","processId":5,"routingId":1}}
AUTHORIZATION {"scenario":"crash-retry-hosted","mode":"darwin","fixture":1,"action":"maximise","document":"offline","byIdSame":true,"byTokenSame":true,"byId":{"id":1,"detached":true,"destroyed":false,"url":"file:///Users/friday/.hermes/profiles/friday/cache/scratch/T17-v6/tmp/T17-real-electron-ZA5Cje/.vite/build/offline.html?error=server","processId":5,"routingId":1},"byToken":{"id":1,"detached":true,"destroyed":false,"url":"file:///Users/friday/.hermes/profiles/friday/cache/scratch/T17-v6/tmp/T17-real-electron-ZA5Cje/.vite/build/offline.html?error=server","processId":5,"routingId":1},"hosted":false,"offline":false,"self":false,"sameContents":true,"sameFrame":true,"detached":true,"sender":{"id":1,"detached":true,"destroyed":false,"url":"file:///Users/friday/.hermes/profiles/friday/cache/scratch/T17-v6/tmp/T17-real-electron-ZA5Cje/.vite/build/offline.html?error=server","processId":5,"routingId":1},"current":{"id":1,"detached":true,"destroyed":false,"url":"file:///Users/friday/.hermes/profiles/friday/cache/scratch/T17-v6/tmp/T17-real-electron-ZA5Cje/.vite/build/offline.html?error=server","processId":5,"routingId":1}}
AUTHORIZATION {"scenario":"crash-retry-hosted","mode":"darwin","fixture":1,"action":"minimise","document":"offline","byIdSame":true,"byTokenSame":true,"byId":{"id":1,"detached":true,"destroyed":false,"url":"file:///Users/friday/.hermes/profiles/friday/cache/scratch/T17-v6/tmp/T17-real-electron-ZA5Cje/.vite/build/offline.html?error=server","processId":5,"routingId":1},"byToken":{"id":1,"detached":true,"destroyed":false,"url":"file:///Users/friday/.hermes/profiles/friday/cache/scratch/T17-v6/tmp/T17-real-electron-ZA5Cje/.vite/build/offline.html?error=server","processId":5,"routingId":1},"hosted":false,"offline":false,"self":false,"sameContents":true,"sameFrame":true,"detached":true,"sender":{"id":1,"detached":true,"destroyed":false,"url":"file:///Users/friday/.hermes/profiles/friday/cache/scratch/T17-v6/tmp/T17-real-electron-ZA5Cje/.vite/build/offline.html?error=server","processId":5,"routingId":1},"current":{"id":1,"detached":true,"destroyed":false,"url":"file:///Users/friday/.hermes/profiles/friday/cache/scratch/T17-v6/tmp/T17-real-electron-ZA5Cje/.vite/build/offline.html?error=server","processId":5,"routingId":1}}
AUTHORIZATION {"scenario":"crash-retry-hosted","mode":"darwin","fixture":1,"action":"close","document":"offline","byIdSame":true,"byTokenSame":true,"byId":{"id":1,"detached":true,"destroyed":false,"url":"file:///Users/friday/.hermes/profiles/friday/cache/scratch/T17-v6/tmp/T17-real-electron-ZA5Cje/.vite/build/offline.html?error=server","processId":5,"routingId":1},"byToken":{"id":1,"detached":true,"destroyed":false,"url":"file:///Users/friday/.hermes/profiles/friday/cache/scratch/T17-v6/tmp/T17-real-electron-ZA5Cje/.vite/build/offline.html?error=server","processId":5,"routingId":1},"hosted":false,"offline":false,"self":false,"sameContents":true,"sameFrame":true,"detached":true,"sender":{"id":1,"detached":true,"destroyed":false,"url":"file:///Users/friday/.hermes/profiles/friday/cache/scratch/T17-v6/tmp/T17-real-electron-ZA5Cje/.vite/build/offline.html?error=server","processId":5,"routingId":1},"current":{"id":1,"detached":true,"destroyed":false,"url":"file:///Users/friday/.hermes/profiles/friday/cache/scratch/T17-v6/tmp/T17-real-electron-ZA5Cje/.vite/build/offline.html?error=server","processId":5,"routingId":1}}
AUTHORIZATION {"scenario":"crash-retry-hosted","mode":"darwin","fixture":2,"action":"maximise","document":"hosted-restored","byIdSame":true,"byTokenSame":true,"byId":{"id":2,"detached":true,"destroyed":false,"url":"http://127.0.0.1:49270/app?configured=1","processId":8,"routingId":4},"byToken":{"id":2,"detached":true,"destroyed":false,"url":"http://127.0.0.1:49270/app?configured=1","processId":8,"routingId":4},"hosted":true,"offline":false,"self":false,"sameContents":true,"sameFrame":true,"detached":true,"sender":{"id":2,"detached":true,"destroyed":false,"url":"http://127.0.0.1:49270/app?configured=1","processId":8,"routingId":4},"current":{"id":2,"detached":true,"destroyed":false,"url":"http://127.0.0.1:49270/app?configured=1","processId":8,"routingId":4}}
AUTHORIZATION {"scenario":"crash-retry-hosted","mode":"darwin","fixture":2,"action":"maximise","document":"hosted-restored","byIdSame":true,"byTokenSame":true,"byId":{"id":2,"detached":true,"destroyed":false,"url":"http://127.0.0.1:49270/app?configured=1","processId":8,"routingId":4},"byToken":{"id":2,"detached":true,"destroyed":false,"url":"http://127.0.0.1:49270/app?configured=1","processId":8,"routingId":4},"hosted":true,"offline":false,"self":false,"sameContents":true,"sameFrame":true,"detached":true,"sender":{"id":2,"detached":true,"destroyed":false,"url":"http://127.0.0.1:49270/app?configured=1","processId":8,"routingId":4},"current":{"id":2,"detached":true,"destroyed":false,"url":"http://127.0.0.1:49270/app?configured=1","processId":8,"routingId":4}}
AUTHORIZATION {"scenario":"crash-retry-hosted","mode":"darwin","fixture":2,"action":"minimise","document":"hosted-restored","byIdSame":true,"byTokenSame":true,"byId":{"id":2,"detached":true,"destroyed":false,"url":"http://127.0.0.1:49270/app?configured=1","processId":8,"routingId":4},"byToken":{"id":2,"detached":true,"destroyed":false,"url":"http://127.0.0.1:49270/app?configured=1","processId":8,"routingId":4},"hosted":true,"offline":false,"self":false,"sameContents":true,"sameFrame":true,"detached":true,"sender":{"id":2,"detached":true,"destroyed":false,"url":"http://127.0.0.1:49270/app?configured=1","processId":8,"routingId":4},"current":{"id":2,"detached":true,"destroyed":false,"url":"http://127.0.0.1:49270/app?configured=1","processId":8,"routingId":4}}
AUTHORIZATION {"scenario":"crash-retry-hosted","mode":"darwin","fixture":2,"action":"close","document":"hosted-restored","byIdSame":true,"byTokenSame":true,"byId":{"id":2,"detached":true,"destroyed":false,"url":"http://127.0.0.1:49270/app?configured=1","processId":8,"routingId":4},"byToken":{"id":2,"detached":true,"destroyed":false,"url":"http://127.0.0.1:49270/app?configured=1","processId":8,"routingId":4},"hosted":true,"offline":false,"self":false,"sameContents":true,"sameFrame":true,"detached":true,"sender":{"id":2,"detached":true,"destroyed":false,"url":"http://127.0.0.1:49270/app?configured=1","processId":8,"routingId":4},"current":{"id":2,"detached":true,"destroyed":false,"url":"http://127.0.0.1:49270/app?configured=1","processId":8,"routingId":4}}
FAIL {"result":"FAIL","exit":1,"knownGaps":[{"name":"ELECTRON38-CRASH-OFFLINE-CAPTION-REFUSAL","action":"maximise","document":"offline","delivered":true,"tuple":{"fixture":1,"action":"maximise","document":"offline","byIdSame":true,"byTokenSame":true,"byId":{"id":1,"detached":true,"destroyed":false,"url":"file:///Users/friday/.hermes/profiles/friday/cache/scratch/T17-v6/tmp/T17-real-electron-ZA5Cje/.vite/build/offline.html?error=server","processId":5,"routingId":1},"byToken":{"id":1,"detached":true,"destroyed":false,"url":"file:///Users/friday/.hermes/profiles/friday/cache/scratch/T17-v6/tmp/T17-real-electron-ZA5Cje/.vite/build/offline.html?error=server","processId":5,"routingId":1},"hosted":false,"offline":false,"self":false,"sameContents":true,"sameFrame":true,"detached":true,"sender":{"id":1,"detached":true,"destroyed":false,"url":"file:///Users/friday/.hermes/profiles/friday/cache/scratch/T17-v6/tmp/T17-real-electron-ZA5Cje/.vite/build/offline.html?error=server","processId":5,"routingId":1},"current":{"id":1,"detached":true,"destroyed":false,"url":"file:///Users/friday/.hermes/profiles/friday/cache/scratch/T17-v6/tmp/T17-real-electron-ZA5Cje/.vite/build/offline.html?error=server","processId":5,"routingId":1}},"native":false,"error":"caption-authorization-refused","nativeEvents":[]},{"name":"ELECTRON38-CRASH-OFFLINE-CAPTION-REFUSAL","action":"maximise","document":"offline","delivered":true,"tuple":{"fixture":1,"action":"maximise","document":"offline","byIdSame":true,"byTokenSame":true,"byId":{"id":1,"detached":true,"destroyed":false,"url":"file:///Users/friday/.hermes/profiles/friday/cache/scratch/T17-v6/tmp/T17-real-electron-ZA5Cje/.vite/build/offline.html?error=server","processId":5,"routingId":1},"byToken":{"id":1,"detached":true,"destroyed":false,"url":"file:///Users/friday/.hermes/profiles/friday/cache/scratch/T17-v6/tmp/T17-real-electron-ZA5Cje/.vite/build/offline.html?error=server","processId":5,"routingId":1},"hosted":false,"offline":false,"self":false,"sameContents":true,"sameFrame":true,"detached":true,"sender":{"id":1,"detached":true,"destroyed":false,"url":"file:///Users/friday/.hermes/profiles/friday/cache/scratch/T17-v6/tmp/T17-real-electron-ZA5Cje/.vite/build/offline.html?error=server","processId":5,"routingId":1},"current":{"id":1,"detached":true,"destroyed":false,"url":"file:///Users/friday/.hermes/profiles/friday/cache/scratch/T17-v6/tmp/T17-real-electron-ZA5Cje/.vite/build/offline.html?error=server","processId":5,"routingId":1}},"native":false,"error":"caption-authorization-refused","nativeEvents":[]},{"name":"ELECTRON38-CRASH-OFFLINE-CAPTION-REFUSAL","action":"minimise","document":"offline","delivered":true,"tuple":{"fixture":1,"action":"minimise","document":"offline","byIdSame":true,"byTokenSame":true,"byId":{"id":1,"detached":true,"destroyed":false,"url":"file:///Users/friday/.hermes/profiles/friday/cache/scratch/T17-v6/tmp/T17-real-electron-ZA5Cje/.vite/build/offline.html?error=server","processId":5,"routingId":1},"byToken":{"id":1,"detached":true,"destroyed":false,"url":"file:///Users/friday/.hermes/profiles/friday/cache/scratch/T17-v6/tmp/T17-real-electron-ZA5Cje/.vite/build/offline.html?error=server","processId":5,"routingId":1},"hosted":false,"offline":false,"self":false,"sameContents":true,"sameFrame":true,"detached":true,"sender":{"id":1,"detached":true,"destroyed":false,"url":"file:///Users/friday/.hermes/profiles/friday/cache/scratch/T17-v6/tmp/T17-real-electron-ZA5Cje/.vite/build/offline.html?error=server","processId":5,"routingId":1},"current":{"id":1,"detached":true,"destroyed":false,"url":"file:///Users/friday/.hermes/profiles/friday/cache/scratch/T17-v6/tmp/T17-real-electron-ZA5Cje/.vite/build/offline.html?error=server","processId":5,"routingId":1}},"native":false,"error":"caption-authorization-refused","nativeEvents":[]},{"name":"ELECTRON38-CRASH-OFFLINE-CAPTION-REFUSAL","action":"close","document":"offline","delivered":true,"tuple":{"fixture":1,"action":"close","document":"offline","byIdSame":true,"byTokenSame":true,"byId":{"id":1,"detached":true,"destroyed":false,"url":"file:///Users/friday/.hermes/profiles/friday/cache/scratch/T17-v6/tmp/T17-real-electron-ZA5Cje/.vite/build/offline.html?error=server","processId":5,"routingId":1},"byToken":{"id":1,"detached":true,"destroyed":false,"url":"file:///Users/friday/.hermes/profiles/friday/cache/scratch/T17-v6/tmp/T17-real-electron-ZA5Cje/.vite/build/offline.html?error=server","processId":5,"routingId":1},"hosted":false,"offline":false,"self":false,"sameContents":true,"sameFrame":true,"detached":true,"sender":{"id":1,"detached":true,"destroyed":false,"url":"file:///Users/friday/.hermes/profiles/friday/cache/scratch/T17-v6/tmp/T17-real-electron-ZA5Cje/.vite/build/offline.html?error=server","processId":5,"routingId":1},"current":{"id":1,"detached":true,"destroyed":false,"url":"file:///Users/friday/.hermes/profiles/friday/cache/scratch/T17-v6/tmp/T17-real-electron-ZA5Cje/.vite/build/offline.html?error=server","processId":5,"routingId":1}},"native":false,"error":"caption-authorization-refused","nativeEvents":[]}],"hardFailures":["crash-retry-hosted: Retry button did not recover configured HTTP 200 app (automatic retry paused)"]}

[69303:1003/000855.230618:ERROR:gpu/command_buffer/service/shared_image/shared_image_manager.cc:496] SharedImageManager::ProduceOverlay: Trying to Produce a Overlay representation from a non-existent mailbox.
[69303:1003/000855.230644:ERROR:components/viz/service/display_embedder/skia_output_device_buffer_queue.cc:263] Invalid mailbox.

{
  "mode": "darwin",
  "scenario": "crash-retry-hosted",
  "exit": 1,
  "emittedSHA256": "33aba3c676f65b56a45ffcc3dde2a16c75846636717ca280087940f00c0ed712",
  "receipt": {
    "passed": false,
    "result": "FAIL",
    "exit": 1,
    "knownGaps": [
      {
        "name": "ELECTRON38-CRASH-OFFLINE-CAPTION-REFUSAL",
        "action": "maximise",
        "document": "offline",
        "delivered": true,
        "tuple": {
          "fixture": 1,
          "action": "maximise",
          "document": "offline",
          "byIdSame": true,
          "byTokenSame": true,
          "byId": {
            "id": 1,
            "detached": true,
            "destroyed": false,
            "url": "file:///Users/friday/.hermes/profiles/friday/cache/scratch/T17-v6/tmp/T17-real-electron-ZA5Cje/.vite/build/offline.html?error=server",
            "processId": 5,
            "routingId": 1
          },
          "byToken": {
            "id": 1,
            "detached": true,
            "destroyed": false,
            "url": "file:///Users/friday/.hermes/profiles/friday/cache/scratch/T17-v6/tmp/T17-real-electron-ZA5Cje/.vite/build/offline.html?error=server",
            "processId": 5,
            "routingId": 1
          },
          "hosted": false,
          "offline": false,
          "self": false,
          "sameContents": true,
          "sameFrame": true,
          "detached": true,
          "sender": {
            "id": 1,
            "detached": true,
            "destroyed": false,
            "url": "file:///Users/friday/.hermes/profiles/friday/cache/scratch/T17-v6/tmp/T17-real-electron-ZA5Cje/.vite/build/offline.html?error=server",
            "processId": 5,
            "routingId": 1
          },
          "current": {
            "id": 1,
            "detached": true,
            "destroyed": false,
            "url": "file:///Users/friday/.hermes/profiles/friday/cache/scratch/T17-v6/tmp/T17-real-electron-ZA5Cje/.vite/build/offline.html?error=server",
            "processId": 5,
            "routingId": 1
          }
        },
        "native": false,
        "error": "caption-authorization-refused",
        "nativeEvents": []
      },
      {
        "name": "ELECTRON38-CRASH-OFFLINE-CAPTION-REFUSAL",
        "action": "maximise",
        "document": "offline",
        "delivered": true,
        "tuple": {
          "fixture": 1,
          "action": "maximise",
          "document": "offline",
          "byIdSame": true,
          "byTokenSame": true,
          "byId": {
            "id": 1,
            "detached": true,
            "destroyed": false,
            "url": "file:///Users/friday/.hermes/profiles/friday/cache/scratch/T17-v6/tmp/T17-real-electron-ZA5Cje/.vite/build/offline.html?error=server",
            "processId": 5,
            "routingId": 1
          },
          "byToken": {
            "id": 1,
            "detached": true,
            "destroyed": false,
            "url": "file:///Users/friday/.hermes/profiles/friday/cache/scratch/T17-v6/tmp/T17-real-electron-ZA5Cje/.vite/build/offline.html?error=server",
            "processId": 5,
            "routingId": 1
          },
          "hosted": false,
          "offline": false,
          "self": false,
          "sameContents": true,
          "sameFrame": true,
          "detached": true,
          "sender": {
            "id": 1,
            "detached": true,
            "destroyed": false,
            "url": "file:///Users/friday/.hermes/profiles/friday/cache/scratch/T17-v6/tmp/T17-real-electron-ZA5Cje/.vite/build/offline.html?error=server",
            "processId": 5,
            "routingId": 1
          },
          "current": {
            "id": 1,
            "detached": true,
            "destroyed": false,
            "url": "file:///Users/friday/.hermes/profiles/friday/cache/scratch/T17-v6/tmp/T17-real-electron-ZA5Cje/.vite/build/offline.html?error=server",
            "processId": 5,
            "routingId": 1
          }
        },
        "native": false,
        "error": "caption-authorization-refused",
        "nativeEvents": []
      },
      {
        "name": "ELECTRON38-CRASH-OFFLINE-CAPTION-REFUSAL",
        "action": "minimise",
        "document": "offline",
        "delivered": true,
        "tuple": {
          "fixture": 1,
          "action": "minimise",
          "document": "offline",
          "byIdSame": true,
          "byTokenSame": true,
          "byId": {
            "id": 1,
            "detached": true,
            "destroyed": false,
            "url": "file:///Users/friday/.hermes/profiles/friday/cache/scratch/T17-v6/tmp/T17-real-electron-ZA5Cje/.vite/build/offline.html?error=server",
            "processId": 5,
            "routingId": 1
          },
          "byToken": {
            "id": 1,
            "detached": true,
            "destroyed": false,
            "url": "file:///Users/friday/.hermes/profiles/friday/cache/scratch/T17-v6/tmp/T17-real-electron-ZA5Cje/.vite/build/offline.html?error=server",
            "processId": 5,
            "routingId": 1
          },
          "hosted": false,
          "offline": false,
          "self": false,
          "sameContents": true,
          "sameFrame": true,
          "detached": true,
          "sender": {
            "id": 1,
            "detached": true,
            "destroyed": false,
            "url": "file:///Users/friday/.hermes/profiles/friday/cache/scratch/T17-v6/tmp/T17-real-electron-ZA5Cje/.vite/build/offline.html?error=server",
            "processId": 5,
            "routingId": 1
          },
          "current": {
            "id": 1,
            "detached": true,
            "destroyed": false,
            "url": "file:///Users/friday/.hermes/profiles/friday/cache/scratch/T17-v6/tmp/T17-real-electron-ZA5Cje/.vite/build/offline.html?error=server",
            "processId": 5,
            "routingId": 1
          }
        },
        "native": false,
        "error": "caption-authorization-refused",
        "nativeEvents": []
      },
      {
        "name": "ELECTRON38-CRASH-OFFLINE-CAPTION-REFUSAL",
        "action": "close",
        "document": "offline",
        "delivered": true,
        "tuple": {
          "fixture": 1,
          "action": "close",
          "document": "offline",
          "byIdSame": true,
          "byTokenSame": true,
          "byId": {
            "id": 1,
            "detached": true,
            "destroyed": false,
            "url": "file:///Users/friday/.hermes/profiles/friday/cache/scratch/T17-v6/tmp/T17-real-electron-ZA5Cje/.vite/build/offline.html?error=server",
            "processId": 5,
            "routingId": 1
          },
          "byToken": {
            "id": 1,
            "detached": true,
            "destroyed": false,
            "url": "file:///Users/friday/.hermes/profiles/friday/cache/scratch/T17-v6/tmp/T17-real-electron-ZA5Cje/.vite/build/offline.html?error=server",
            "processId": 5,
            "routingId": 1
          },
          "hosted": false,
          "offline": false,
          "self": false,
          "sameContents": true,
          "sameFrame": true,
          "detached": true,
          "sender": {
            "id": 1,
            "detached": true,
            "destroyed": false,
            "url": "file:///Users/friday/.hermes/profiles/friday/cache/scratch/T17-v6/tmp/T17-real-electron-ZA5Cje/.vite/build/offline.html?error=server",
            "processId": 5,
            "routingId": 1
          },
          "current": {
            "id": 1,
            "detached": true,
            "destroyed": false,
            "url": "file:///Users/friday/.hermes/profiles/friday/cache/scratch/T17-v6/tmp/T17-real-electron-ZA5Cje/.vite/build/offline.html?error=server",
            "processId": 5,
            "routingId": 1
          }
        },
        "native": false,
        "error": "caption-authorization-refused",
        "nativeEvents": []
      }
    ],
    "hardFailures": [
      "crash-retry-hosted: Retry button did not recover configured HTTP 200 app (automatic retry paused)"
    ],
    "scenario": "crash-retry-hosted",
    "port": 49270,
    "fixtures": [
      {
        "id": 1,
        "contentsId": 1,
        "purpose": "offline-caption-lifetime",
        "closedByCaption": false
      },
      {
        "id": 2,
        "contentsId": 2,
        "purpose": "crash-retry-hosted-independent-lifetime"
      }
    ],
    "authorization": [
      {
        "fixture": 1,
        "action": "maximise",
        "document": "offline",
        "byIdSame": true,
        "byTokenSame": true,
        "byId": {
          "id": 1,
          "detached": true,
          "destroyed": false,
          "url": "file:///Users/friday/.hermes/profiles/friday/cache/scratch/T17-v6/tmp/T17-real-electron-ZA5Cje/.vite/build/offline.html?error=server",
          "processId": 5,
          "routingId": 1
        },
        "byToken": {
          "id": 1,
          "detached": true,
          "destroyed": false,
          "url": "file:///Users/friday/.hermes/profiles/friday/cache/scratch/T17-v6/tmp/T17-real-electron-ZA5Cje/.vite/build/offline.html?error=server",
          "processId": 5,
          "routingId": 1
        },
        "hosted": false,
        "offline": false,
        "self": false,
        "sameContents": true,
        "sameFrame": true,
        "detached": true,
        "sender": {
          "id": 1,
          "detached": true,
          "destroyed": false,
          "url": "file:///Users/friday/.hermes/profiles/friday/cache/scratch/T17-v6/tmp/T17-real-electron-ZA5Cje/.vite/build/offline.html?error=server",
          "processId": 5,
          "routingId": 1
        },
        "current": {
          "id": 1,
          "detached": true,
          "destroyed": false,
          "url": "file:///Users/friday/.hermes/profiles/friday/cache/scratch/T17-v6/tmp/T17-real-electron-ZA5Cje/.vite/build/offline.html?error=server",
          "processId": 5,
          "routingId": 1
        }
      },
      {
        "fixture": 1,
        "action": "maximise",
        "document": "offline",
        "byIdSame": true,
        "byTokenSame": true,
        "byId": {
          "id": 1,
          "detached": true,
          "destroyed": false,
          "url": "file:///Users/friday/.hermes/profiles/friday/cache/scratch/T17-v6/tmp/T17-real-electron-ZA5Cje/.vite/build/offline.html?error=server",
          "processId": 5,
          "routingId": 1
        },
        "byToken": {
          "id": 1,
          "detached": true,
          "destroyed": false,
          "url": "file:///Users/friday/.hermes/profiles/friday/cache/scratch/T17-v6/tmp/T17-real-electron-ZA5Cje/.vite/build/offline.html?error=server",
          "processId": 5,
          "routingId": 1
        },
        "hosted": false,
        "offline": false,
        "self": false,
        "sameContents": true,
        "sameFrame": true,
        "detached": true,
        "sender": {
          "id": 1,
          "detached": true,
          "destroyed": false,
          "url": "file:///Users/friday/.hermes/profiles/friday/cache/scratch/T17-v6/tmp/T17-real-electron-ZA5Cje/.vite/build/offline.html?error=server",
          "processId": 5,
          "routingId": 1
        },
        "current": {
          "id": 1,
          "detached": true,
          "destroyed": false,
          "url": "file:///Users/friday/.hermes/profiles/friday/cache/scratch/T17-v6/tmp/T17-real-electron-ZA5Cje/.vite/build/offline.html?error=server",
          "processId": 5,
          "routingId": 1
        }
      },
      {
        "fixture": 1,
        "action": "minimise",
        "document": "offline",
        "byIdSame": true,
        "byTokenSame": true,
        "byId": {
          "id": 1,
          "detached": true,
          "destroyed": false,
          "url": "file:///Users/friday/.hermes/profiles/friday/cache/scratch/T17-v6/tmp/T17-real-electron-ZA5Cje/.vite/build/offline.html?error=server",
          "processId": 5,
          "routingId": 1
        },
        "byToken": {
          "id": 1,
          "detached": true,
          "destroyed": false,
          "url": "file:///Users/friday/.hermes/profiles/friday/cache/scratch/T17-v6/tmp/T17-real-electron-ZA5Cje/.vite/build/offline.html?error=server",
          "processId": 5,
          "routingId": 1
        },
        "hosted": false,
        "offline": false,
        "self": false,
        "sameContents": true,
        "sameFrame": true,
        "detached": true,
        "sender": {
          "id": 1,
          "detached": true,
          "destroyed": false,
          "url": "file:///Users/friday/.hermes/profiles/friday/cache/scratch/T17-v6/tmp/T17-real-electron-ZA5Cje/.vite/build/offline.html?error=server",
          "processId": 5,
          "routingId": 1
        },
        "current": {
          "id": 1,
          "detached": true,
          "destroyed": false,
          "url": "file:///Users/friday/.hermes/profiles/friday/cache/scratch/T17-v6/tmp/T17-real-electron-ZA5Cje/.vite/build/offline.html?error=server",
          "processId": 5,
          "routingId": 1
        }
      },
      {
        "fixture": 1,
        "action": "close",
        "document": "offline",
        "byIdSame": true,
        "byTokenSame": true,
        "byId": {
          "id": 1,
          "detached": true,
          "destroyed": false,
          "url": "file:///Users/friday/.hermes/profiles/friday/cache/scratch/T17-v6/tmp/T17-real-electron-ZA5Cje/.vite/build/offline.html?error=server",
          "processId": 5,
          "routingId": 1
        },
        "byToken": {
          "id": 1,
          "detached": true,
          "destroyed": false,
          "url": "file:///Users/friday/.hermes/profiles/friday/cache/scratch/T17-v6/tmp/T17-real-electron-ZA5Cje/.vite/build/offline.html?error=server",
          "processId": 5,
          "routingId": 1
        },
        "hosted": false,
        "offline": false,
        "self": false,
        "sameContents": true,
        "sameFrame": true,
        "detached": true,
        "sender": {
          "id": 1,
          "detached": true,
          "destroyed": false,
          "url": "file:///Users/friday/.hermes/profiles/friday/cache/scratch/T17-v6/tmp/T17-real-electron-ZA5Cje/.vite/build/offline.html?error=server",
          "processId": 5,
          "routingId": 1
        },
        "current": {
          "id": 1,
          "detached": true,
          "destroyed": false,
          "url": "file:///Users/friday/.hermes/profiles/friday/cache/scratch/T17-v6/tmp/T17-real-electron-ZA5Cje/.vite/build/offline.html?error=server",
          "processId": 5,
          "routingId": 1
        }
      },
      {
        "fixture": 2,
        "action": "maximise",
        "document": "hosted-restored",
        "byIdSame": true,
        "byTokenSame": true,
        "byId": {
          "id": 2,
          "detached": true,
          "destroyed": false,
          "url": "http://127.0.0.1:49270/app?configured=1",
          "processId": 8,
          "routingId": 4
        },
        "byToken": {
          "id": 2,
          "detached": true,
          "destroyed": false,
          "url": "http://127.0.0.1:49270/app?configured=1",
          "processId": 8,
          "routingId": 4
        },
        "hosted": true,
        "offline": false,
        "self": false,
        "sameContents": true,
        "sameFrame": true,
        "detached": true,
        "sender": {
          "id": 2,
          "detached": true,
          "destroyed": false,
          "url": "http://127.0.0.1:49270/app?configured=1",
          "processId": 8,
          "routingId": 4
        },
        "current": {
          "id": 2,
          "detached": true,
          "destroyed": false,
          "url": "http://127.0.0.1:49270/app?configured=1",
          "processId": 8,
          "routingId": 4
        }
      },
      {
        "fixture": 2,
        "action": "maximise",
        "document": "hosted-restored",
        "byIdSame": true,
        "byTokenSame": true,
        "byId": {
          "id": 2,
          "detached": true,
          "destroyed": false,
          "url": "http://127.0.0.1:49270/app?configured=1",
          "processId": 8,
          "routingId": 4
        },
        "byToken": {
          "id": 2,
          "detached": true,
          "destroyed": false,
          "url": "http://127.0.0.1:49270/app?configured=1",
          "processId": 8,
          "routingId": 4
        },
        "hosted": true,
        "offline": false,
        "self": false,
        "sameContents": true,
        "sameFrame": true,
        "detached": true,
        "sender": {
          "id": 2,
          "detached": true,
          "destroyed": false,
          "url": "http://127.0.0.1:49270/app?configured=1",
          "processId": 8,
          "routingId": 4
        },
        "current": {
          "id": 2,
          "detached": true,
          "destroyed": false,
          "url": "http://127.0.0.1:49270/app?configured=1",
          "processId": 8,
          "routingId": 4
        }
      },
      {
        "fixture": 2,
        "action": "minimise",
        "document": "hosted-restored",
        "byIdSame": true,
        "byTokenSame": true,
        "byId": {
          "id": 2,
          "detached": true,
          "destroyed": false,
          "url": "http://127.0.0.1:49270/app?configured=1",
          "processId": 8,
          "routingId": 4
        },
        "byToken": {
          "id": 2,
          "detached": true,
          "destroyed": false,
          "url": "http://127.0.0.1:49270/app?configured=1",
          "processId": 8,
          "routingId": 4
        },
        "hosted": true,
        "offline": false,
        "self": false,
        "sameContents": true,
        "sameFrame": true,
        "detached": true,
        "sender": {
          "id": 2,
          "detached": true,
          "destroyed": false,
          "url": "http://127.0.0.1:49270/app?configured=1",
          "processId": 8,
          "routingId": 4
        },
        "current": {
          "id": 2,
          "detached": true,
          "destroyed": false,
          "url": "http://127.0.0.1:49270/app?configured=1",
          "processId": 8,
          "routingId": 4
        }
      },
      {
        "fixture": 2,
        "action": "close",
        "document": "hosted-restored",
        "byIdSame": true,
        "byTokenSame": true,
        "byId": {
          "id": 2,
          "detached": true,
          "destroyed": false,
          "url": "http://127.0.0.1:49270/app?configured=1",
          "processId": 8,
          "routingId": 4
        },
        "byToken": {
          "id": 2,
          "detached": true,
          "destroyed": false,
          "url": "http://127.0.0.1:49270/app?configured=1",
          "processId": 8,
          "routingId": 4
        },
        "hosted": true,
        "offline": false,
        "self": false,
        "sameContents": true,
        "sameFrame": true,
        "detached": true,
        "sender": {
          "id": 2,
          "detached": true,
          "destroyed": false,
          "url": "http://127.0.0.1:49270/app?configured=1",
          "processId": 8,
          "routingId": 4
        },
        "current": {
          "id": 2,
          "detached": true,
          "destroyed": false,
          "url": "http://127.0.0.1:49270/app?configured=1",
          "processId": 8,
          "routingId": 4
        }
      }
    ],
    "captionActions": [
      {
        "action": "maximise",
        "document": "offline",
        "delivered": true,
        "tuple": {
          "fixture": 1,
          "action": "maximise",
          "document": "offline",
          "byIdSame": true,
          "byTokenSame": true,
          "byId": {
            "id": 1,
            "detached": true,
            "destroyed": false,
            "url": "file:///Users/friday/.hermes/profiles/friday/cache/scratch/T17-v6/tmp/T17-real-electron-ZA5Cje/.vite/build/offline.html?error=server",
            "processId": 5,
            "routingId": 1
          },
          "byToken": {
            "id": 1,
            "detached": true,
            "destroyed": false,
            "url": "file:///Users/friday/.hermes/profiles/friday/cache/scratch/T17-v6/tmp/T17-real-electron-ZA5Cje/.vite/build/offline.html?error=server",
            "processId": 5,
            "routingId": 1
          },
          "hosted": false,
          "offline": false,
          "self": false,
          "sameContents": true,
          "sameFrame": true,
          "detached": true,
          "sender": {
            "id": 1,
            "detached": true,
            "destroyed": false,
            "url": "file:///Users/friday/.hermes/profiles/friday/cache/scratch/T17-v6/tmp/T17-real-electron-ZA5Cje/.vite/build/offline.html?error=server",
            "processId": 5,
            "routingId": 1
          },
          "current": {
            "id": 1,
            "detached": true,
            "destroyed": false,
            "url": "file:///Users/friday/.hermes/profiles/friday/cache/scratch/T17-v6/tmp/T17-real-electron-ZA5Cje/.vite/build/offline.html?error=server",
            "processId": 5,
            "routingId": 1
          }
        },
        "native": false,
        "error": "caption-authorization-refused",
        "nativeEvents": []
      },
      {
        "action": "maximise",
        "document": "offline",
        "delivered": true,
        "tuple": {
          "fixture": 1,
          "action": "maximise",
          "document": "offline",
          "byIdSame": true,
          "byTokenSame": true,
          "byId": {
            "id": 1,
            "detached": true,
            "destroyed": false,
            "url": "file:///Users/friday/.hermes/profiles/friday/cache/scratch/T17-v6/tmp/T17-real-electron-ZA5Cje/.vite/build/offline.html?error=server",
            "processId": 5,
            "routingId": 1
          },
          "byToken": {
            "id": 1,
            "detached": true,
            "destroyed": false,
            "url": "file:///Users/friday/.hermes/profiles/friday/cache/scratch/T17-v6/tmp/T17-real-electron-ZA5Cje/.vite/build/offline.html?error=server",
            "processId": 5,
            "routingId": 1
          },
          "hosted": false,
          "offline": false,
          "self": false,
          "sameContents": true,
          "sameFrame": true,
          "detached": true,
          "sender": {
            "id": 1,
            "detached": true,
            "destroyed": false,
            "url": "file:///Users/friday/.hermes/profiles/friday/cache/scratch/T17-v6/tmp/T17-real-electron-ZA5Cje/.vite/build/offline.html?error=server",
            "processId": 5,
            "routingId": 1
          },
          "current": {
            "id": 1,
            "detached": true,
            "destroyed": false,
            "url": "file:///Users/friday/.hermes/profiles/friday/cache/scratch/T17-v6/tmp/T17-real-electron-ZA5Cje/.vite/build/offline.html?error=server",
            "processId": 5,
            "routingId": 1
          }
        },
        "native": false,
        "error": "caption-authorization-refused",
        "nativeEvents": []
      },
      {
        "action": "minimise",
        "document": "offline",
        "delivered": true,
        "tuple": {
          "fixture": 1,
          "action": "minimise",
          "document": "offline",
          "byIdSame": true,
          "byTokenSame": true,
          "byId": {
            "id": 1,
            "detached": true,
            "destroyed": false,
            "url": "file:///Users/friday/.hermes/profiles/friday/cache/scratch/T17-v6/tmp/T17-real-electron-ZA5Cje/.vite/build/offline.html?error=server",
            "processId": 5,
            "routingId": 1
          },
          "byToken": {
            "id": 1,
            "detached": true,
            "destroyed": false,
            "url": "file:///Users/friday/.hermes/profiles/friday/cache/scratch/T17-v6/tmp/T17-real-electron-ZA5Cje/.vite/build/offline.html?error=server",
            "processId": 5,
            "routingId": 1
          },
          "hosted": false,
          "offline": false,
          "self": false,
          "sameContents": true,
          "sameFrame": true,
          "detached": true,
          "sender": {
            "id": 1,
            "detached": true,
            "destroyed": false,
            "url": "file:///Users/friday/.hermes/profiles/friday/cache/scratch/T17-v6/tmp/T17-real-electron-ZA5Cje/.vite/build/offline.html?error=server",
            "processId": 5,
            "routingId": 1
          },
          "current": {
            "id": 1,
            "detached": true,
            "destroyed": false,
            "url": "file:///Users/friday/.hermes/profiles/friday/cache/scratch/T17-v6/tmp/T17-real-electron-ZA5Cje/.vite/build/offline.html?error=server",
            "processId": 5,
            "routingId": 1
          }
        },
        "native": false,
        "error": "caption-authorization-refused",
        "nativeEvents": []
      },
      {
        "action": "close",
        "document": "offline",
        "delivered": true,
        "tuple": {
          "fixture": 1,
          "action": "close",
          "document": "offline",
          "byIdSame": true,
          "byTokenSame": true,
          "byId": {
            "id": 1,
            "detached": true,
            "destroyed": false,
            "url": "file:///Users/friday/.hermes/profiles/friday/cache/scratch/T17-v6/tmp/T17-real-electron-ZA5Cje/.vite/build/offline.html?error=server",
            "processId": 5,
            "routingId": 1
          },
          "byToken": {
            "id": 1,
            "detached": true,
            "destroyed": false,
            "url": "file:///Users/friday/.hermes/profiles/friday/cache/scratch/T17-v6/tmp/T17-real-electron-ZA5Cje/.vite/build/offline.html?error=server",
            "processId": 5,
            "routingId": 1
          },
          "hosted": false,
          "offline": false,
          "self": false,
          "sameContents": true,
          "sameFrame": true,
          "detached": true,
          "sender": {
            "id": 1,
            "detached": true,
            "destroyed": false,
            "url": "file:///Users/friday/.hermes/profiles/friday/cache/scratch/T17-v6/tmp/T17-real-electron-ZA5Cje/.vite/build/offline.html?error=server",
            "processId": 5,
            "routingId": 1
          },
          "current": {
            "id": 1,
            "detached": true,
            "destroyed": false,
            "url": "file:///Users/friday/.hermes/profiles/friday/cache/scratch/T17-v6/tmp/T17-real-electron-ZA5Cje/.vite/build/offline.html?error=server",
            "processId": 5,
            "routingId": 1
          }
        },
        "native": false,
        "error": "caption-authorization-refused",
        "nativeEvents": []
      },
      {
        "action": "maximise",
        "document": "hosted-restored",
        "delivered": true,
        "tuple": {
          "fixture": 2,
          "action": "maximise",
          "document": "hosted-restored",
          "byIdSame": true,
          "byTokenSame": true,
          "byId": {
            "id": 2,
            "detached": true,
            "destroyed": false,
            "url": "http://127.0.0.1:49270/app?configured=1",
            "processId": 8,
            "routingId": 4
          },
          "byToken": {
            "id": 2,
            "detached": true,
            "destroyed": false,
            "url": "http://127.0.0.1:49270/app?configured=1",
            "processId": 8,
            "routingId": 4
          },
          "hosted": true,
          "offline": false,
          "self": false,
          "sameContents": true,
          "sameFrame": true,
          "detached": true,
          "sender": {
            "id": 2,
            "detached": true,
            "destroyed": false,
            "url": "http://127.0.0.1:49270/app?configured=1",
            "processId": 8,
            "routingId": 4
          },
          "current": {
            "id": 2,
            "detached": true,
            "destroyed": false,
            "url": "http://127.0.0.1:49270/app?configured=1",
            "processId": 8,
            "routingId": 4
          }
        },
        "native": true,
        "error": null,
        "nativeEvents": [
          "maximize"
        ]
      },
      {
        "action": "maximise",
        "document": "hosted-restored",
        "delivered": true,
        "tuple": {
          "fixture": 2,
          "action": "maximise",
          "document": "hosted-restored",
          "byIdSame": true,
          "byTokenSame": true,
          "byId": {
            "id": 2,
            "detached": true,
            "destroyed": false,
            "url": "http://127.0.0.1:49270/app?configured=1",
            "processId": 8,
            "routingId": 4
          },
          "byToken": {
            "id": 2,
            "detached": true,
            "destroyed": false,
            "url": "http://127.0.0.1:49270/app?configured=1",
            "processId": 8,
            "routingId": 4
          },
          "hosted": true,
          "offline": false,
          "self": false,
          "sameContents": true,
          "sameFrame": true,
          "detached": true,
          "sender": {
            "id": 2,
            "detached": true,
            "destroyed": false,
            "url": "http://127.0.0.1:49270/app?configured=1",
            "processId": 8,
            "routingId": 4
          },
          "current": {
            "id": 2,
            "detached": true,
            "destroyed": false,
            "url": "http://127.0.0.1:49270/app?configured=1",
            "processId": 8,
            "routingId": 4
          }
        },
        "native": true,
        "error": null,
        "nativeEvents": [
          "unmaximize"
        ]
      },
      {
        "action": "minimise",
        "document": "hosted-restored",
        "delivered": true,
        "tuple": {
          "fixture": 2,
          "action": "minimise",
          "document": "hosted-restored",
          "byIdSame": true,
          "byTokenSame": true,
          "byId": {
            "id": 2,
            "detached": true,
            "destroyed": false,
            "url": "http://127.0.0.1:49270/app?configured=1",
            "processId": 8,
            "routingId": 4
          },
          "byToken": {
            "id": 2,
            "detached": true,
            "destroyed": false,
            "url": "http://127.0.0.1:49270/app?configured=1",
            "processId": 8,
            "routingId": 4
          },
          "hosted": true,
          "offline": false,
          "self": false,
          "sameContents": true,
          "sameFrame": true,
          "detached": true,
          "sender": {
            "id": 2,
            "detached": true,
            "destroyed": false,
            "url": "http://127.0.0.1:49270/app?configured=1",
            "processId": 8,
            "routingId": 4
          },
          "current": {
            "id": 2,
            "detached": true,
            "destroyed": false,
            "url": "http://127.0.0.1:49270/app?configured=1",
            "processId": 8,
            "routingId": 4
          }
        },
        "native": true,
        "error": null,
        "nativeEvents": [
          "minimize"
        ]
      },
      {
        "action": "close",
        "document": "hosted-restored",
        "delivered": true,
        "tuple": {
          "fixture": 2,
          "action": "close",
          "document": "hosted-restored",
          "byIdSame": true,
          "byTokenSame": true,
          "byId": {
            "id": 2,
            "detached": true,
            "destroyed": false,
            "url": "http://127.0.0.1:49270/app?configured=1",
            "processId": 8,
            "routingId": 4
          },
          "byToken": {
            "id": 2,
            "detached": true,
            "destroyed": false,
            "url": "http://127.0.0.1:49270/app?configured=1",
            "processId": 8,
            "routingId": 4
          },
          "hosted": true,
          "offline": false,
          "self": false,
          "sameContents": true,
          "sameFrame": true,
          "detached": true,
          "sender": {
            "id": 2,
            "detached": true,
            "destroyed": false,
            "url": "http://127.0.0.1:49270/app?configured=1",
            "processId": 8,
            "routingId": 4
          },
          "current": {
            "id": 2,
            "detached": true,
            "destroyed": false,
            "url": "http://127.0.0.1:49270/app?configured=1",
            "processId": 8,
            "routingId": 4
          }
        },
        "native": true,
        "error": null,
        "nativeEvents": [
          "close",
          "closed"
        ]
      }
    ],
    "characterization": {
      "manualRetry": {
        "worked": false,
        "elapsed": 1150,
        "hitsBefore": 2,
        "hitsAfter": 2,
        "requests": [],
        "automaticRetryPaused": true,
        "intents": [
          {
            "action": "Retry",
            "destination": "file:///Users/friday/.hermes/profiles/friday/cache/scratch/T17-v6/tmp/T17-real-electron-ZA5Cje/.vite/build/offline.html?error=server&retry=1",
            "defaultPrevented": true,
            "hosted": false,
            "offline": false,
            "self": false,
            "sameContents": true,
            "sameFrame": true,
            "eventFrameSame": true,
            "isMainFrame": true,
            "detached": true,
            "current": {
              "id": 2,
              "detached": true,
              "destroyed": false,
              "url": "file:///Users/friday/.hermes/profiles/friday/cache/scratch/T17-v6/tmp/T17-real-electron-ZA5Cje/.vite/build/offline.html?error=server",
              "processId": 7,
              "routingId": 1
            }
          }
        ]
      },
      "hostedRestoration": {
        "mechanism": "automatic retry after show",
        "url": "http://127.0.0.1:49270/app?configured=1",
        "frame": {
          "id": 2,
          "detached": true,
          "destroyed": false,
          "url": "http://127.0.0.1:49270/app?configured=1",
          "processId": 8,
          "routingId": 4
        }
      },
      "hostedCaptionsAuthorized": true,
      "stopBeforeReadyUpdate": false
    },
    "retryIntents": [
      {
        "action": "Retry",
        "destination": "file:///Users/friday/.hermes/profiles/friday/cache/scratch/T17-v6/tmp/T17-real-electron-ZA5Cje/.vite/build/offline.html?error=server&retry=1",
        "defaultPrevented": true,
        "hosted": false,
        "offline": false,
        "self": false,
        "sameContents": true,
        "sameFrame": true,
        "eventFrameSame": true,
        "isMainFrame": true,
        "detached": true,
        "current": {
          "id": 2,
          "detached": true,
          "destroyed": false,
          "url": "file:///Users/friday/.hermes/profiles/friday/cache/scratch/T17-v6/tmp/T17-real-electron-ZA5Cje/.vite/build/offline.html?error=server",
          "processId": 7,
          "routingId": 1
        }
      }
    ],
    "frameStates": [
      {
        "event": "did-start-navigation",
        "fixture": 1,
        "frame": {
          "id": 1,
          "detached": false,
          "destroyed": false,
          "url": "",
          "processId": 4,
          "routingId": 1
        }
      },
      {
        "event": "did-navigate",
        "fixture": 1,
        "frame": {
          "id": 1,
          "detached": false,
          "destroyed": false,
          "url": "http://127.0.0.1:49270/app?configured=1",
          "processId": 4,
          "routingId": 1
        }
      },
      {
        "event": "dom-ready",
        "fixture": 1,
        "frame": {
          "id": 1,
          "detached": false,
          "destroyed": false,
          "url": "http://127.0.0.1:49270/app?configured=1",
          "processId": 4,
          "routingId": 1
        }
      },
      {
        "event": "did-finish-load",
        "fixture": 1,
        "frame": {
          "id": 1,
          "detached": false,
          "destroyed": false,
          "url": "http://127.0.0.1:49270/app?configured=1",
          "processId": 4,
          "routingId": 1
        }
      },
      {
        "event": "did-start-navigation",
        "fixture": 1,
        "frame": {
          "id": 1,
          "detached": true,
          "destroyed": false,
          "url": "",
          "processId": 5,
          "routingId": 1
        }
      },
      {
        "event": "render-process-gone",
        "fixture": 1,
        "frame": {
          "id": 1,
          "detached": true,
          "destroyed": false,
          "url": "",
          "processId": 5,
          "routingId": 1
        }
      },
      {
        "event": "did-navigate",
        "fixture": 1,
        "frame": {
          "id": 1,
          "detached": true,
          "destroyed": false,
          "url": "file:///Users/friday/.hermes/profiles/friday/cache/scratch/T17-v6/tmp/T17-real-electron-ZA5Cje/.vite/build/offline.html?error=server",
          "processId": 5,
          "routingId": 1
        }
      },
      {
        "event": "dom-ready",
        "fixture": 1,
        "frame": {
          "id": 1,
          "detached": true,
          "destroyed": false,
          "url": "file:///Users/friday/.hermes/profiles/friday/cache/scratch/T17-v6/tmp/T17-real-electron-ZA5Cje/.vite/build/offline.html?error=server",
          "processId": 5,
          "routingId": 1
        }
      },
      {
        "event": "did-finish-load",
        "fixture": 1,
        "frame": {
          "id": 1,
          "detached": true,
          "destroyed": false,
          "url": "file:///Users/friday/.hermes/profiles/friday/cache/scratch/T17-v6/tmp/T17-real-electron-ZA5Cje/.vite/build/offline.html?error=server",
          "processId": 5,
          "routingId": 1
        }
      },
      {
        "event": "did-start-navigation",
        "fixture": 2,
        "frame": {
          "id": 2,
          "detached": false,
          "destroyed": false,
          "url": "",
          "processId": 6,
          "routingId": 1
        }
      },
      {
        "event": "did-navigate",
        "fixture": 2,
        "frame": {
          "id": 2,
          "detached": false,
          "destroyed": false,
          "url": "http://127.0.0.1:49270/app?configured=1",
          "processId": 6,
          "routingId": 1
        }
      },
      {
        "event": "dom-ready",
        "fixture": 2,
        "frame": {
          "id": 2,
          "detached": false,
          "destroyed": false,
          "url": "http://127.0.0.1:49270/app?configured=1",
          "processId": 6,
          "routingId": 1
        }
      },
      {
        "event": "did-finish-load",
        "fixture": 2,
        "frame": {
          "id": 2,
          "detached": false,
          "destroyed": false,
          "url": "http://127.0.0.1:49270/app?configured=1",
          "processId": 6,
          "routingId": 1
        }
      },
      {
        "event": "did-start-navigation",
        "fixture": 2,
        "frame": {
          "id": 2,
          "detached": true,
          "destroyed": false,
          "url": "",
          "processId": 7,
          "routingId": 1
        }
      },
      {
        "event": "render-process-gone",
        "fixture": 2,
        "frame": {
          "id": 2,
          "detached": true,
          "destroyed": false,
          "url": "",
          "processId": 7,
          "routingId": 1
        }
      },
      {
        "event": "did-navigate",
        "fixture": 2,
        "frame": {
          "id": 2,
          "detached": true,
          "destroyed": false,
          "url": "file:///Users/friday/.hermes/profiles/friday/cache/scratch/T17-v6/tmp/T17-real-electron-ZA5Cje/.vite/build/offline.html?error=server",
          "processId": 7,
          "routingId": 1
        }
      },
      {
        "event": "dom-ready",
        "fixture": 2,
        "frame": {
          "id": 2,
          "detached": true,
          "destroyed": false,
          "url": "file:///Users/friday/.hermes/profiles/friday/cache/scratch/T17-v6/tmp/T17-real-electron-ZA5Cje/.vite/build/offline.html?error=server",
          "processId": 7,
          "routingId": 1
        }
      },
      {
        "event": "did-finish-load",
        "fixture": 2,
        "frame": {
          "id": 2,
          "detached": true,
          "destroyed": false,
          "url": "file:///Users/friday/.hermes/profiles/friday/cache/scratch/T17-v6/tmp/T17-real-electron-ZA5Cje/.vite/build/offline.html?error=server",
          "processId": 7,
          "routingId": 1
        }
      },
      {
        "event": "did-start-navigation",
        "fixture": 2,
        "frame": {
          "id": 2,
          "detached": true,
          "destroyed": false,
          "url": "file:///Users/friday/.hermes/profiles/friday/cache/scratch/T17-v6/tmp/T17-real-electron-ZA5Cje/.vite/build/offline.html?error=server",
          "processId": 7,
          "routingId": 1
        }
      },
      {
        "event": "did-start-navigation",
        "fixture": 2,
        "frame": {
          "id": 2,
          "detached": true,
          "destroyed": false,
          "url": "file:///Users/friday/.hermes/profiles/friday/cache/scratch/T17-v6/tmp/T17-real-electron-ZA5Cje/.vite/build/offline.html?error=server",
          "processId": 7,
          "routingId": 1
        }
      },
      {
        "event": "did-navigate",
        "fixture": 2,
        "frame": {
          "id": 2,
          "detached": true,
          "destroyed": false,
          "url": "http://127.0.0.1:49270/app?configured=1",
          "processId": 8,
          "routingId": 4
        }
      },
      {
        "event": "dom-ready",
        "fixture": 2,
        "frame": {
          "id": 2,
          "detached": true,
          "destroyed": false,
          "url": "http://127.0.0.1:49270/app?configured=1",
          "processId": 8,
          "routingId": 4
        }
      },
      {
        "event": "did-finish-load",
        "fixture": 2,
        "frame": {
          "id": 2,
          "detached": true,
          "destroyed": false,
          "url": "http://127.0.0.1:49270/app?configured=1",
          "processId": 8,
          "routingId": 4
        }
      }
    ],
    "electron": "38.1.2",
    "modules": "139",
    "host": "darwin",
    "presentation": "darwin",
    "finalPage": {
      "title": "Recovered",
      "heading": "Recovered without restart",
      "platform": "darwin",
      "width": 900,
      "height": 600,
      "scrollWidth": 900,
      "bodyWidth": 884,
      "background": "rgba(0, 0, 0, 0)",
      "controls": [
        {
          "id": "maximise",
          "width": 72.2890625,
          "height": 21.5
        },
        {
          "id": "minimise",
          "width": 68.5859375,
          "height": 21.5
        },
        {
          "id": "close",
          "width": 50.0859375,
          "height": 21.5
        }
      ]
    },
    "hits": 3,
    "captions": {
      "minimise": 2,
      "maximise": 4,
      "close": 2
    },
    "events": [
      "renderer:killed",
      "closed",
      "renderer:killed",
      "maximize",
      "unmaximize",
      "minimize",
      "restore",
      "close",
      "closed"
    ],
    "requests": [
      "http://127.0.0.1:49270/app?configured=1",
      "file:///Users/friday/.hermes/profiles/friday/cache/scratch/T17-v6/tmp/T17-real-electron-ZA5Cje/.vite/build/offline.html?error=server",
      "http://127.0.0.1:49270/app?configured=1",
      "file:///Users/friday/.hermes/profiles/friday/cache/scratch/T17-v6/tmp/T17-real-electron-ZA5Cje/.vite/build/offline.html?error=server",
      "http://127.0.0.1:49270/app?configured=1"
    ],
    "consoleMessages": [],
    "failures": [],
    "emittedBytes": 4933,
    "emittedFile": "/Users/friday/.hermes/profiles/friday/cache/scratch/T17-v6/tmp/T17-real-electron-ZA5Cje/.vite/build/offline.html",
    "scope": "Isolated Electron harness only. Windows presentation simulated on macOS; not installed Windows/Linux runtime acceptance."
  }
}
AUTHORIZATION {"scenario":"crash-native-os","mode":"darwin","fixture":1,"action":"maximise","document":"offline","byIdSame":true,"byTokenSame":true,"byId":{"id":1,"detached":true,"destroyed":false,"url":"file:///Users/friday/.hermes/profiles/friday/cache/scratch/T17-v6/tmp/T17-real-electron-ZA5Cje/.vite/build/offline.html?error=server","processId":5,"routingId":1},"byToken":{"id":1,"detached":true,"destroyed":false,"url":"file:///Users/friday/.hermes/profiles/friday/cache/scratch/T17-v6/tmp/T17-real-electron-ZA5Cje/.vite/build/offline.html?error=server","processId":5,"routingId":1},"hosted":false,"offline":false,"self":false,"sameContents":true,"sameFrame":true,"detached":true,"sender":{"id":1,"detached":true,"destroyed":false,"url":"file:///Users/friday/.hermes/profiles/friday/cache/scratch/T17-v6/tmp/T17-real-electron-ZA5Cje/.vite/build/offline.html?error=server","processId":5,"routingId":1},"current":{"id":1,"detached":true,"destroyed":false,"url":"file:///Users/friday/.hermes/profiles/friday/cache/scratch/T17-v6/tmp/T17-real-electron-ZA5Cje/.vite/build/offline.html?error=server","processId":5,"routingId":1}}
AUTHORIZATION {"scenario":"crash-native-os","mode":"darwin","fixture":1,"action":"maximise","document":"offline","byIdSame":true,"byTokenSame":true,"byId":{"id":1,"detached":true,"destroyed":false,"url":"file:///Users/friday/.hermes/profiles/friday/cache/scratch/T17-v6/tmp/T17-real-electron-ZA5Cje/.vite/build/offline.html?error=server","processId":5,"routingId":1},"byToken":{"id":1,"detached":true,"destroyed":false,"url":"file:///Users/friday/.hermes/profiles/friday/cache/scratch/T17-v6/tmp/T17-real-electron-ZA5Cje/.vite/build/offline.html?error=server","processId":5,"routingId":1},"hosted":false,"offline":false,"self":false,"sameContents":true,"sameFrame":true,"detached":true,"sender":{"id":1,"detached":true,"destroyed":false,"url":"file:///Users/friday/.hermes/profiles/friday/cache/scratch/T17-v6/tmp/T17-real-electron-ZA5Cje/.vite/build/offline.html?error=server","processId":5,"routingId":1},"current":{"id":1,"detached":true,"destroyed":false,"url":"file:///Users/friday/.hermes/profiles/friday/cache/scratch/T17-v6/tmp/T17-real-electron-ZA5Cje/.vite/build/offline.html?error=server","processId":5,"routingId":1}}
AUTHORIZATION {"scenario":"crash-native-os","mode":"darwin","fixture":1,"action":"minimise","document":"offline","byIdSame":true,"byTokenSame":true,"byId":{"id":1,"detached":true,"destroyed":false,"url":"file:///Users/friday/.hermes/profiles/friday/cache/scratch/T17-v6/tmp/T17-real-electron-ZA5Cje/.vite/build/offline.html?error=server","processId":5,"routingId":1},"byToken":{"id":1,"detached":true,"destroyed":false,"url":"file:///Users/friday/.hermes/profiles/friday/cache/scratch/T17-v6/tmp/T17-real-electron-ZA5Cje/.vite/build/offline.html?error=server","processId":5,"routingId":1},"hosted":false,"offline":false,"self":false,"sameContents":true,"sameFrame":true,"detached":true,"sender":{"id":1,"detached":true,"destroyed":false,"url":"file:///Users/friday/.hermes/profiles/friday/cache/scratch/T17-v6/tmp/T17-real-electron-ZA5Cje/.vite/build/offline.html?error=server","processId":5,"routingId":1},"current":{"id":1,"detached":true,"destroyed":false,"url":"file:///Users/friday/.hermes/profiles/friday/cache/scratch/T17-v6/tmp/T17-real-electron-ZA5Cje/.vite/build/offline.html?error=server","processId":5,"routingId":1}}
AUTHORIZATION {"scenario":"crash-native-os","mode":"darwin","fixture":1,"action":"close","document":"offline","byIdSame":true,"byTokenSame":true,"byId":{"id":1,"detached":true,"destroyed":false,"url":"file:///Users/friday/.hermes/profiles/friday/cache/scratch/T17-v6/tmp/T17-real-electron-ZA5Cje/.vite/build/offline.html?error=server","processId":5,"routingId":1},"byToken":{"id":1,"detached":true,"destroyed":false,"url":"file:///Users/friday/.hermes/profiles/friday/cache/scratch/T17-v6/tmp/T17-real-electron-ZA5Cje/.vite/build/offline.html?error=server","processId":5,"routingId":1},"hosted":false,"offline":false,"self":false,"sameContents":true,"sameFrame":true,"detached":true,"sender":{"id":1,"detached":true,"destroyed":false,"url":"file:///Users/friday/.hermes/profiles/friday/cache/scratch/T17-v6/tmp/T17-real-electron-ZA5Cje/.vite/build/offline.html?error=server","processId":5,"routingId":1},"current":{"id":1,"detached":true,"destroyed":false,"url":"file:///Users/friday/.hermes/profiles/friday/cache/scratch/T17-v6/tmp/T17-real-electron-ZA5Cje/.vite/build/offline.html?error=server","processId":5,"routingId":1}}
KNOWN-GAP {"result":"KNOWN-GAP","exit":0,"knownGaps":[{"name":"ELECTRON38-CRASH-OFFLINE-CAPTION-REFUSAL","action":"maximise","document":"offline","delivered":true,"tuple":{"fixture":1,"action":"maximise","document":"offline","byIdSame":true,"byTokenSame":true,"byId":{"id":1,"detached":true,"destroyed":false,"url":"file:///Users/friday/.hermes/profiles/friday/cache/scratch/T17-v6/tmp/T17-real-electron-ZA5Cje/.vite/build/offline.html?error=server","processId":5,"routingId":1},"byToken":{"id":1,"detached":true,"destroyed":false,"url":"file:///Users/friday/.hermes/profiles/friday/cache/scratch/T17-v6/tmp/T17-real-electron-ZA5Cje/.vite/build/offline.html?error=server","processId":5,"routingId":1},"hosted":false,"offline":false,"self":false,"sameContents":true,"sameFrame":true,"detached":true,"sender":{"id":1,"detached":true,"destroyed":false,"url":"file:///Users/friday/.hermes/profiles/friday/cache/scratch/T17-v6/tmp/T17-real-electron-ZA5Cje/.vite/build/offline.html?error=server","processId":5,"routingId":1},"current":{"id":1,"detached":true,"destroyed":false,"url":"file:///Users/friday/.hermes/profiles/friday/cache/scratch/T17-v6/tmp/T17-real-electron-ZA5Cje/.vite/build/offline.html?error=server","processId":5,"routingId":1}},"native":false,"error":"caption-authorization-refused","nativeEvents":[]},{"name":"ELECTRON38-CRASH-OFFLINE-CAPTION-REFUSAL","action":"maximise","document":"offline","delivered":true,"tuple":{"fixture":1,"action":"maximise","document":"offline","byIdSame":true,"byTokenSame":true,"byId":{"id":1,"detached":true,"destroyed":false,"url":"file:///Users/friday/.hermes/profiles/friday/cache/scratch/T17-v6/tmp/T17-real-electron-ZA5Cje/.vite/build/offline.html?error=server","processId":5,"routingId":1},"byToken":{"id":1,"detached":true,"destroyed":false,"url":"file:///Users/friday/.hermes/profiles/friday/cache/scratch/T17-v6/tmp/T17-real-electron-ZA5Cje/.vite/build/offline.html?error=server","processId":5,"routingId":1},"hosted":false,"offline":false,"self":false,"sameContents":true,"sameFrame":true,"detached":true,"sender":{"id":1,"detached":true,"destroyed":false,"url":"file:///Users/friday/.hermes/profiles/friday/cache/scratch/T17-v6/tmp/T17-real-electron-ZA5Cje/.vite/build/offline.html?error=server","processId":5,"routingId":1},"current":{"id":1,"detached":true,"destroyed":false,"url":"file:///Users/friday/.hermes/profiles/friday/cache/scratch/T17-v6/tmp/T17-real-electron-ZA5Cje/.vite/build/offline.html?error=server","processId":5,"routingId":1}},"native":false,"error":"caption-authorization-refused","nativeEvents":[]},{"name":"ELECTRON38-CRASH-OFFLINE-CAPTION-REFUSAL","action":"minimise","document":"offline","delivered":true,"tuple":{"fixture":1,"action":"minimise","document":"offline","byIdSame":true,"byTokenSame":true,"byId":{"id":1,"detached":true,"destroyed":false,"url":"file:///Users/friday/.hermes/profiles/friday/cache/scratch/T17-v6/tmp/T17-real-electron-ZA5Cje/.vite/build/offline.html?error=server","processId":5,"routingId":1},"byToken":{"id":1,"detached":true,"destroyed":false,"url":"file:///Users/friday/.hermes/profiles/friday/cache/scratch/T17-v6/tmp/T17-real-electron-ZA5Cje/.vite/build/offline.html?error=server","processId":5,"routingId":1},"hosted":false,"offline":false,"self":false,"sameContents":true,"sameFrame":true,"detached":true,"sender":{"id":1,"detached":true,"destroyed":false,"url":"file:///Users/friday/.hermes/profiles/friday/cache/scratch/T17-v6/tmp/T17-real-electron-ZA5Cje/.vite/build/offline.html?error=server","processId":5,"routingId":1},"current":{"id":1,"detached":true,"destroyed":false,"url":"file:///Users/friday/.hermes/profiles/friday/cache/scratch/T17-v6/tmp/T17-real-electron-ZA5Cje/.vite/build/offline.html?error=server","processId":5,"routingId":1}},"native":false,"error":"caption-authorization-refused","nativeEvents":[]},{"name":"ELECTRON38-CRASH-OFFLINE-CAPTION-REFUSAL","action":"close","document":"offline","delivered":true,"tuple":{"fixture":1,"action":"close","document":"offline","byIdSame":true,"byTokenSame":true,"byId":{"id":1,"detached":true,"destroyed":false,"url":"file:///Users/friday/.hermes/profiles/friday/cache/scratch/T17-v6/tmp/T17-real-electron-ZA5Cje/.vite/build/offline.html?error=server","processId":5,"routingId":1},"byToken":{"id":1,"detached":true,"destroyed":false,"url":"file:///Users/friday/.hermes/profiles/friday/cache/scratch/T17-v6/tmp/T17-real-electron-ZA5Cje/.vite/build/offline.html?error=server","processId":5,"routingId":1},"hosted":false,"offline":false,"self":false,"sameContents":true,"sameFrame":true,"detached":true,"sender":{"id":1,"detached":true,"destroyed":false,"url":"file:///Users/friday/.hermes/profiles/friday/cache/scratch/T17-v6/tmp/T17-real-electron-ZA5Cje/.vite/build/offline.html?error=server","processId":5,"routingId":1},"current":{"id":1,"detached":true,"destroyed":false,"url":"file:///Users/friday/.hermes/profiles/friday/cache/scratch/T17-v6/tmp/T17-real-electron-ZA5Cje/.vite/build/offline.html?error=server","processId":5,"routingId":1}},"native":false,"error":"caption-authorization-refused","nativeEvents":[]}],"hardFailures":[]}


{
  "mode": "darwin",
  "scenario": "crash-native-os",
  "exit": 0,
  "emittedSHA256": "33aba3c676f65b56a45ffcc3dde2a16c75846636717ca280087940f00c0ed712",
  "receipt": {
    "passed": true,
    "result": "KNOWN-GAP",
    "exit": 0,
    "knownGaps": [
      {
        "name": "ELECTRON38-CRASH-OFFLINE-CAPTION-REFUSAL",
        "action": "maximise",
        "document": "offline",
        "delivered": true,
        "tuple": {
          "fixture": 1,
          "action": "maximise",
          "document": "offline",
          "byIdSame": true,
          "byTokenSame": true,
          "byId": {
            "id": 1,
            "detached": true,
            "destroyed": false,
            "url": "file:///Users/friday/.hermes/profiles/friday/cache/scratch/T17-v6/tmp/T17-real-electron-ZA5Cje/.vite/build/offline.html?error=server",
            "processId": 5,
            "routingId": 1
          },
          "byToken": {
            "id": 1,
            "detached": true,
            "destroyed": false,
            "url": "file:///Users/friday/.hermes/profiles/friday/cache/scratch/T17-v6/tmp/T17-real-electron-ZA5Cje/.vite/build/offline.html?error=server",
            "processId": 5,
            "routingId": 1
          },
          "hosted": false,
          "offline": false,
          "self": false,
          "sameContents": true,
          "sameFrame": true,
          "detached": true,
          "sender": {
            "id": 1,
            "detached": true,
            "destroyed": false,
            "url": "file:///Users/friday/.hermes/profiles/friday/cache/scratch/T17-v6/tmp/T17-real-electron-ZA5Cje/.vite/build/offline.html?error=server",
            "processId": 5,
            "routingId": 1
          },
          "current": {
            "id": 1,
            "detached": true,
            "destroyed": false,
            "url": "file:///Users/friday/.hermes/profiles/friday/cache/scratch/T17-v6/tmp/T17-real-electron-ZA5Cje/.vite/build/offline.html?error=server",
            "processId": 5,
            "routingId": 1
          }
        },
        "native": false,
        "error": "caption-authorization-refused",
        "nativeEvents": []
      },
      {
        "name": "ELECTRON38-CRASH-OFFLINE-CAPTION-REFUSAL",
        "action": "maximise",
        "document": "offline",
        "delivered": true,
        "tuple": {
          "fixture": 1,
          "action": "maximise",
          "document": "offline",
          "byIdSame": true,
          "byTokenSame": true,
          "byId": {
            "id": 1,
            "detached": true,
            "destroyed": false,
            "url": "file:///Users/friday/.hermes/profiles/friday/cache/scratch/T17-v6/tmp/T17-real-electron-ZA5Cje/.vite/build/offline.html?error=server",
            "processId": 5,
            "routingId": 1
          },
          "byToken": {
            "id": 1,
            "detached": true,
            "destroyed": false,
            "url": "file:///Users/friday/.hermes/profiles/friday/cache/scratch/T17-v6/tmp/T17-real-electron-ZA5Cje/.vite/build/offline.html?error=server",
            "processId": 5,
            "routingId": 1
          },
          "hosted": false,
          "offline": false,
          "self": false,
          "sameContents": true,
          "sameFrame": true,
          "detached": true,
          "sender": {
            "id": 1,
            "detached": true,
            "destroyed": false,
            "url": "file:///Users/friday/.hermes/profiles/friday/cache/scratch/T17-v6/tmp/T17-real-electron-ZA5Cje/.vite/build/offline.html?error=server",
            "processId": 5,
            "routingId": 1
          },
          "current": {
            "id": 1,
            "detached": true,
            "destroyed": false,
            "url": "file:///Users/friday/.hermes/profiles/friday/cache/scratch/T17-v6/tmp/T17-real-electron-ZA5Cje/.vite/build/offline.html?error=server",
            "processId": 5,
            "routingId": 1
          }
        },
        "native": false,
        "error": "caption-authorization-refused",
        "nativeEvents": []
      },
      {
        "name": "ELECTRON38-CRASH-OFFLINE-CAPTION-REFUSAL",
        "action": "minimise",
        "document": "offline",
        "delivered": true,
        "tuple": {
          "fixture": 1,
          "action": "minimise",
          "document": "offline",
          "byIdSame": true,
          "byTokenSame": true,
          "byId": {
            "id": 1,
            "detached": true,
            "destroyed": false,
            "url": "file:///Users/friday/.hermes/profiles/friday/cache/scratch/T17-v6/tmp/T17-real-electron-ZA5Cje/.vite/build/offline.html?error=server",
            "processId": 5,
            "routingId": 1
          },
          "byToken": {
            "id": 1,
            "detached": true,
            "destroyed": false,
            "url": "file:///Users/friday/.hermes/profiles/friday/cache/scratch/T17-v6/tmp/T17-real-electron-ZA5Cje/.vite/build/offline.html?error=server",
            "processId": 5,
            "routingId": 1
          },
          "hosted": false,
          "offline": false,
          "self": false,
          "sameContents": true,
          "sameFrame": true,
          "detached": true,
          "sender": {
            "id": 1,
            "detached": true,
            "destroyed": false,
            "url": "file:///Users/friday/.hermes/profiles/friday/cache/scratch/T17-v6/tmp/T17-real-electron-ZA5Cje/.vite/build/offline.html?error=server",
            "processId": 5,
            "routingId": 1
          },
          "current": {
            "id": 1,
            "detached": true,
            "destroyed": false,
            "url": "file:///Users/friday/.hermes/profiles/friday/cache/scratch/T17-v6/tmp/T17-real-electron-ZA5Cje/.vite/build/offline.html?error=server",
            "processId": 5,
            "routingId": 1
          }
        },
        "native": false,
        "error": "caption-authorization-refused",
        "nativeEvents": []
      },
      {
        "name": "ELECTRON38-CRASH-OFFLINE-CAPTION-REFUSAL",
        "action": "close",
        "document": "offline",
        "delivered": true,
        "tuple": {
          "fixture": 1,
          "action": "close",
          "document": "offline",
          "byIdSame": true,
          "byTokenSame": true,
          "byId": {
            "id": 1,
            "detached": true,
            "destroyed": false,
            "url": "file:///Users/friday/.hermes/profiles/friday/cache/scratch/T17-v6/tmp/T17-real-electron-ZA5Cje/.vite/build/offline.html?error=server",
            "processId": 5,
            "routingId": 1
          },
          "byToken": {
            "id": 1,
            "detached": true,
            "destroyed": false,
            "url": "file:///Users/friday/.hermes/profiles/friday/cache/scratch/T17-v6/tmp/T17-real-electron-ZA5Cje/.vite/build/offline.html?error=server",
            "processId": 5,
            "routingId": 1
          },
          "hosted": false,
          "offline": false,
          "self": false,
          "sameContents": true,
          "sameFrame": true,
          "detached": true,
          "sender": {
            "id": 1,
            "detached": true,
            "destroyed": false,
            "url": "file:///Users/friday/.hermes/profiles/friday/cache/scratch/T17-v6/tmp/T17-real-electron-ZA5Cje/.vite/build/offline.html?error=server",
            "processId": 5,
            "routingId": 1
          },
          "current": {
            "id": 1,
            "detached": true,
            "destroyed": false,
            "url": "file:///Users/friday/.hermes/profiles/friday/cache/scratch/T17-v6/tmp/T17-real-electron-ZA5Cje/.vite/build/offline.html?error=server",
            "processId": 5,
            "routingId": 1
          }
        },
        "native": false,
        "error": "caption-authorization-refused",
        "nativeEvents": []
      }
    ],
    "hardFailures": [],
    "scenario": "crash-native-os",
    "port": 49270,
    "fixtures": [
      {
        "id": 1,
        "contentsId": 1,
        "purpose": "offline-caption-lifetime",
        "closedByCaption": false
      },
      {
        "id": 2,
        "contentsId": 2,
        "purpose": "crash-native-os-independent-lifetime"
      }
    ],
    "authorization": [
      {
        "fixture": 1,
        "action": "maximise",
        "document": "offline",
        "byIdSame": true,
        "byTokenSame": true,
        "byId": {
          "id": 1,
          "detached": true,
          "destroyed": false,
          "url": "file:///Users/friday/.hermes/profiles/friday/cache/scratch/T17-v6/tmp/T17-real-electron-ZA5Cje/.vite/build/offline.html?error=server",
          "processId": 5,
          "routingId": 1
        },
        "byToken": {
          "id": 1,
          "detached": true,
          "destroyed": false,
          "url": "file:///Users/friday/.hermes/profiles/friday/cache/scratch/T17-v6/tmp/T17-real-electron-ZA5Cje/.vite/build/offline.html?error=server",
          "processId": 5,
          "routingId": 1
        },
        "hosted": false,
        "offline": false,
        "self": false,
        "sameContents": true,
        "sameFrame": true,
        "detached": true,
        "sender": {
          "id": 1,
          "detached": true,
          "destroyed": false,
          "url": "file:///Users/friday/.hermes/profiles/friday/cache/scratch/T17-v6/tmp/T17-real-electron-ZA5Cje/.vite/build/offline.html?error=server",
          "processId": 5,
          "routingId": 1
        },
        "current": {
          "id": 1,
          "detached": true,
          "destroyed": false,
          "url": "file:///Users/friday/.hermes/profiles/friday/cache/scratch/T17-v6/tmp/T17-real-electron-ZA5Cje/.vite/build/offline.html?error=server",
          "processId": 5,
          "routingId": 1
        }
      },
      {
        "fixture": 1,
        "action": "maximise",
        "document": "offline",
        "byIdSame": true,
        "byTokenSame": true,
        "byId": {
          "id": 1,
          "detached": true,
          "destroyed": false,
          "url": "file:///Users/friday/.hermes/profiles/friday/cache/scratch/T17-v6/tmp/T17-real-electron-ZA5Cje/.vite/build/offline.html?error=server",
          "processId": 5,
          "routingId": 1
        },
        "byToken": {
          "id": 1,
          "detached": true,
          "destroyed": false,
          "url": "file:///Users/friday/.hermes/profiles/friday/cache/scratch/T17-v6/tmp/T17-real-electron-ZA5Cje/.vite/build/offline.html?error=server",
          "processId": 5,
          "routingId": 1
        },
        "hosted": false,
        "offline": false,
        "self": false,
        "sameContents": true,
        "sameFrame": true,
        "detached": true,
        "sender": {
          "id": 1,
          "detached": true,
          "destroyed": false,
          "url": "file:///Users/friday/.hermes/profiles/friday/cache/scratch/T17-v6/tmp/T17-real-electron-ZA5Cje/.vite/build/offline.html?error=server",
          "processId": 5,
          "routingId": 1
        },
        "current": {
          "id": 1,
          "detached": true,
          "destroyed": false,
          "url": "file:///Users/friday/.hermes/profiles/friday/cache/scratch/T17-v6/tmp/T17-real-electron-ZA5Cje/.vite/build/offline.html?error=server",
          "processId": 5,
          "routingId": 1
        }
      },
      {
        "fixture": 1,
        "action": "minimise",
        "document": "offline",
        "byIdSame": true,
        "byTokenSame": true,
        "byId": {
          "id": 1,
          "detached": true,
          "destroyed": false,
          "url": "file:///Users/friday/.hermes/profiles/friday/cache/scratch/T17-v6/tmp/T17-real-electron-ZA5Cje/.vite/build/offline.html?error=server",
          "processId": 5,
          "routingId": 1
        },
        "byToken": {
          "id": 1,
          "detached": true,
          "destroyed": false,
          "url": "file:///Users/friday/.hermes/profiles/friday/cache/scratch/T17-v6/tmp/T17-real-electron-ZA5Cje/.vite/build/offline.html?error=server",
          "processId": 5,
          "routingId": 1
        },
        "hosted": false,
        "offline": false,
        "self": false,
        "sameContents": true,
        "sameFrame": true,
        "detached": true,
        "sender": {
          "id": 1,
          "detached": true,
          "destroyed": false,
          "url": "file:///Users/friday/.hermes/profiles/friday/cache/scratch/T17-v6/tmp/T17-real-electron-ZA5Cje/.vite/build/offline.html?error=server",
          "processId": 5,
          "routingId": 1
        },
        "current": {
          "id": 1,
          "detached": true,
          "destroyed": false,
          "url": "file:///Users/friday/.hermes/profiles/friday/cache/scratch/T17-v6/tmp/T17-real-electron-ZA5Cje/.vite/build/offline.html?error=server",
          "processId": 5,
          "routingId": 1
        }
      },
      {
        "fixture": 1,
        "action": "close",
        "document": "offline",
        "byIdSame": true,
        "byTokenSame": true,
        "byId": {
          "id": 1,
          "detached": true,
          "destroyed": false,
          "url": "file:///Users/friday/.hermes/profiles/friday/cache/scratch/T17-v6/tmp/T17-real-electron-ZA5Cje/.vite/build/offline.html?error=server",
          "processId": 5,
          "routingId": 1
        },
        "byToken": {
          "id": 1,
          "detached": true,
          "destroyed": false,
          "url": "file:///Users/friday/.hermes/profiles/friday/cache/scratch/T17-v6/tmp/T17-real-electron-ZA5Cje/.vite/build/offline.html?error=server",
          "processId": 5,
          "routingId": 1
        },
        "hosted": false,
        "offline": false,
        "self": false,
        "sameContents": true,
        "sameFrame": true,
        "detached": true,
        "sender": {
          "id": 1,
          "detached": true,
          "destroyed": false,
          "url": "file:///Users/friday/.hermes/profiles/friday/cache/scratch/T17-v6/tmp/T17-real-electron-ZA5Cje/.vite/build/offline.html?error=server",
          "processId": 5,
          "routingId": 1
        },
        "current": {
          "id": 1,
          "detached": true,
          "destroyed": false,
          "url": "file:///Users/friday/.hermes/profiles/friday/cache/scratch/T17-v6/tmp/T17-real-electron-ZA5Cje/.vite/build/offline.html?error=server",
          "processId": 5,
          "routingId": 1
        }
      }
    ],
    "captionActions": [
      {
        "action": "maximise",
        "document": "offline",
        "delivered": true,
        "tuple": {
          "fixture": 1,
          "action": "maximise",
          "document": "offline",
          "byIdSame": true,
          "byTokenSame": true,
          "byId": {
            "id": 1,
            "detached": true,
            "destroyed": false,
            "url": "file:///Users/friday/.hermes/profiles/friday/cache/scratch/T17-v6/tmp/T17-real-electron-ZA5Cje/.vite/build/offline.html?error=server",
            "processId": 5,
            "routingId": 1
          },
          "byToken": {
            "id": 1,
            "detached": true,
            "destroyed": false,
            "url": "file:///Users/friday/.hermes/profiles/friday/cache/scratch/T17-v6/tmp/T17-real-electron-ZA5Cje/.vite/build/offline.html?error=server",
            "processId": 5,
            "routingId": 1
          },
          "hosted": false,
          "offline": false,
          "self": false,
          "sameContents": true,
          "sameFrame": true,
          "detached": true,
          "sender": {
            "id": 1,
            "detached": true,
            "destroyed": false,
            "url": "file:///Users/friday/.hermes/profiles/friday/cache/scratch/T17-v6/tmp/T17-real-electron-ZA5Cje/.vite/build/offline.html?error=server",
            "processId": 5,
            "routingId": 1
          },
          "current": {
            "id": 1,
            "detached": true,
            "destroyed": false,
            "url": "file:///Users/friday/.hermes/profiles/friday/cache/scratch/T17-v6/tmp/T17-real-electron-ZA5Cje/.vite/build/offline.html?error=server",
            "processId": 5,
            "routingId": 1
          }
        },
        "native": false,
        "error": "caption-authorization-refused",
        "nativeEvents": []
      },
      {
        "action": "maximise",
        "document": "offline",
        "delivered": true,
        "tuple": {
          "fixture": 1,
          "action": "maximise",
          "document": "offline",
          "byIdSame": true,
          "byTokenSame": true,
          "byId": {
            "id": 1,
            "detached": true,
            "destroyed": false,
            "url": "file:///Users/friday/.hermes/profiles/friday/cache/scratch/T17-v6/tmp/T17-real-electron-ZA5Cje/.vite/build/offline.html?error=server",
            "processId": 5,
            "routingId": 1
          },
          "byToken": {
            "id": 1,
            "detached": true,
            "destroyed": false,
            "url": "file:///Users/friday/.hermes/profiles/friday/cache/scratch/T17-v6/tmp/T17-real-electron-ZA5Cje/.vite/build/offline.html?error=server",
            "processId": 5,
            "routingId": 1
          },
          "hosted": false,
          "offline": false,
          "self": false,
          "sameContents": true,
          "sameFrame": true,
          "detached": true,
          "sender": {
            "id": 1,
            "detached": true,
            "destroyed": false,
            "url": "file:///Users/friday/.hermes/profiles/friday/cache/scratch/T17-v6/tmp/T17-real-electron-ZA5Cje/.vite/build/offline.html?error=server",
            "processId": 5,
            "routingId": 1
          },
          "current": {
            "id": 1,
            "detached": true,
            "destroyed": false,
            "url": "file:///Users/friday/.hermes/profiles/friday/cache/scratch/T17-v6/tmp/T17-real-electron-ZA5Cje/.vite/build/offline.html?error=server",
            "processId": 5,
            "routingId": 1
          }
        },
        "native": false,
        "error": "caption-authorization-refused",
        "nativeEvents": []
      },
      {
        "action": "minimise",
        "document": "offline",
        "delivered": true,
        "tuple": {
          "fixture": 1,
          "action": "minimise",
          "document": "offline",
          "byIdSame": true,
          "byTokenSame": true,
          "byId": {
            "id": 1,
            "detached": true,
            "destroyed": false,
            "url": "file:///Users/friday/.hermes/profiles/friday/cache/scratch/T17-v6/tmp/T17-real-electron-ZA5Cje/.vite/build/offline.html?error=server",
            "processId": 5,
            "routingId": 1
          },
          "byToken": {
            "id": 1,
            "detached": true,
            "destroyed": false,
            "url": "file:///Users/friday/.hermes/profiles/friday/cache/scratch/T17-v6/tmp/T17-real-electron-ZA5Cje/.vite/build/offline.html?error=server",
            "processId": 5,
            "routingId": 1
          },
          "hosted": false,
          "offline": false,
          "self": false,
          "sameContents": true,
          "sameFrame": true,
          "detached": true,
          "sender": {
            "id": 1,
            "detached": true,
            "destroyed": false,
            "url": "file:///Users/friday/.hermes/profiles/friday/cache/scratch/T17-v6/tmp/T17-real-electron-ZA5Cje/.vite/build/offline.html?error=server",
            "processId": 5,
            "routingId": 1
          },
          "current": {
            "id": 1,
            "detached": true,
            "destroyed": false,
            "url": "file:///Users/friday/.hermes/profiles/friday/cache/scratch/T17-v6/tmp/T17-real-electron-ZA5Cje/.vite/build/offline.html?error=server",
            "processId": 5,
            "routingId": 1
          }
        },
        "native": false,
        "error": "caption-authorization-refused",
        "nativeEvents": []
      },
      {
        "action": "close",
        "document": "offline",
        "delivered": true,
        "tuple": {
          "fixture": 1,
          "action": "close",
          "document": "offline",
          "byIdSame": true,
          "byTokenSame": true,
          "byId": {
            "id": 1,
            "detached": true,
            "destroyed": false,
            "url": "file:///Users/friday/.hermes/profiles/friday/cache/scratch/T17-v6/tmp/T17-real-electron-ZA5Cje/.vite/build/offline.html?error=server",
            "processId": 5,
            "routingId": 1
          },
          "byToken": {
            "id": 1,
            "detached": true,
            "destroyed": false,
            "url": "file:///Users/friday/.hermes/profiles/friday/cache/scratch/T17-v6/tmp/T17-real-electron-ZA5Cje/.vite/build/offline.html?error=server",
            "processId": 5,
            "routingId": 1
          },
          "hosted": false,
          "offline": false,
          "self": false,
          "sameContents": true,
          "sameFrame": true,
          "detached": true,
          "sender": {
            "id": 1,
            "detached": true,
            "destroyed": false,
            "url": "file:///Users/friday/.hermes/profiles/friday/cache/scratch/T17-v6/tmp/T17-real-electron-ZA5Cje/.vite/build/offline.html?error=server",
            "processId": 5,
            "routingId": 1
          },
          "current": {
            "id": 1,
            "detached": true,
            "destroyed": false,
            "url": "file:///Users/friday/.hermes/profiles/friday/cache/scratch/T17-v6/tmp/T17-real-electron-ZA5Cje/.vite/build/offline.html?error=server",
            "processId": 5,
            "routingId": 1
          }
        },
        "native": false,
        "error": "caption-authorization-refused",
        "nativeEvents": []
      }
    ],
    "characterization": {
      "nativeOS": {
        "minimize": true,
        "restore": true,
        "close": true,
        "closed": true,
        "events": [
          "minimize",
          "restore",
          "close",
          "closed"
        ],
        "ipcUnchanged": true,
        "authorization": "not applicable: native main-process path, no renderer authority"
      }
    },
    "retryIntents": [],
    "frameStates": [
      {
        "event": "did-start-navigation",
        "fixture": 1,
        "frame": {
          "id": 1,
          "detached": false,
          "destroyed": false,
          "url": "",
          "processId": 4,
          "routingId": 1
        }
      },
      {
        "event": "did-navigate",
        "fixture": 1,
        "frame": {
          "id": 1,
          "detached": false,
          "destroyed": false,
          "url": "http://127.0.0.1:49270/app?configured=1",
          "processId": 4,
          "routingId": 1
        }
      },
      {
        "event": "dom-ready",
        "fixture": 1,
        "frame": {
          "id": 1,
          "detached": false,
          "destroyed": false,
          "url": "http://127.0.0.1:49270/app?configured=1",
          "processId": 4,
          "routingId": 1
        }
      },
      {
        "event": "did-finish-load",
        "fixture": 1,
        "frame": {
          "id": 1,
          "detached": false,
          "destroyed": false,
          "url": "http://127.0.0.1:49270/app?configured=1",
          "processId": 4,
          "routingId": 1
        }
      },
      {
        "event": "did-start-navigation",
        "fixture": 1,
        "frame": {
          "id": 1,
          "detached": true,
          "destroyed": false,
          "url": "",
          "processId": 5,
          "routingId": 1
        }
      },
      {
        "event": "render-process-gone",
        "fixture": 1,
        "frame": {
          "id": 1,
          "detached": true,
          "destroyed": false,
          "url": "",
          "processId": 5,
          "routingId": 1
        }
      },
      {
        "event": "did-navigate",
        "fixture": 1,
        "frame": {
          "id": 1,
          "detached": true,
          "destroyed": false,
          "url": "file:///Users/friday/.hermes/profiles/friday/cache/scratch/T17-v6/tmp/T17-real-electron-ZA5Cje/.vite/build/offline.html?error=server",
          "processId": 5,
          "routingId": 1
        }
      },
      {
        "event": "dom-ready",
        "fixture": 1,
        "frame": {
          "id": 1,
          "detached": true,
          "destroyed": false,
          "url": "file:///Users/friday/.hermes/profiles/friday/cache/scratch/T17-v6/tmp/T17-real-electron-ZA5Cje/.vite/build/offline.html?error=server",
          "processId": 5,
          "routingId": 1
        }
      },
      {
        "event": "did-finish-load",
        "fixture": 1,
        "frame": {
          "id": 1,
          "detached": true,
          "destroyed": false,
          "url": "file:///Users/friday/.hermes/profiles/friday/cache/scratch/T17-v6/tmp/T17-real-electron-ZA5Cje/.vite/build/offline.html?error=server",
          "processId": 5,
          "routingId": 1
        }
      },
      {
        "event": "did-start-navigation",
        "fixture": 2,
        "frame": {
          "id": 2,
          "detached": false,
          "destroyed": false,
          "url": "",
          "processId": 6,
          "routingId": 1
        }
      },
      {
        "event": "did-navigate",
        "fixture": 2,
        "frame": {
          "id": 2,
          "detached": false,
          "destroyed": false,
          "url": "http://127.0.0.1:49270/app?configured=1",
          "processId": 6,
          "routingId": 1
        }
      },
      {
        "event": "dom-ready",
        "fixture": 2,
        "frame": {
          "id": 2,
          "detached": false,
          "destroyed": false,
          "url": "http://127.0.0.1:49270/app?configured=1",
          "processId": 6,
          "routingId": 1
        }
      },
      {
        "event": "did-finish-load",
        "fixture": 2,
        "frame": {
          "id": 2,
          "detached": false,
          "destroyed": false,
          "url": "http://127.0.0.1:49270/app?configured=1",
          "processId": 6,
          "routingId": 1
        }
      },
      {
        "event": "did-start-navigation",
        "fixture": 2,
        "frame": {
          "id": 2,
          "detached": true,
          "destroyed": false,
          "url": "",
          "processId": 7,
          "routingId": 1
        }
      },
      {
        "event": "render-process-gone",
        "fixture": 2,
        "frame": {
          "id": 2,
          "detached": true,
          "destroyed": false,
          "url": "",
          "processId": 7,
          "routingId": 1
        }
      },
      {
        "event": "did-navigate",
        "fixture": 2,
        "frame": {
          "id": 2,
          "detached": true,
          "destroyed": false,
          "url": "file:///Users/friday/.hermes/profiles/friday/cache/scratch/T17-v6/tmp/T17-real-electron-ZA5Cje/.vite/build/offline.html?error=server",
          "processId": 7,
          "routingId": 1
        }
      },
      {
        "event": "dom-ready",
        "fixture": 2,
        "frame": {
          "id": 2,
          "detached": true,
          "destroyed": false,
          "url": "file:///Users/friday/.hermes/profiles/friday/cache/scratch/T17-v6/tmp/T17-real-electron-ZA5Cje/.vite/build/offline.html?error=server",
          "processId": 7,
          "routingId": 1
        }
      },
      {
        "event": "did-finish-load",
        "fixture": 2,
        "frame": {
          "id": 2,
          "detached": true,
          "destroyed": false,
          "url": "file:///Users/friday/.hermes/profiles/friday/cache/scratch/T17-v6/tmp/T17-real-electron-ZA5Cje/.vite/build/offline.html?error=server",
          "processId": 7,
          "routingId": 1
        }
      }
    ],
    "electron": "38.1.2",
    "modules": "139",
    "host": "darwin",
    "presentation": "darwin",
    "finalPage": {
      "title": "Mutiny — Connection interrupted",
      "error": "Server",
      "heading": "Connection interrupted",
      "captionsHidden": true,
      "platform": "darwin",
      "width": 900,
      "height": 600,
      "scrollWidth": 900,
      "bodyWidth": 900,
      "background": "rgb(35, 32, 47)",
      "controls": [
        {
          "id": "minimise",
          "width": 0,
          "height": 0
        },
        {
          "id": "maximise",
          "width": 0,
          "height": 0
        },
        {
          "id": "close",
          "width": 0,
          "height": 0
        },
        {
          "id": "retry",
          "width": 120,
          "height": 44
        }
      ]
    },
    "hits": 2,
    "captions": {
      "minimise": 1,
      "maximise": 2,
      "close": 1
    },
    "events": [
      "renderer:killed",
      "closed",
      "renderer:killed",
      "minimize",
      "restore",
      "close",
      "closed"
    ],
    "requests": [
      "http://127.0.0.1:49270/app?configured=1",
      "file:///Users/friday/.hermes/profiles/friday/cache/scratch/T17-v6/tmp/T17-real-electron-ZA5Cje/.vite/build/offline.html?error=server",
      "http://127.0.0.1:49270/app?configured=1",
      "file:///Users/friday/.hermes/profiles/friday/cache/scratch/T17-v6/tmp/T17-real-electron-ZA5Cje/.vite/build/offline.html?error=server"
    ],
    "consoleMessages": [],
    "failures": [],
    "emittedBytes": 4933,
    "emittedFile": "/Users/friday/.hermes/profiles/friday/cache/scratch/T17-v6/tmp/T17-real-electron-ZA5Cje/.vite/build/offline.html",
    "scope": "Isolated Electron harness only. Windows presentation simulated on macOS; not installed Windows/Linux runtime acceptance."
  }
}
AUTHORIZATION {"scenario":"crash-retry-hosted","mode":"win32","fixture":1,"action":"maximise","document":"offline","byIdSame":true,"byTokenSame":true,"byId":{"id":1,"detached":true,"destroyed":false,"url":"file:///Users/friday/.hermes/profiles/friday/cache/scratch/T17-v6/tmp/T17-real-electron-ZA5Cje/.vite/build/offline.html?error=server","processId":5,"routingId":1},"byToken":{"id":1,"detached":true,"destroyed":false,"url":"file:///Users/friday/.hermes/profiles/friday/cache/scratch/T17-v6/tmp/T17-real-electron-ZA5Cje/.vite/build/offline.html?error=server","processId":5,"routingId":1},"hosted":false,"offline":false,"self":false,"sameContents":true,"sameFrame":true,"detached":true,"sender":{"id":1,"detached":true,"destroyed":false,"url":"file:///Users/friday/.hermes/profiles/friday/cache/scratch/T17-v6/tmp/T17-real-electron-ZA5Cje/.vite/build/offline.html?error=server","processId":5,"routingId":1},"current":{"id":1,"detached":true,"destroyed":false,"url":"file:///Users/friday/.hermes/profiles/friday/cache/scratch/T17-v6/tmp/T17-real-electron-ZA5Cje/.vite/build/offline.html?error=server","processId":5,"routingId":1}}
AUTHORIZATION {"scenario":"crash-retry-hosted","mode":"win32","fixture":1,"action":"maximise","document":"offline","byIdSame":true,"byTokenSame":true,"byId":{"id":1,"detached":true,"destroyed":false,"url":"file:///Users/friday/.hermes/profiles/friday/cache/scratch/T17-v6/tmp/T17-real-electron-ZA5Cje/.vite/build/offline.html?error=server","processId":5,"routingId":1},"byToken":{"id":1,"detached":true,"destroyed":false,"url":"file:///Users/friday/.hermes/profiles/friday/cache/scratch/T17-v6/tmp/T17-real-electron-ZA5Cje/.vite/build/offline.html?error=server","processId":5,"routingId":1},"hosted":false,"offline":false,"self":false,"sameContents":true,"sameFrame":true,"detached":true,"sender":{"id":1,"detached":true,"destroyed":false,"url":"file:///Users/friday/.hermes/profiles/friday/cache/scratch/T17-v6/tmp/T17-real-electron-ZA5Cje/.vite/build/offline.html?error=server","processId":5,"routingId":1},"current":{"id":1,"detached":true,"destroyed":false,"url":"file:///Users/friday/.hermes/profiles/friday/cache/scratch/T17-v6/tmp/T17-real-electron-ZA5Cje/.vite/build/offline.html?error=server","processId":5,"routingId":1}}
AUTHORIZATION {"scenario":"crash-retry-hosted","mode":"win32","fixture":1,"action":"minimise","document":"offline","byIdSame":true,"byTokenSame":true,"byId":{"id":1,"detached":true,"destroyed":false,"url":"file:///Users/friday/.hermes/profiles/friday/cache/scratch/T17-v6/tmp/T17-real-electron-ZA5Cje/.vite/build/offline.html?error=server","processId":5,"routingId":1},"byToken":{"id":1,"detached":true,"destroyed":false,"url":"file:///Users/friday/.hermes/profiles/friday/cache/scratch/T17-v6/tmp/T17-real-electron-ZA5Cje/.vite/build/offline.html?error=server","processId":5,"routingId":1},"hosted":false,"offline":false,"self":false,"sameContents":true,"sameFrame":true,"detached":true,"sender":{"id":1,"detached":true,"destroyed":false,"url":"file:///Users/friday/.hermes/profiles/friday/cache/scratch/T17-v6/tmp/T17-real-electron-ZA5Cje/.vite/build/offline.html?error=server","processId":5,"routingId":1},"current":{"id":1,"detached":true,"destroyed":false,"url":"file:///Users/friday/.hermes/profiles/friday/cache/scratch/T17-v6/tmp/T17-real-electron-ZA5Cje/.vite/build/offline.html?error=server","processId":5,"routingId":1}}
AUTHORIZATION {"scenario":"crash-retry-hosted","mode":"win32","fixture":1,"action":"close","document":"offline","byIdSame":true,"byTokenSame":true,"byId":{"id":1,"detached":true,"destroyed":false,"url":"file:///Users/friday/.hermes/profiles/friday/cache/scratch/T17-v6/tmp/T17-real-electron-ZA5Cje/.vite/build/offline.html?error=server","processId":5,"routingId":1},"byToken":{"id":1,"detached":true,"destroyed":false,"url":"file:///Users/friday/.hermes/profiles/friday/cache/scratch/T17-v6/tmp/T17-real-electron-ZA5Cje/.vite/build/offline.html?error=server","processId":5,"routingId":1},"hosted":false,"offline":false,"self":false,"sameContents":true,"sameFrame":true,"detached":true,"sender":{"id":1,"detached":true,"destroyed":false,"url":"file:///Users/friday/.hermes/profiles/friday/cache/scratch/T17-v6/tmp/T17-real-electron-ZA5Cje/.vite/build/offline.html?error=server","processId":5,"routingId":1},"current":{"id":1,"detached":true,"destroyed":false,"url":"file:///Users/friday/.hermes/profiles/friday/cache/scratch/T17-v6/tmp/T17-real-electron-ZA5Cje/.vite/build/offline.html?error=server","processId":5,"routingId":1}}
AUTHORIZATION {"scenario":"crash-retry-hosted","mode":"win32","fixture":2,"action":"maximise","document":"hosted-restored","byIdSame":true,"byTokenSame":true,"byId":{"id":2,"detached":true,"destroyed":false,"url":"http://127.0.0.1:49270/app?configured=1","processId":8,"routingId":4},"byToken":{"id":2,"detached":true,"destroyed":false,"url":"http://127.0.0.1:49270/app?configured=1","processId":8,"routingId":4},"hosted":true,"offline":false,"self":false,"sameContents":true,"sameFrame":true,"detached":true,"sender":{"id":2,"detached":true,"destroyed":false,"url":"http://127.0.0.1:49270/app?configured=1","processId":8,"routingId":4},"current":{"id":2,"detached":true,"destroyed":false,"url":"http://127.0.0.1:49270/app?configured=1","processId":8,"routingId":4}}
AUTHORIZATION {"scenario":"crash-retry-hosted","mode":"win32","fixture":2,"action":"maximise","document":"hosted-restored","byIdSame":true,"byTokenSame":true,"byId":{"id":2,"detached":true,"destroyed":false,"url":"http://127.0.0.1:49270/app?configured=1","processId":8,"routingId":4},"byToken":{"id":2,"detached":true,"destroyed":false,"url":"http://127.0.0.1:49270/app?configured=1","processId":8,"routingId":4},"hosted":true,"offline":false,"self":false,"sameContents":true,"sameFrame":true,"detached":true,"sender":{"id":2,"detached":true,"destroyed":false,"url":"http://127.0.0.1:49270/app?configured=1","processId":8,"routingId":4},"current":{"id":2,"detached":true,"destroyed":false,"url":"http://127.0.0.1:49270/app?configured=1","processId":8,"routingId":4}}
AUTHORIZATION {"scenario":"crash-retry-hosted","mode":"win32","fixture":2,"action":"minimise","document":"hosted-restored","byIdSame":true,"byTokenSame":true,"byId":{"id":2,"detached":true,"destroyed":false,"url":"http://127.0.0.1:49270/app?configured=1","processId":8,"routingId":4},"byToken":{"id":2,"detached":true,"destroyed":false,"url":"http://127.0.0.1:49270/app?configured=1","processId":8,"routingId":4},"hosted":true,"offline":false,"self":false,"sameContents":true,"sameFrame":true,"detached":true,"sender":{"id":2,"detached":true,"destroyed":false,"url":"http://127.0.0.1:49270/app?configured=1","processId":8,"routingId":4},"current":{"id":2,"detached":true,"destroyed":false,"url":"http://127.0.0.1:49270/app?configured=1","processId":8,"routingId":4}}
AUTHORIZATION {"scenario":"crash-retry-hosted","mode":"win32","fixture":2,"action":"close","document":"hosted-restored","byIdSame":true,"byTokenSame":true,"byId":{"id":2,"detached":true,"destroyed":false,"url":"http://127.0.0.1:49270/app?configured=1","processId":8,"routingId":4},"byToken":{"id":2,"detached":true,"destroyed":false,"url":"http://127.0.0.1:49270/app?configured=1","processId":8,"routingId":4},"hosted":true,"offline":false,"self":false,"sameContents":true,"sameFrame":true,"detached":true,"sender":{"id":2,"detached":true,"destroyed":false,"url":"http://127.0.0.1:49270/app?configured=1","processId":8,"routingId":4},"current":{"id":2,"detached":true,"destroyed":false,"url":"http://127.0.0.1:49270/app?configured=1","processId":8,"routingId":4}}
FAIL {"result":"FAIL","exit":1,"knownGaps":[{"name":"ELECTRON38-CRASH-OFFLINE-CAPTION-REFUSAL","action":"maximise","document":"offline","delivered":true,"tuple":{"fixture":1,"action":"maximise","document":"offline","byIdSame":true,"byTokenSame":true,"byId":{"id":1,"detached":true,"destroyed":false,"url":"file:///Users/friday/.hermes/profiles/friday/cache/scratch/T17-v6/tmp/T17-real-electron-ZA5Cje/.vite/build/offline.html?error=server","processId":5,"routingId":1},"byToken":{"id":1,"detached":true,"destroyed":false,"url":"file:///Users/friday/.hermes/profiles/friday/cache/scratch/T17-v6/tmp/T17-real-electron-ZA5Cje/.vite/build/offline.html?error=server","processId":5,"routingId":1},"hosted":false,"offline":false,"self":false,"sameContents":true,"sameFrame":true,"detached":true,"sender":{"id":1,"detached":true,"destroyed":false,"url":"file:///Users/friday/.hermes/profiles/friday/cache/scratch/T17-v6/tmp/T17-real-electron-ZA5Cje/.vite/build/offline.html?error=server","processId":5,"routingId":1},"current":{"id":1,"detached":true,"destroyed":false,"url":"file:///Users/friday/.hermes/profiles/friday/cache/scratch/T17-v6/tmp/T17-real-electron-ZA5Cje/.vite/build/offline.html?error=server","processId":5,"routingId":1}},"native":false,"error":"caption-authorization-refused","nativeEvents":[]},{"name":"ELECTRON38-CRASH-OFFLINE-CAPTION-REFUSAL","action":"maximise","document":"offline","delivered":true,"tuple":{"fixture":1,"action":"maximise","document":"offline","byIdSame":true,"byTokenSame":true,"byId":{"id":1,"detached":true,"destroyed":false,"url":"file:///Users/friday/.hermes/profiles/friday/cache/scratch/T17-v6/tmp/T17-real-electron-ZA5Cje/.vite/build/offline.html?error=server","processId":5,"routingId":1},"byToken":{"id":1,"detached":true,"destroyed":false,"url":"file:///Users/friday/.hermes/profiles/friday/cache/scratch/T17-v6/tmp/T17-real-electron-ZA5Cje/.vite/build/offline.html?error=server","processId":5,"routingId":1},"hosted":false,"offline":false,"self":false,"sameContents":true,"sameFrame":true,"detached":true,"sender":{"id":1,"detached":true,"destroyed":false,"url":"file:///Users/friday/.hermes/profiles/friday/cache/scratch/T17-v6/tmp/T17-real-electron-ZA5Cje/.vite/build/offline.html?error=server","processId":5,"routingId":1},"current":{"id":1,"detached":true,"destroyed":false,"url":"file:///Users/friday/.hermes/profiles/friday/cache/scratch/T17-v6/tmp/T17-real-electron-ZA5Cje/.vite/build/offline.html?error=server","processId":5,"routingId":1}},"native":false,"error":"caption-authorization-refused","nativeEvents":[]},{"name":"ELECTRON38-CRASH-OFFLINE-CAPTION-REFUSAL","action":"minimise","document":"offline","delivered":true,"tuple":{"fixture":1,"action":"minimise","document":"offline","byIdSame":true,"byTokenSame":true,"byId":{"id":1,"detached":true,"destroyed":false,"url":"file:///Users/friday/.hermes/profiles/friday/cache/scratch/T17-v6/tmp/T17-real-electron-ZA5Cje/.vite/build/offline.html?error=server","processId":5,"routingId":1},"byToken":{"id":1,"detached":true,"destroyed":false,"url":"file:///Users/friday/.hermes/profiles/friday/cache/scratch/T17-v6/tmp/T17-real-electron-ZA5Cje/.vite/build/offline.html?error=server","processId":5,"routingId":1},"hosted":false,"offline":false,"self":false,"sameContents":true,"sameFrame":true,"detached":true,"sender":{"id":1,"detached":true,"destroyed":false,"url":"file:///Users/friday/.hermes/profiles/friday/cache/scratch/T17-v6/tmp/T17-real-electron-ZA5Cje/.vite/build/offline.html?error=server","processId":5,"routingId":1},"current":{"id":1,"detached":true,"destroyed":false,"url":"file:///Users/friday/.hermes/profiles/friday/cache/scratch/T17-v6/tmp/T17-real-electron-ZA5Cje/.vite/build/offline.html?error=server","processId":5,"routingId":1}},"native":false,"error":"caption-authorization-refused","nativeEvents":[]},{"name":"ELECTRON38-CRASH-OFFLINE-CAPTION-REFUSAL","action":"close","document":"offline","delivered":true,"tuple":{"fixture":1,"action":"close","document":"offline","byIdSame":true,"byTokenSame":true,"byId":{"id":1,"detached":true,"destroyed":false,"url":"file:///Users/friday/.hermes/profiles/friday/cache/scratch/T17-v6/tmp/T17-real-electron-ZA5Cje/.vite/build/offline.html?error=server","processId":5,"routingId":1},"byToken":{"id":1,"detached":true,"destroyed":false,"url":"file:///Users/friday/.hermes/profiles/friday/cache/scratch/T17-v6/tmp/T17-real-electron-ZA5Cje/.vite/build/offline.html?error=server","processId":5,"routingId":1},"hosted":false,"offline":false,"self":false,"sameContents":true,"sameFrame":true,"detached":true,"sender":{"id":1,"detached":true,"destroyed":false,"url":"file:///Users/friday/.hermes/profiles/friday/cache/scratch/T17-v6/tmp/T17-real-electron-ZA5Cje/.vite/build/offline.html?error=server","processId":5,"routingId":1},"current":{"id":1,"detached":true,"destroyed":false,"url":"file:///Users/friday/.hermes/profiles/friday/cache/scratch/T17-v6/tmp/T17-real-electron-ZA5Cje/.vite/build/offline.html?error=server","processId":5,"routingId":1}},"native":false,"error":"caption-authorization-refused","nativeEvents":[]}],"hardFailures":["crash-retry-hosted: Retry button did not recover configured HTTP 200 app (automatic retry paused)"]}


{
  "mode": "win32",
  "scenario": "crash-retry-hosted",
  "exit": 1,
  "emittedSHA256": "33aba3c676f65b56a45ffcc3dde2a16c75846636717ca280087940f00c0ed712",
  "receipt": {
    "passed": false,
    "result": "FAIL",
    "exit": 1,
    "knownGaps": [
      {
        "name": "ELECTRON38-CRASH-OFFLINE-CAPTION-REFUSAL",
        "action": "maximise",
        "document": "offline",
        "delivered": true,
        "tuple": {
          "fixture": 1,
          "action": "maximise",
          "document": "offline",
          "byIdSame": true,
          "byTokenSame": true,
          "byId": {
            "id": 1,
            "detached": true,
            "destroyed": false,
            "url": "file:///Users/friday/.hermes/profiles/friday/cache/scratch/T17-v6/tmp/T17-real-electron-ZA5Cje/.vite/build/offline.html?error=server",
            "processId": 5,
            "routingId": 1
          },
          "byToken": {
            "id": 1,
            "detached": true,
            "destroyed": false,
            "url": "file:///Users/friday/.hermes/profiles/friday/cache/scratch/T17-v6/tmp/T17-real-electron-ZA5Cje/.vite/build/offline.html?error=server",
            "processId": 5,
            "routingId": 1
          },
          "hosted": false,
          "offline": false,
          "self": false,
          "sameContents": true,
          "sameFrame": true,
          "detached": true,
          "sender": {
            "id": 1,
            "detached": true,
            "destroyed": false,
            "url": "file:///Users/friday/.hermes/profiles/friday/cache/scratch/T17-v6/tmp/T17-real-electron-ZA5Cje/.vite/build/offline.html?error=server",
            "processId": 5,
            "routingId": 1
          },
          "current": {
            "id": 1,
            "detached": true,
            "destroyed": false,
            "url": "file:///Users/friday/.hermes/profiles/friday/cache/scratch/T17-v6/tmp/T17-real-electron-ZA5Cje/.vite/build/offline.html?error=server",
            "processId": 5,
            "routingId": 1
          }
        },
        "native": false,
        "error": "caption-authorization-refused",
        "nativeEvents": []
      },
      {
        "name": "ELECTRON38-CRASH-OFFLINE-CAPTION-REFUSAL",
        "action": "maximise",
        "document": "offline",
        "delivered": true,
        "tuple": {
          "fixture": 1,
          "action": "maximise",
          "document": "offline",
          "byIdSame": true,
          "byTokenSame": true,
          "byId": {
            "id": 1,
            "detached": true,
            "destroyed": false,
            "url": "file:///Users/friday/.hermes/profiles/friday/cache/scratch/T17-v6/tmp/T17-real-electron-ZA5Cje/.vite/build/offline.html?error=server",
            "processId": 5,
            "routingId": 1
          },
          "byToken": {
            "id": 1,
            "detached": true,
            "destroyed": false,
            "url": "file:///Users/friday/.hermes/profiles/friday/cache/scratch/T17-v6/tmp/T17-real-electron-ZA5Cje/.vite/build/offline.html?error=server",
            "processId": 5,
            "routingId": 1
          },
          "hosted": false,
          "offline": false,
          "self": false,
          "sameContents": true,
          "sameFrame": true,
          "detached": true,
          "sender": {
            "id": 1,
            "detached": true,
            "destroyed": false,
            "url": "file:///Users/friday/.hermes/profiles/friday/cache/scratch/T17-v6/tmp/T17-real-electron-ZA5Cje/.vite/build/offline.html?error=server",
            "processId": 5,
            "routingId": 1
          },
          "current": {
            "id": 1,
            "detached": true,
            "destroyed": false,
            "url": "file:///Users/friday/.hermes/profiles/friday/cache/scratch/T17-v6/tmp/T17-real-electron-ZA5Cje/.vite/build/offline.html?error=server",
            "processId": 5,
            "routingId": 1
          }
        },
        "native": false,
        "error": "caption-authorization-refused",
        "nativeEvents": []
      },
      {
        "name": "ELECTRON38-CRASH-OFFLINE-CAPTION-REFUSAL",
        "action": "minimise",
        "document": "offline",
        "delivered": true,
        "tuple": {
          "fixture": 1,
          "action": "minimise",
          "document": "offline",
          "byIdSame": true,
          "byTokenSame": true,
          "byId": {
            "id": 1,
            "detached": true,
            "destroyed": false,
            "url": "file:///Users/friday/.hermes/profiles/friday/cache/scratch/T17-v6/tmp/T17-real-electron-ZA5Cje/.vite/build/offline.html?error=server",
            "processId": 5,
            "routingId": 1
          },
          "byToken": {
            "id": 1,
            "detached": true,
            "destroyed": false,
            "url": "file:///Users/friday/.hermes/profiles/friday/cache/scratch/T17-v6/tmp/T17-real-electron-ZA5Cje/.vite/build/offline.html?error=server",
            "processId": 5,
            "routingId": 1
          },
          "hosted": false,
          "offline": false,
          "self": false,
          "sameContents": true,
          "sameFrame": true,
          "detached": true,
          "sender": {
            "id": 1,
            "detached": true,
            "destroyed": false,
            "url": "file:///Users/friday/.hermes/profiles/friday/cache/scratch/T17-v6/tmp/T17-real-electron-ZA5Cje/.vite/build/offline.html?error=server",
            "processId": 5,
            "routingId": 1
          },
          "current": {
            "id": 1,
            "detached": true,
            "destroyed": false,
            "url": "file:///Users/friday/.hermes/profiles/friday/cache/scratch/T17-v6/tmp/T17-real-electron-ZA5Cje/.vite/build/offline.html?error=server",
            "processId": 5,
            "routingId": 1
          }
        },
        "native": false,
        "error": "caption-authorization-refused",
        "nativeEvents": []
      },
      {
        "name": "ELECTRON38-CRASH-OFFLINE-CAPTION-REFUSAL",
        "action": "close",
        "document": "offline",
        "delivered": true,
        "tuple": {
          "fixture": 1,
          "action": "close",
          "document": "offline",
          "byIdSame": true,
          "byTokenSame": true,
          "byId": {
            "id": 1,
            "detached": true,
            "destroyed": false,
            "url": "file:///Users/friday/.hermes/profiles/friday/cache/scratch/T17-v6/tmp/T17-real-electron-ZA5Cje/.vite/build/offline.html?error=server",
            "processId": 5,
            "routingId": 1
          },
          "byToken": {
            "id": 1,
            "detached": true,
            "destroyed": false,
            "url": "file:///Users/friday/.hermes/profiles/friday/cache/scratch/T17-v6/tmp/T17-real-electron-ZA5Cje/.vite/build/offline.html?error=server",
            "processId": 5,
            "routingId": 1
          },
          "hosted": false,
          "offline": false,
          "self": false,
          "sameContents": true,
          "sameFrame": true,
          "detached": true,
          "sender": {
            "id": 1,
            "detached": true,
            "destroyed": false,
            "url": "file:///Users/friday/.hermes/profiles/friday/cache/scratch/T17-v6/tmp/T17-real-electron-ZA5Cje/.vite/build/offline.html?error=server",
            "processId": 5,
            "routingId": 1
          },
          "current": {
            "id": 1,
            "detached": true,
            "destroyed": false,
            "url": "file:///Users/friday/.hermes/profiles/friday/cache/scratch/T17-v6/tmp/T17-real-electron-ZA5Cje/.vite/build/offline.html?error=server",
            "processId": 5,
            "routingId": 1
          }
        },
        "native": false,
        "error": "caption-authorization-refused",
        "nativeEvents": []
      }
    ],
    "hardFailures": [
      "crash-retry-hosted: Retry button did not recover configured HTTP 200 app (automatic retry paused)"
    ],
    "scenario": "crash-retry-hosted",
    "port": 49270,
    "fixtures": [
      {
        "id": 1,
        "contentsId": 1,
        "purpose": "offline-caption-lifetime",
        "closedByCaption": false
      },
      {
        "id": 2,
        "contentsId": 2,
        "purpose": "crash-retry-hosted-independent-lifetime"
      }
    ],
    "authorization": [
      {
        "fixture": 1,
        "action": "maximise",
        "document": "offline",
        "byIdSame": true,
        "byTokenSame": true,
        "byId": {
          "id": 1,
          "detached": true,
          "destroyed": false,
          "url": "file:///Users/friday/.hermes/profiles/friday/cache/scratch/T17-v6/tmp/T17-real-electron-ZA5Cje/.vite/build/offline.html?error=server",
          "processId": 5,
          "routingId": 1
        },
        "byToken": {
          "id": 1,
          "detached": true,
          "destroyed": false,
          "url": "file:///Users/friday/.hermes/profiles/friday/cache/scratch/T17-v6/tmp/T17-real-electron-ZA5Cje/.vite/build/offline.html?error=server",
          "processId": 5,
          "routingId": 1
        },
        "hosted": false,
        "offline": false,
        "self": false,
        "sameContents": true,
        "sameFrame": true,
        "detached": true,
        "sender": {
          "id": 1,
          "detached": true,
          "destroyed": false,
          "url": "file:///Users/friday/.hermes/profiles/friday/cache/scratch/T17-v6/tmp/T17-real-electron-ZA5Cje/.vite/build/offline.html?error=server",
          "processId": 5,
          "routingId": 1
        },
        "current": {
          "id": 1,
          "detached": true,
          "destroyed": false,
          "url": "file:///Users/friday/.hermes/profiles/friday/cache/scratch/T17-v6/tmp/T17-real-electron-ZA5Cje/.vite/build/offline.html?error=server",
          "processId": 5,
          "routingId": 1
        }
      },
      {
        "fixture": 1,
        "action": "maximise",
        "document": "offline",
        "byIdSame": true,
        "byTokenSame": true,
        "byId": {
          "id": 1,
          "detached": true,
          "destroyed": false,
          "url": "file:///Users/friday/.hermes/profiles/friday/cache/scratch/T17-v6/tmp/T17-real-electron-ZA5Cje/.vite/build/offline.html?error=server",
          "processId": 5,
          "routingId": 1
        },
        "byToken": {
          "id": 1,
          "detached": true,
          "destroyed": false,
          "url": "file:///Users/friday/.hermes/profiles/friday/cache/scratch/T17-v6/tmp/T17-real-electron-ZA5Cje/.vite/build/offline.html?error=server",
          "processId": 5,
          "routingId": 1
        },
        "hosted": false,
        "offline": false,
        "self": false,
        "sameContents": true,
        "sameFrame": true,
        "detached": true,
        "sender": {
          "id": 1,
          "detached": true,
          "destroyed": false,
          "url": "file:///Users/friday/.hermes/profiles/friday/cache/scratch/T17-v6/tmp/T17-real-electron-ZA5Cje/.vite/build/offline.html?error=server",
          "processId": 5,
          "routingId": 1
        },
        "current": {
          "id": 1,
          "detached": true,
          "destroyed": false,
          "url": "file:///Users/friday/.hermes/profiles/friday/cache/scratch/T17-v6/tmp/T17-real-electron-ZA5Cje/.vite/build/offline.html?error=server",
          "processId": 5,
          "routingId": 1
        }
      },
      {
        "fixture": 1,
        "action": "minimise",
        "document": "offline",
        "byIdSame": true,
        "byTokenSame": true,
        "byId": {
          "id": 1,
          "detached": true,
          "destroyed": false,
          "url": "file:///Users/friday/.hermes/profiles/friday/cache/scratch/T17-v6/tmp/T17-real-electron-ZA5Cje/.vite/build/offline.html?error=server",
          "processId": 5,
          "routingId": 1
        },
        "byToken": {
          "id": 1,
          "detached": true,
          "destroyed": false,
          "url": "file:///Users/friday/.hermes/profiles/friday/cache/scratch/T17-v6/tmp/T17-real-electron-ZA5Cje/.vite/build/offline.html?error=server",
          "processId": 5,
          "routingId": 1
        },
        "hosted": false,
        "offline": false,
        "self": false,
        "sameContents": true,
        "sameFrame": true,
        "detached": true,
        "sender": {
          "id": 1,
          "detached": true,
          "destroyed": false,
          "url": "file:///Users/friday/.hermes/profiles/friday/cache/scratch/T17-v6/tmp/T17-real-electron-ZA5Cje/.vite/build/offline.html?error=server",
          "processId": 5,
          "routingId": 1
        },
        "current": {
          "id": 1,
          "detached": true,
          "destroyed": false,
          "url": "file:///Users/friday/.hermes/profiles/friday/cache/scratch/T17-v6/tmp/T17-real-electron-ZA5Cje/.vite/build/offline.html?error=server",
          "processId": 5,
          "routingId": 1
        }
      },
      {
        "fixture": 1,
        "action": "close",
        "document": "offline",
        "byIdSame": true,
        "byTokenSame": true,
        "byId": {
          "id": 1,
          "detached": true,
          "destroyed": false,
          "url": "file:///Users/friday/.hermes/profiles/friday/cache/scratch/T17-v6/tmp/T17-real-electron-ZA5Cje/.vite/build/offline.html?error=server",
          "processId": 5,
          "routingId": 1
        },
        "byToken": {
          "id": 1,
          "detached": true,
          "destroyed": false,
          "url": "file:///Users/friday/.hermes/profiles/friday/cache/scratch/T17-v6/tmp/T17-real-electron-ZA5Cje/.vite/build/offline.html?error=server",
          "processId": 5,
          "routingId": 1
        },
        "hosted": false,
        "offline": false,
        "self": false,
        "sameContents": true,
        "sameFrame": true,
        "detached": true,
        "sender": {
          "id": 1,
          "detached": true,
          "destroyed": false,
          "url": "file:///Users/friday/.hermes/profiles/friday/cache/scratch/T17-v6/tmp/T17-real-electron-ZA5Cje/.vite/build/offline.html?error=server",
          "processId": 5,
          "routingId": 1
        },
        "current": {
          "id": 1,
          "detached": true,
          "destroyed": false,
          "url": "file:///Users/friday/.hermes/profiles/friday/cache/scratch/T17-v6/tmp/T17-real-electron-ZA5Cje/.vite/build/offline.html?error=server",
          "processId": 5,
          "routingId": 1
        }
      },
      {
        "fixture": 2,
        "action": "maximise",
        "document": "hosted-restored",
        "byIdSame": true,
        "byTokenSame": true,
        "byId": {
          "id": 2,
          "detached": true,
          "destroyed": false,
          "url": "http://127.0.0.1:49270/app?configured=1",
          "processId": 8,
          "routingId": 4
        },
        "byToken": {
          "id": 2,
          "detached": true,
          "destroyed": false,
          "url": "http://127.0.0.1:49270/app?configured=1",
          "processId": 8,
          "routingId": 4
        },
        "hosted": true,
        "offline": false,
        "self": false,
        "sameContents": true,
        "sameFrame": true,
        "detached": true,
        "sender": {
          "id": 2,
          "detached": true,
          "destroyed": false,
          "url": "http://127.0.0.1:49270/app?configured=1",
          "processId": 8,
          "routingId": 4
        },
        "current": {
          "id": 2,
          "detached": true,
          "destroyed": false,
          "url": "http://127.0.0.1:49270/app?configured=1",
          "processId": 8,
          "routingId": 4
        }
      },
      {
        "fixture": 2,
        "action": "maximise",
        "document": "hosted-restored",
        "byIdSame": true,
        "byTokenSame": true,
        "byId": {
          "id": 2,
          "detached": true,
          "destroyed": false,
          "url": "http://127.0.0.1:49270/app?configured=1",
          "processId": 8,
          "routingId": 4
        },
        "byToken": {
          "id": 2,
          "detached": true,
          "destroyed": false,
          "url": "http://127.0.0.1:49270/app?configured=1",
          "processId": 8,
          "routingId": 4
        },
        "hosted": true,
        "offline": false,
        "self": false,
        "sameContents": true,
        "sameFrame": true,
        "detached": true,
        "sender": {
          "id": 2,
          "detached": true,
          "destroyed": false,
          "url": "http://127.0.0.1:49270/app?configured=1",
          "processId": 8,
          "routingId": 4
        },
        "current": {
          "id": 2,
          "detached": true,
          "destroyed": false,
          "url": "http://127.0.0.1:49270/app?configured=1",
          "processId": 8,
          "routingId": 4
        }
      },
      {
        "fixture": 2,
        "action": "minimise",
        "document": "hosted-restored",
        "byIdSame": true,
        "byTokenSame": true,
        "byId": {
          "id": 2,
          "detached": true,
          "destroyed": false,
          "url": "http://127.0.0.1:49270/app?configured=1",
          "processId": 8,
          "routingId": 4
        },
        "byToken": {
          "id": 2,
          "detached": true,
          "destroyed": false,
          "url": "http://127.0.0.1:49270/app?configured=1",
          "processId": 8,
          "routingId": 4
        },
        "hosted": true,
        "offline": false,
        "self": false,
        "sameContents": true,
        "sameFrame": true,
        "detached": true,
        "sender": {
          "id": 2,
          "detached": true,
          "destroyed": false,
          "url": "http://127.0.0.1:49270/app?configured=1",
          "processId": 8,
          "routingId": 4
        },
        "current": {
          "id": 2,
          "detached": true,
          "destroyed": false,
          "url": "http://127.0.0.1:49270/app?configured=1",
          "processId": 8,
          "routingId": 4
        }
      },
      {
        "fixture": 2,
        "action": "close",
        "document": "hosted-restored",
        "byIdSame": true,
        "byTokenSame": true,
        "byId": {
          "id": 2,
          "detached": true,
          "destroyed": false,
          "url": "http://127.0.0.1:49270/app?configured=1",
          "processId": 8,
          "routingId": 4
        },
        "byToken": {
          "id": 2,
          "detached": true,
          "destroyed": false,
          "url": "http://127.0.0.1:49270/app?configured=1",
          "processId": 8,
          "routingId": 4
        },
        "hosted": true,
        "offline": false,
        "self": false,
        "sameContents": true,
        "sameFrame": true,
        "detached": true,
        "sender": {
          "id": 2,
          "detached": true,
          "destroyed": false,
          "url": "http://127.0.0.1:49270/app?configured=1",
          "processId": 8,
          "routingId": 4
        },
        "current": {
          "id": 2,
          "detached": true,
          "destroyed": false,
          "url": "http://127.0.0.1:49270/app?configured=1",
          "processId": 8,
          "routingId": 4
        }
      }
    ],
    "captionActions": [
      {
        "action": "maximise",
        "document": "offline",
        "delivered": true,
        "tuple": {
          "fixture": 1,
          "action": "maximise",
          "document": "offline",
          "byIdSame": true,
          "byTokenSame": true,
          "byId": {
            "id": 1,
            "detached": true,
            "destroyed": false,
            "url": "file:///Users/friday/.hermes/profiles/friday/cache/scratch/T17-v6/tmp/T17-real-electron-ZA5Cje/.vite/build/offline.html?error=server",
            "processId": 5,
            "routingId": 1
          },
          "byToken": {
            "id": 1,
            "detached": true,
            "destroyed": false,
            "url": "file:///Users/friday/.hermes/profiles/friday/cache/scratch/T17-v6/tmp/T17-real-electron-ZA5Cje/.vite/build/offline.html?error=server",
            "processId": 5,
            "routingId": 1
          },
          "hosted": false,
          "offline": false,
          "self": false,
          "sameContents": true,
          "sameFrame": true,
          "detached": true,
          "sender": {
            "id": 1,
            "detached": true,
            "destroyed": false,
            "url": "file:///Users/friday/.hermes/profiles/friday/cache/scratch/T17-v6/tmp/T17-real-electron-ZA5Cje/.vite/build/offline.html?error=server",
            "processId": 5,
            "routingId": 1
          },
          "current": {
            "id": 1,
            "detached": true,
            "destroyed": false,
            "url": "file:///Users/friday/.hermes/profiles/friday/cache/scratch/T17-v6/tmp/T17-real-electron-ZA5Cje/.vite/build/offline.html?error=server",
            "processId": 5,
            "routingId": 1
          }
        },
        "native": false,
        "error": "caption-authorization-refused",
        "nativeEvents": []
      },
      {
        "action": "maximise",
        "document": "offline",
        "delivered": true,
        "tuple": {
          "fixture": 1,
          "action": "maximise",
          "document": "offline",
          "byIdSame": true,
          "byTokenSame": true,
          "byId": {
            "id": 1,
            "detached": true,
            "destroyed": false,
            "url": "file:///Users/friday/.hermes/profiles/friday/cache/scratch/T17-v6/tmp/T17-real-electron-ZA5Cje/.vite/build/offline.html?error=server",
            "processId": 5,
            "routingId": 1
          },
          "byToken": {
            "id": 1,
            "detached": true,
            "destroyed": false,
            "url": "file:///Users/friday/.hermes/profiles/friday/cache/scratch/T17-v6/tmp/T17-real-electron-ZA5Cje/.vite/build/offline.html?error=server",
            "processId": 5,
            "routingId": 1
          },
          "hosted": false,
          "offline": false,
          "self": false,
          "sameContents": true,
          "sameFrame": true,
          "detached": true,
          "sender": {
            "id": 1,
            "detached": true,
            "destroyed": false,
            "url": "file:///Users/friday/.hermes/profiles/friday/cache/scratch/T17-v6/tmp/T17-real-electron-ZA5Cje/.vite/build/offline.html?error=server",
            "processId": 5,
            "routingId": 1
          },
          "current": {
            "id": 1,
            "detached": true,
            "destroyed": false,
            "url": "file:///Users/friday/.hermes/profiles/friday/cache/scratch/T17-v6/tmp/T17-real-electron-ZA5Cje/.vite/build/offline.html?error=server",
            "processId": 5,
            "routingId": 1
          }
        },
        "native": false,
        "error": "caption-authorization-refused",
        "nativeEvents": []
      },
      {
        "action": "minimise",
        "document": "offline",
        "delivered": true,
        "tuple": {
          "fixture": 1,
          "action": "minimise",
          "document": "offline",
          "byIdSame": true,
          "byTokenSame": true,
          "byId": {
            "id": 1,
            "detached": true,
            "destroyed": false,
            "url": "file:///Users/friday/.hermes/profiles/friday/cache/scratch/T17-v6/tmp/T17-real-electron-ZA5Cje/.vite/build/offline.html?error=server",
            "processId": 5,
            "routingId": 1
          },
          "byToken": {
            "id": 1,
            "detached": true,
            "destroyed": false,
            "url": "file:///Users/friday/.hermes/profiles/friday/cache/scratch/T17-v6/tmp/T17-real-electron-ZA5Cje/.vite/build/offline.html?error=server",
            "processId": 5,
            "routingId": 1
          },
          "hosted": false,
          "offline": false,
          "self": false,
          "sameContents": true,
          "sameFrame": true,
          "detached": true,
          "sender": {
            "id": 1,
            "detached": true,
            "destroyed": false,
            "url": "file:///Users/friday/.hermes/profiles/friday/cache/scratch/T17-v6/tmp/T17-real-electron-ZA5Cje/.vite/build/offline.html?error=server",
            "processId": 5,
            "routingId": 1
          },
          "current": {
            "id": 1,
            "detached": true,
            "destroyed": false,
            "url": "file:///Users/friday/.hermes/profiles/friday/cache/scratch/T17-v6/tmp/T17-real-electron-ZA5Cje/.vite/build/offline.html?error=server",
            "processId": 5,
            "routingId": 1
          }
        },
        "native": false,
        "error": "caption-authorization-refused",
        "nativeEvents": []
      },
      {
        "action": "close",
        "document": "offline",
        "delivered": true,
        "tuple": {
          "fixture": 1,
          "action": "close",
          "document": "offline",
          "byIdSame": true,
          "byTokenSame": true,
          "byId": {
            "id": 1,
            "detached": true,
            "destroyed": false,
            "url": "file:///Users/friday/.hermes/profiles/friday/cache/scratch/T17-v6/tmp/T17-real-electron-ZA5Cje/.vite/build/offline.html?error=server",
            "processId": 5,
            "routingId": 1
          },
          "byToken": {
            "id": 1,
            "detached": true,
            "destroyed": false,
            "url": "file:///Users/friday/.hermes/profiles/friday/cache/scratch/T17-v6/tmp/T17-real-electron-ZA5Cje/.vite/build/offline.html?error=server",
            "processId": 5,
            "routingId": 1
          },
          "hosted": false,
          "offline": false,
          "self": false,
          "sameContents": true,
          "sameFrame": true,
          "detached": true,
          "sender": {
            "id": 1,
            "detached": true,
            "destroyed": false,
            "url": "file:///Users/friday/.hermes/profiles/friday/cache/scratch/T17-v6/tmp/T17-real-electron-ZA5Cje/.vite/build/offline.html?error=server",
            "processId": 5,
            "routingId": 1
          },
          "current": {
            "id": 1,
            "detached": true,
            "destroyed": false,
            "url": "file:///Users/friday/.hermes/profiles/friday/cache/scratch/T17-v6/tmp/T17-real-electron-ZA5Cje/.vite/build/offline.html?error=server",
            "processId": 5,
            "routingId": 1
          }
        },
        "native": false,
        "error": "caption-authorization-refused",
        "nativeEvents": []
      },
      {
        "action": "maximise",
        "document": "hosted-restored",
        "delivered": true,
        "tuple": {
          "fixture": 2,
          "action": "maximise",
          "document": "hosted-restored",
          "byIdSame": true,
          "byTokenSame": true,
          "byId": {
            "id": 2,
            "detached": true,
            "destroyed": false,
            "url": "http://127.0.0.1:49270/app?configured=1",
            "processId": 8,
            "routingId": 4
          },
          "byToken": {
            "id": 2,
            "detached": true,
            "destroyed": false,
            "url": "http://127.0.0.1:49270/app?configured=1",
            "processId": 8,
            "routingId": 4
          },
          "hosted": true,
          "offline": false,
          "self": false,
          "sameContents": true,
          "sameFrame": true,
          "detached": true,
          "sender": {
            "id": 2,
            "detached": true,
            "destroyed": false,
            "url": "http://127.0.0.1:49270/app?configured=1",
            "processId": 8,
            "routingId": 4
          },
          "current": {
            "id": 2,
            "detached": true,
            "destroyed": false,
            "url": "http://127.0.0.1:49270/app?configured=1",
            "processId": 8,
            "routingId": 4
          }
        },
        "native": true,
        "error": null,
        "nativeEvents": [
          "maximize"
        ]
      },
      {
        "action": "maximise",
        "document": "hosted-restored",
        "delivered": true,
        "tuple": {
          "fixture": 2,
          "action": "maximise",
          "document": "hosted-restored",
          "byIdSame": true,
          "byTokenSame": true,
          "byId": {
            "id": 2,
            "detached": true,
            "destroyed": false,
            "url": "http://127.0.0.1:49270/app?configured=1",
            "processId": 8,
            "routingId": 4
          },
          "byToken": {
            "id": 2,
            "detached": true,
            "destroyed": false,
            "url": "http://127.0.0.1:49270/app?configured=1",
            "processId": 8,
            "routingId": 4
          },
          "hosted": true,
          "offline": false,
          "self": false,
          "sameContents": true,
          "sameFrame": true,
          "detached": true,
          "sender": {
            "id": 2,
            "detached": true,
            "destroyed": false,
            "url": "http://127.0.0.1:49270/app?configured=1",
            "processId": 8,
            "routingId": 4
          },
          "current": {
            "id": 2,
            "detached": true,
            "destroyed": false,
            "url": "http://127.0.0.1:49270/app?configured=1",
            "processId": 8,
            "routingId": 4
          }
        },
        "native": true,
        "error": null,
        "nativeEvents": [
          "unmaximize"
        ]
      },
      {
        "action": "minimise",
        "document": "hosted-restored",
        "delivered": true,
        "tuple": {
          "fixture": 2,
          "action": "minimise",
          "document": "hosted-restored",
          "byIdSame": true,
          "byTokenSame": true,
          "byId": {
            "id": 2,
            "detached": true,
            "destroyed": false,
            "url": "http://127.0.0.1:49270/app?configured=1",
            "processId": 8,
            "routingId": 4
          },
          "byToken": {
            "id": 2,
            "detached": true,
            "destroyed": false,
            "url": "http://127.0.0.1:49270/app?configured=1",
            "processId": 8,
            "routingId": 4
          },
          "hosted": true,
          "offline": false,
          "self": false,
          "sameContents": true,
          "sameFrame": true,
          "detached": true,
          "sender": {
            "id": 2,
            "detached": true,
            "destroyed": false,
            "url": "http://127.0.0.1:49270/app?configured=1",
            "processId": 8,
            "routingId": 4
          },
          "current": {
            "id": 2,
            "detached": true,
            "destroyed": false,
            "url": "http://127.0.0.1:49270/app?configured=1",
            "processId": 8,
            "routingId": 4
          }
        },
        "native": true,
        "error": null,
        "nativeEvents": [
          "minimize"
        ]
      },
      {
        "action": "close",
        "document": "hosted-restored",
        "delivered": true,
        "tuple": {
          "fixture": 2,
          "action": "close",
          "document": "hosted-restored",
          "byIdSame": true,
          "byTokenSame": true,
          "byId": {
            "id": 2,
            "detached": true,
            "destroyed": false,
            "url": "http://127.0.0.1:49270/app?configured=1",
            "processId": 8,
            "routingId": 4
          },
          "byToken": {
            "id": 2,
            "detached": true,
            "destroyed": false,
            "url": "http://127.0.0.1:49270/app?configured=1",
            "processId": 8,
            "routingId": 4
          },
          "hosted": true,
          "offline": false,
          "self": false,
          "sameContents": true,
          "sameFrame": true,
          "detached": true,
          "sender": {
            "id": 2,
            "detached": true,
            "destroyed": false,
            "url": "http://127.0.0.1:49270/app?configured=1",
            "processId": 8,
            "routingId": 4
          },
          "current": {
            "id": 2,
            "detached": true,
            "destroyed": false,
            "url": "http://127.0.0.1:49270/app?configured=1",
            "processId": 8,
            "routingId": 4
          }
        },
        "native": true,
        "error": null,
        "nativeEvents": [
          "close",
          "closed"
        ]
      }
    ],
    "characterization": {
      "manualRetry": {
        "worked": false,
        "elapsed": 1150,
        "hitsBefore": 2,
        "hitsAfter": 2,
        "requests": [],
        "automaticRetryPaused": true,
        "intents": [
          {
            "action": "Retry",
            "destination": "file:///Users/friday/.hermes/profiles/friday/cache/scratch/T17-v6/tmp/T17-real-electron-ZA5Cje/.vite/build/offline.html?error=server&retry=1",
            "defaultPrevented": true,
            "hosted": false,
            "offline": false,
            "self": false,
            "sameContents": true,
            "sameFrame": true,
            "eventFrameSame": true,
            "isMainFrame": true,
            "detached": true,
            "current": {
              "id": 2,
              "detached": true,
              "destroyed": false,
              "url": "file:///Users/friday/.hermes/profiles/friday/cache/scratch/T17-v6/tmp/T17-real-electron-ZA5Cje/.vite/build/offline.html?error=server",
              "processId": 7,
              "routingId": 1
            }
          }
        ]
      },
      "hostedRestoration": {
        "mechanism": "automatic retry after show",
        "url": "http://127.0.0.1:49270/app?configured=1",
        "frame": {
          "id": 2,
          "detached": true,
          "destroyed": false,
          "url": "http://127.0.0.1:49270/app?configured=1",
          "processId": 8,
          "routingId": 4
        }
      },
      "hostedCaptionsAuthorized": true,
      "stopBeforeReadyUpdate": false
    },
    "retryIntents": [
      {
        "action": "Retry",
        "destination": "file:///Users/friday/.hermes/profiles/friday/cache/scratch/T17-v6/tmp/T17-real-electron-ZA5Cje/.vite/build/offline.html?error=server&retry=1",
        "defaultPrevented": true,
        "hosted": false,
        "offline": false,
        "self": false,
        "sameContents": true,
        "sameFrame": true,
        "eventFrameSame": true,
        "isMainFrame": true,
        "detached": true,
        "current": {
          "id": 2,
          "detached": true,
          "destroyed": false,
          "url": "file:///Users/friday/.hermes/profiles/friday/cache/scratch/T17-v6/tmp/T17-real-electron-ZA5Cje/.vite/build/offline.html?error=server",
          "processId": 7,
          "routingId": 1
        }
      }
    ],
    "frameStates": [
      {
        "event": "did-start-navigation",
        "fixture": 1,
        "frame": {
          "id": 1,
          "detached": false,
          "destroyed": false,
          "url": "",
          "processId": 4,
          "routingId": 1
        }
      },
      {
        "event": "did-navigate",
        "fixture": 1,
        "frame": {
          "id": 1,
          "detached": false,
          "destroyed": false,
          "url": "http://127.0.0.1:49270/app?configured=1",
          "processId": 4,
          "routingId": 1
        }
      },
      {
        "event": "dom-ready",
        "fixture": 1,
        "frame": {
          "id": 1,
          "detached": false,
          "destroyed": false,
          "url": "http://127.0.0.1:49270/app?configured=1",
          "processId": 4,
          "routingId": 1
        }
      },
      {
        "event": "did-finish-load",
        "fixture": 1,
        "frame": {
          "id": 1,
          "detached": false,
          "destroyed": false,
          "url": "http://127.0.0.1:49270/app?configured=1",
          "processId": 4,
          "routingId": 1
        }
      },
      {
        "event": "did-start-navigation",
        "fixture": 1,
        "frame": {
          "id": 1,
          "detached": true,
          "destroyed": false,
          "url": "",
          "processId": 5,
          "routingId": 1
        }
      },
      {
        "event": "render-process-gone",
        "fixture": 1,
        "frame": {
          "id": 1,
          "detached": true,
          "destroyed": false,
          "url": "",
          "processId": 5,
          "routingId": 1
        }
      },
      {
        "event": "did-navigate",
        "fixture": 1,
        "frame": {
          "id": 1,
          "detached": true,
          "destroyed": false,
          "url": "file:///Users/friday/.hermes/profiles/friday/cache/scratch/T17-v6/tmp/T17-real-electron-ZA5Cje/.vite/build/offline.html?error=server",
          "processId": 5,
          "routingId": 1
        }
      },
      {
        "event": "dom-ready",
        "fixture": 1,
        "frame": {
          "id": 1,
          "detached": true,
          "destroyed": false,
          "url": "file:///Users/friday/.hermes/profiles/friday/cache/scratch/T17-v6/tmp/T17-real-electron-ZA5Cje/.vite/build/offline.html?error=server",
          "processId": 5,
          "routingId": 1
        }
      },
      {
        "event": "did-finish-load",
        "fixture": 1,
        "frame": {
          "id": 1,
          "detached": true,
          "destroyed": false,
          "url": "file:///Users/friday/.hermes/profiles/friday/cache/scratch/T17-v6/tmp/T17-real-electron-ZA5Cje/.vite/build/offline.html?error=server",
          "processId": 5,
          "routingId": 1
        }
      },
      {
        "event": "did-start-navigation",
        "fixture": 2,
        "frame": {
          "id": 2,
          "detached": false,
          "destroyed": false,
          "url": "",
          "processId": 6,
          "routingId": 1
        }
      },
      {
        "event": "did-navigate",
        "fixture": 2,
        "frame": {
          "id": 2,
          "detached": false,
          "destroyed": false,
          "url": "http://127.0.0.1:49270/app?configured=1",
          "processId": 6,
          "routingId": 1
        }
      },
      {
        "event": "dom-ready",
        "fixture": 2,
        "frame": {
          "id": 2,
          "detached": false,
          "destroyed": false,
          "url": "http://127.0.0.1:49270/app?configured=1",
          "processId": 6,
          "routingId": 1
        }
      },
      {
        "event": "did-finish-load",
        "fixture": 2,
        "frame": {
          "id": 2,
          "detached": false,
          "destroyed": false,
          "url": "http://127.0.0.1:49270/app?configured=1",
          "processId": 6,
          "routingId": 1
        }
      },
      {
        "event": "did-start-navigation",
        "fixture": 2,
        "frame": {
          "id": 2,
          "detached": true,
          "destroyed": false,
          "url": "",
          "processId": 7,
          "routingId": 1
        }
      },
      {
        "event": "render-process-gone",
        "fixture": 2,
        "frame": {
          "id": 2,
          "detached": true,
          "destroyed": false,
          "url": "",
          "processId": 7,
          "routingId": 1
        }
      },
      {
        "event": "did-navigate",
        "fixture": 2,
        "frame": {
          "id": 2,
          "detached": true,
          "destroyed": false,
          "url": "file:///Users/friday/.hermes/profiles/friday/cache/scratch/T17-v6/tmp/T17-real-electron-ZA5Cje/.vite/build/offline.html?error=server",
          "processId": 7,
          "routingId": 1
        }
      },
      {
        "event": "dom-ready",
        "fixture": 2,
        "frame": {
          "id": 2,
          "detached": true,
          "destroyed": false,
          "url": "file:///Users/friday/.hermes/profiles/friday/cache/scratch/T17-v6/tmp/T17-real-electron-ZA5Cje/.vite/build/offline.html?error=server",
          "processId": 7,
          "routingId": 1
        }
      },
      {
        "event": "did-finish-load",
        "fixture": 2,
        "frame": {
          "id": 2,
          "detached": true,
          "destroyed": false,
          "url": "file:///Users/friday/.hermes/profiles/friday/cache/scratch/T17-v6/tmp/T17-real-electron-ZA5Cje/.vite/build/offline.html?error=server",
          "processId": 7,
          "routingId": 1
        }
      },
      {
        "event": "did-start-navigation",
        "fixture": 2,
        "frame": {
          "id": 2,
          "detached": true,
          "destroyed": false,
          "url": "file:///Users/friday/.hermes/profiles/friday/cache/scratch/T17-v6/tmp/T17-real-electron-ZA5Cje/.vite/build/offline.html?error=server",
          "processId": 7,
          "routingId": 1
        }
      },
      {
        "event": "did-start-navigation",
        "fixture": 2,
        "frame": {
          "id": 2,
          "detached": true,
          "destroyed": false,
          "url": "file:///Users/friday/.hermes/profiles/friday/cache/scratch/T17-v6/tmp/T17-real-electron-ZA5Cje/.vite/build/offline.html?error=server",
          "processId": 7,
          "routingId": 1
        }
      },
      {
        "event": "did-navigate",
        "fixture": 2,
        "frame": {
          "id": 2,
          "detached": true,
          "destroyed": false,
          "url": "http://127.0.0.1:49270/app?configured=1",
          "processId": 8,
          "routingId": 4
        }
      },
      {
        "event": "dom-ready",
        "fixture": 2,
        "frame": {
          "id": 2,
          "detached": true,
          "destroyed": false,
          "url": "http://127.0.0.1:49270/app?configured=1",
          "processId": 8,
          "routingId": 4
        }
      },
      {
        "event": "did-finish-load",
        "fixture": 2,
        "frame": {
          "id": 2,
          "detached": true,
          "destroyed": false,
          "url": "http://127.0.0.1:49270/app?configured=1",
          "processId": 8,
          "routingId": 4
        }
      }
    ],
    "electron": "38.1.2",
    "modules": "139",
    "host": "darwin",
    "presentation": "win32",
    "finalPage": {
      "title": "Recovered",
      "heading": "Recovered without restart",
      "platform": "win32",
      "width": 900,
      "height": 600,
      "scrollWidth": 900,
      "bodyWidth": 884,
      "background": "rgba(0, 0, 0, 0)",
      "controls": [
        {
          "id": "maximise",
          "width": 72.2890625,
          "height": 21.5
        },
        {
          "id": "minimise",
          "width": 68.5859375,
          "height": 21.5
        },
        {
          "id": "close",
          "width": 50.0859375,
          "height": 21.5
        }
      ]
    },
    "hits": 3,
    "captions": {
      "minimise": 2,
      "maximise": 4,
      "close": 2
    },
    "events": [
      "renderer:killed",
      "closed",
      "renderer:killed",
      "maximize",
      "unmaximize",
      "minimize",
      "restore",
      "close",
      "closed"
    ],
    "requests": [
      "http://127.0.0.1:49270/app?configured=1",
      "file:///Users/friday/.hermes/profiles/friday/cache/scratch/T17-v6/tmp/T17-real-electron-ZA5Cje/.vite/build/offline.html?error=server",
      "http://127.0.0.1:49270/app?configured=1",
      "file:///Users/friday/.hermes/profiles/friday/cache/scratch/T17-v6/tmp/T17-real-electron-ZA5Cje/.vite/build/offline.html?error=server",
      "http://127.0.0.1:49270/app?configured=1"
    ],
    "consoleMessages": [],
    "failures": [],
    "emittedBytes": 4933,
    "emittedFile": "/Users/friday/.hermes/profiles/friday/cache/scratch/T17-v6/tmp/T17-real-electron-ZA5Cje/.vite/build/offline.html",
    "scope": "Isolated Electron harness only. Windows presentation simulated on macOS; not installed Windows/Linux runtime acceptance."
  }
}
AUTHORIZATION {"scenario":"crash-native-os","mode":"win32","fixture":1,"action":"maximise","document":"offline","byIdSame":true,"byTokenSame":true,"byId":{"id":1,"detached":true,"destroyed":false,"url":"file:///Users/friday/.hermes/profiles/friday/cache/scratch/T17-v6/tmp/T17-real-electron-ZA5Cje/.vite/build/offline.html?error=server","processId":5,"routingId":1},"byToken":{"id":1,"detached":true,"destroyed":false,"url":"file:///Users/friday/.hermes/profiles/friday/cache/scratch/T17-v6/tmp/T17-real-electron-ZA5Cje/.vite/build/offline.html?error=server","processId":5,"routingId":1},"hosted":false,"offline":false,"self":false,"sameContents":true,"sameFrame":true,"detached":true,"sender":{"id":1,"detached":true,"destroyed":false,"url":"file:///Users/friday/.hermes/profiles/friday/cache/scratch/T17-v6/tmp/T17-real-electron-ZA5Cje/.vite/build/offline.html?error=server","processId":5,"routingId":1},"current":{"id":1,"detached":true,"destroyed":false,"url":"file:///Users/friday/.hermes/profiles/friday/cache/scratch/T17-v6/tmp/T17-real-electron-ZA5Cje/.vite/build/offline.html?error=server","processId":5,"routingId":1}}
AUTHORIZATION {"scenario":"crash-native-os","mode":"win32","fixture":1,"action":"maximise","document":"offline","byIdSame":true,"byTokenSame":true,"byId":{"id":1,"detached":true,"destroyed":false,"url":"file:///Users/friday/.hermes/profiles/friday/cache/scratch/T17-v6/tmp/T17-real-electron-ZA5Cje/.vite/build/offline.html?error=server","processId":5,"routingId":1},"byToken":{"id":1,"detached":true,"destroyed":false,"url":"file:///Users/friday/.hermes/profiles/friday/cache/scratch/T17-v6/tmp/T17-real-electron-ZA5Cje/.vite/build/offline.html?error=server","processId":5,"routingId":1},"hosted":false,"offline":false,"self":false,"sameContents":true,"sameFrame":true,"detached":true,"sender":{"id":1,"detached":true,"destroyed":false,"url":"file:///Users/friday/.hermes/profiles/friday/cache/scratch/T17-v6/tmp/T17-real-electron-ZA5Cje/.vite/build/offline.html?error=server","processId":5,"routingId":1},"current":{"id":1,"detached":true,"destroyed":false,"url":"file:///Users/friday/.hermes/profiles/friday/cache/scratch/T17-v6/tmp/T17-real-electron-ZA5Cje/.vite/build/offline.html?error=server","processId":5,"routingId":1}}
AUTHORIZATION {"scenario":"crash-native-os","mode":"win32","fixture":1,"action":"minimise","document":"offline","byIdSame":true,"byTokenSame":true,"byId":{"id":1,"detached":true,"destroyed":false,"url":"file:///Users/friday/.hermes/profiles/friday/cache/scratch/T17-v6/tmp/T17-real-electron-ZA5Cje/.vite/build/offline.html?error=server","processId":5,"routingId":1},"byToken":{"id":1,"detached":true,"destroyed":false,"url":"file:///Users/friday/.hermes/profiles/friday/cache/scratch/T17-v6/tmp/T17-real-electron-ZA5Cje/.vite/build/offline.html?error=server","processId":5,"routingId":1},"hosted":false,"offline":false,"self":false,"sameContents":true,"sameFrame":true,"detached":true,"sender":{"id":1,"detached":true,"destroyed":false,"url":"file:///Users/friday/.hermes/profiles/friday/cache/scratch/T17-v6/tmp/T17-real-electron-ZA5Cje/.vite/build/offline.html?error=server","processId":5,"routingId":1},"current":{"id":1,"detached":true,"destroyed":false,"url":"file:///Users/friday/.hermes/profiles/friday/cache/scratch/T17-v6/tmp/T17-real-electron-ZA5Cje/.vite/build/offline.html?error=server","processId":5,"routingId":1}}
AUTHORIZATION {"scenario":"crash-native-os","mode":"win32","fixture":1,"action":"close","document":"offline","byIdSame":true,"byTokenSame":true,"byId":{"id":1,"detached":true,"destroyed":false,"url":"file:///Users/friday/.hermes/profiles/friday/cache/scratch/T17-v6/tmp/T17-real-electron-ZA5Cje/.vite/build/offline.html?error=server","processId":5,"routingId":1},"byToken":{"id":1,"detached":true,"destroyed":false,"url":"file:///Users/friday/.hermes/profiles/friday/cache/scratch/T17-v6/tmp/T17-real-electron-ZA5Cje/.vite/build/offline.html?error=server","processId":5,"routingId":1},"hosted":false,"offline":false,"self":false,"sameContents":true,"sameFrame":true,"detached":true,"sender":{"id":1,"detached":true,"destroyed":false,"url":"file:///Users/friday/.hermes/profiles/friday/cache/scratch/T17-v6/tmp/T17-real-electron-ZA5Cje/.vite/build/offline.html?error=server","processId":5,"routingId":1},"current":{"id":1,"detached":true,"destroyed":false,"url":"file:///Users/friday/.hermes/profiles/friday/cache/scratch/T17-v6/tmp/T17-real-electron-ZA5Cje/.vite/build/offline.html?error=server","processId":5,"routingId":1}}
KNOWN-GAP {"result":"KNOWN-GAP","exit":0,"knownGaps":[{"name":"ELECTRON38-CRASH-OFFLINE-CAPTION-REFUSAL","action":"maximise","document":"offline","delivered":true,"tuple":{"fixture":1,"action":"maximise","document":"offline","byIdSame":true,"byTokenSame":true,"byId":{"id":1,"detached":true,"destroyed":false,"url":"file:///Users/friday/.hermes/profiles/friday/cache/scratch/T17-v6/tmp/T17-real-electron-ZA5Cje/.vite/build/offline.html?error=server","processId":5,"routingId":1},"byToken":{"id":1,"detached":true,"destroyed":false,"url":"file:///Users/friday/.hermes/profiles/friday/cache/scratch/T17-v6/tmp/T17-real-electron-ZA5Cje/.vite/build/offline.html?error=server","processId":5,"routingId":1},"hosted":false,"offline":false,"self":false,"sameContents":true,"sameFrame":true,"detached":true,"sender":{"id":1,"detached":true,"destroyed":false,"url":"file:///Users/friday/.hermes/profiles/friday/cache/scratch/T17-v6/tmp/T17-real-electron-ZA5Cje/.vite/build/offline.html?error=server","processId":5,"routingId":1},"current":{"id":1,"detached":true,"destroyed":false,"url":"file:///Users/friday/.hermes/profiles/friday/cache/scratch/T17-v6/tmp/T17-real-electron-ZA5Cje/.vite/build/offline.html?error=server","processId":5,"routingId":1}},"native":false,"error":"caption-authorization-refused","nativeEvents":[]},{"name":"ELECTRON38-CRASH-OFFLINE-CAPTION-REFUSAL","action":"maximise","document":"offline","delivered":true,"tuple":{"fixture":1,"action":"maximise","document":"offline","byIdSame":true,"byTokenSame":true,"byId":{"id":1,"detached":true,"destroyed":false,"url":"file:///Users/friday/.hermes/profiles/friday/cache/scratch/T17-v6/tmp/T17-real-electron-ZA5Cje/.vite/build/offline.html?error=server","processId":5,"routingId":1},"byToken":{"id":1,"detached":true,"destroyed":false,"url":"file:///Users/friday/.hermes/profiles/friday/cache/scratch/T17-v6/tmp/T17-real-electron-ZA5Cje/.vite/build/offline.html?error=server","processId":5,"routingId":1},"hosted":false,"offline":false,"self":false,"sameContents":true,"sameFrame":true,"detached":true,"sender":{"id":1,"detached":true,"destroyed":false,"url":"file:///Users/friday/.hermes/profiles/friday/cache/scratch/T17-v6/tmp/T17-real-electron-ZA5Cje/.vite/build/offline.html?error=server","processId":5,"routingId":1},"current":{"id":1,"detached":true,"destroyed":false,"url":"file:///Users/friday/.hermes/profiles/friday/cache/scratch/T17-v6/tmp/T17-real-electron-ZA5Cje/.vite/build/offline.html?error=server","processId":5,"routingId":1}},"native":false,"error":"caption-authorization-refused","nativeEvents":[]},{"name":"ELECTRON38-CRASH-OFFLINE-CAPTION-REFUSAL","action":"minimise","document":"offline","delivered":true,"tuple":{"fixture":1,"action":"minimise","document":"offline","byIdSame":true,"byTokenSame":true,"byId":{"id":1,"detached":true,"destroyed":false,"url":"file:///Users/friday/.hermes/profiles/friday/cache/scratch/T17-v6/tmp/T17-real-electron-ZA5Cje/.vite/build/offline.html?error=server","processId":5,"routingId":1},"byToken":{"id":1,"detached":true,"destroyed":false,"url":"file:///Users/friday/.hermes/profiles/friday/cache/scratch/T17-v6/tmp/T17-real-electron-ZA5Cje/.vite/build/offline.html?error=server","processId":5,"routingId":1},"hosted":false,"offline":false,"self":false,"sameContents":true,"sameFrame":true,"detached":true,"sender":{"id":1,"detached":true,"destroyed":false,"url":"file:///Users/friday/.hermes/profiles/friday/cache/scratch/T17-v6/tmp/T17-real-electron-ZA5Cje/.vite/build/offline.html?error=server","processId":5,"routingId":1},"current":{"id":1,"detached":true,"destroyed":false,"url":"file:///Users/friday/.hermes/profiles/friday/cache/scratch/T17-v6/tmp/T17-real-electron-ZA5Cje/.vite/build/offline.html?error=server","processId":5,"routingId":1}},"native":false,"error":"caption-authorization-refused","nativeEvents":[]},{"name":"ELECTRON38-CRASH-OFFLINE-CAPTION-REFUSAL","action":"close","document":"offline","delivered":true,"tuple":{"fixture":1,"action":"close","document":"offline","byIdSame":true,"byTokenSame":true,"byId":{"id":1,"detached":true,"destroyed":false,"url":"file:///Users/friday/.hermes/profiles/friday/cache/scratch/T17-v6/tmp/T17-real-electron-ZA5Cje/.vite/build/offline.html?error=server","processId":5,"routingId":1},"byToken":{"id":1,"detached":true,"destroyed":false,"url":"file:///Users/friday/.hermes/profiles/friday/cache/scratch/T17-v6/tmp/T17-real-electron-ZA5Cje/.vite/build/offline.html?error=server","processId":5,"routingId":1},"hosted":false,"offline":false,"self":false,"sameContents":true,"sameFrame":true,"detached":true,"sender":{"id":1,"detached":true,"destroyed":false,"url":"file:///Users/friday/.hermes/profiles/friday/cache/scratch/T17-v6/tmp/T17-real-electron-ZA5Cje/.vite/build/offline.html?error=server","processId":5,"routingId":1},"current":{"id":1,"detached":true,"destroyed":false,"url":"file:///Users/friday/.hermes/profiles/friday/cache/scratch/T17-v6/tmp/T17-real-electron-ZA5Cje/.vite/build/offline.html?error=server","processId":5,"routingId":1}},"native":false,"error":"caption-authorization-refused","nativeEvents":[]}],"hardFailures":[]}


{
  "mode": "win32",
  "scenario": "crash-native-os",
  "exit": 0,
  "emittedSHA256": "33aba3c676f65b56a45ffcc3dde2a16c75846636717ca280087940f00c0ed712",
  "receipt": {
    "passed": true,
    "result": "KNOWN-GAP",
    "exit": 0,
    "knownGaps": [
      {
        "name": "ELECTRON38-CRASH-OFFLINE-CAPTION-REFUSAL",
        "action": "maximise",
        "document": "offline",
        "delivered": true,
        "tuple": {
          "fixture": 1,
          "action": "maximise",
          "document": "offline",
          "byIdSame": true,
          "byTokenSame": true,
          "byId": {
            "id": 1,
            "detached": true,
            "destroyed": false,
            "url": "file:///Users/friday/.hermes/profiles/friday/cache/scratch/T17-v6/tmp/T17-real-electron-ZA5Cje/.vite/build/offline.html?error=server",
            "processId": 5,
            "routingId": 1
          },
          "byToken": {
            "id": 1,
            "detached": true,
            "destroyed": false,
            "url": "file:///Users/friday/.hermes/profiles/friday/cache/scratch/T17-v6/tmp/T17-real-electron-ZA5Cje/.vite/build/offline.html?error=server",
            "processId": 5,
            "routingId": 1
          },
          "hosted": false,
          "offline": false,
          "self": false,
          "sameContents": true,
          "sameFrame": true,
          "detached": true,
          "sender": {
            "id": 1,
            "detached": true,
            "destroyed": false,
            "url": "file:///Users/friday/.hermes/profiles/friday/cache/scratch/T17-v6/tmp/T17-real-electron-ZA5Cje/.vite/build/offline.html?error=server",
            "processId": 5,
            "routingId": 1
          },
          "current": {
            "id": 1,
            "detached": true,
            "destroyed": false,
            "url": "file:///Users/friday/.hermes/profiles/friday/cache/scratch/T17-v6/tmp/T17-real-electron-ZA5Cje/.vite/build/offline.html?error=server",
            "processId": 5,
            "routingId": 1
          }
        },
        "native": false,
        "error": "caption-authorization-refused",
        "nativeEvents": []
      },
      {
        "name": "ELECTRON38-CRASH-OFFLINE-CAPTION-REFUSAL",
        "action": "maximise",
        "document": "offline",
        "delivered": true,
        "tuple": {
          "fixture": 1,
          "action": "maximise",
          "document": "offline",
          "byIdSame": true,
          "byTokenSame": true,
          "byId": {
            "id": 1,
            "detached": true,
            "destroyed": false,
            "url": "file:///Users/friday/.hermes/profiles/friday/cache/scratch/T17-v6/tmp/T17-real-electron-ZA5Cje/.vite/build/offline.html?error=server",
            "processId": 5,
            "routingId": 1
          },
          "byToken": {
            "id": 1,
            "detached": true,
            "destroyed": false,
            "url": "file:///Users/friday/.hermes/profiles/friday/cache/scratch/T17-v6/tmp/T17-real-electron-ZA5Cje/.vite/build/offline.html?error=server",
            "processId": 5,
            "routingId": 1
          },
          "hosted": false,
          "offline": false,
          "self": false,
          "sameContents": true,
          "sameFrame": true,
          "detached": true,
          "sender": {
            "id": 1,
            "detached": true,
            "destroyed": false,
            "url": "file:///Users/friday/.hermes/profiles/friday/cache/scratch/T17-v6/tmp/T17-real-electron-ZA5Cje/.vite/build/offline.html?error=server",
            "processId": 5,
            "routingId": 1
          },
          "current": {
            "id": 1,
            "detached": true,
            "destroyed": false,
            "url": "file:///Users/friday/.hermes/profiles/friday/cache/scratch/T17-v6/tmp/T17-real-electron-ZA5Cje/.vite/build/offline.html?error=server",
            "processId": 5,
            "routingId": 1
          }
        },
        "native": false,
        "error": "caption-authorization-refused",
        "nativeEvents": []
      },
      {
        "name": "ELECTRON38-CRASH-OFFLINE-CAPTION-REFUSAL",
        "action": "minimise",
        "document": "offline",
        "delivered": true,
        "tuple": {
          "fixture": 1,
          "action": "minimise",
          "document": "offline",
          "byIdSame": true,
          "byTokenSame": true,
          "byId": {
            "id": 1,
            "detached": true,
            "destroyed": false,
            "url": "file:///Users/friday/.hermes/profiles/friday/cache/scratch/T17-v6/tmp/T17-real-electron-ZA5Cje/.vite/build/offline.html?error=server",
            "processId": 5,
            "routingId": 1
          },
          "byToken": {
            "id": 1,
            "detached": true,
            "destroyed": false,
            "url": "file:///Users/friday/.hermes/profiles/friday/cache/scratch/T17-v6/tmp/T17-real-electron-ZA5Cje/.vite/build/offline.html?error=server",
            "processId": 5,
            "routingId": 1
          },
          "hosted": false,
          "offline": false,
          "self": false,
          "sameContents": true,
          "sameFrame": true,
          "detached": true,
          "sender": {
            "id": 1,
            "detached": true,
            "destroyed": false,
            "url": "file:///Users/friday/.hermes/profiles/friday/cache/scratch/T17-v6/tmp/T17-real-electron-ZA5Cje/.vite/build/offline.html?error=server",
            "processId": 5,
            "routingId": 1
          },
          "current": {
            "id": 1,
            "detached": true,
            "destroyed": false,
            "url": "file:///Users/friday/.hermes/profiles/friday/cache/scratch/T17-v6/tmp/T17-real-electron-ZA5Cje/.vite/build/offline.html?error=server",
            "processId": 5,
            "routingId": 1
          }
        },
        "native": false,
        "error": "caption-authorization-refused",
        "nativeEvents": []
      },
      {
        "name": "ELECTRON38-CRASH-OFFLINE-CAPTION-REFUSAL",
        "action": "close",
        "document": "offline",
        "delivered": true,
        "tuple": {
          "fixture": 1,
          "action": "close",
          "document": "offline",
          "byIdSame": true,
          "byTokenSame": true,
          "byId": {
            "id": 1,
            "detached": true,
            "destroyed": false,
            "url": "file:///Users/friday/.hermes/profiles/friday/cache/scratch/T17-v6/tmp/T17-real-electron-ZA5Cje/.vite/build/offline.html?error=server",
            "processId": 5,
            "routingId": 1
          },
          "byToken": {
            "id": 1,
            "detached": true,
            "destroyed": false,
            "url": "file:///Users/friday/.hermes/profiles/friday/cache/scratch/T17-v6/tmp/T17-real-electron-ZA5Cje/.vite/build/offline.html?error=server",
            "processId": 5,
            "routingId": 1
          },
          "hosted": false,
          "offline": false,
          "self": false,
          "sameContents": true,
          "sameFrame": true,
          "detached": true,
          "sender": {
            "id": 1,
            "detached": true,
            "destroyed": false,
            "url": "file:///Users/friday/.hermes/profiles/friday/cache/scratch/T17-v6/tmp/T17-real-electron-ZA5Cje/.vite/build/offline.html?error=server",
            "processId": 5,
            "routingId": 1
          },
          "current": {
            "id": 1,
            "detached": true,
            "destroyed": false,
            "url": "file:///Users/friday/.hermes/profiles/friday/cache/scratch/T17-v6/tmp/T17-real-electron-ZA5Cje/.vite/build/offline.html?error=server",
            "processId": 5,
            "routingId": 1
          }
        },
        "native": false,
        "error": "caption-authorization-refused",
        "nativeEvents": []
      }
    ],
    "hardFailures": [],
    "scenario": "crash-native-os",
    "port": 49270,
    "fixtures": [
      {
        "id": 1,
        "contentsId": 1,
        "purpose": "offline-caption-lifetime",
        "closedByCaption": false
      },
      {
        "id": 2,
        "contentsId": 2,
        "purpose": "crash-native-os-independent-lifetime"
      }
    ],
    "authorization": [
      {
        "fixture": 1,
        "action": "maximise",
        "document": "offline",
        "byIdSame": true,
        "byTokenSame": true,
        "byId": {
          "id": 1,
          "detached": true,
          "destroyed": false,
          "url": "file:///Users/friday/.hermes/profiles/friday/cache/scratch/T17-v6/tmp/T17-real-electron-ZA5Cje/.vite/build/offline.html?error=server",
          "processId": 5,
          "routingId": 1
        },
        "byToken": {
          "id": 1,
          "detached": true,
          "destroyed": false,
          "url": "file:///Users/friday/.hermes/profiles/friday/cache/scratch/T17-v6/tmp/T17-real-electron-ZA5Cje/.vite/build/offline.html?error=server",
          "processId": 5,
          "routingId": 1
        },
        "hosted": false,
        "offline": false,
        "self": false,
        "sameContents": true,
        "sameFrame": true,
        "detached": true,
        "sender": {
          "id": 1,
          "detached": true,
          "destroyed": false,
          "url": "file:///Users/friday/.hermes/profiles/friday/cache/scratch/T17-v6/tmp/T17-real-electron-ZA5Cje/.vite/build/offline.html?error=server",
          "processId": 5,
          "routingId": 1
        },
        "current": {
          "id": 1,
          "detached": true,
          "destroyed": false,
          "url": "file:///Users/friday/.hermes/profiles/friday/cache/scratch/T17-v6/tmp/T17-real-electron-ZA5Cje/.vite/build/offline.html?error=server",
          "processId": 5,
          "routingId": 1
        }
      },
      {
        "fixture": 1,
        "action": "maximise",
        "document": "offline",
        "byIdSame": true,
        "byTokenSame": true,
        "byId": {
          "id": 1,
          "detached": true,
          "destroyed": false,
          "url": "file:///Users/friday/.hermes/profiles/friday/cache/scratch/T17-v6/tmp/T17-real-electron-ZA5Cje/.vite/build/offline.html?error=server",
          "processId": 5,
          "routingId": 1
        },
        "byToken": {
          "id": 1,
          "detached": true,
          "destroyed": false,
          "url": "file:///Users/friday/.hermes/profiles/friday/cache/scratch/T17-v6/tmp/T17-real-electron-ZA5Cje/.vite/build/offline.html?error=server",
          "processId": 5,
          "routingId": 1
        },
        "hosted": false,
        "offline": false,
        "self": false,
        "sameContents": true,
        "sameFrame": true,
        "detached": true,
        "sender": {
          "id": 1,
          "detached": true,
          "destroyed": false,
          "url": "file:///Users/friday/.hermes/profiles/friday/cache/scratch/T17-v6/tmp/T17-real-electron-ZA5Cje/.vite/build/offline.html?error=server",
          "processId": 5,
          "routingId": 1
        },
        "current": {
          "id": 1,
          "detached": true,
          "destroyed": false,
          "url": "file:///Users/friday/.hermes/profiles/friday/cache/scratch/T17-v6/tmp/T17-real-electron-ZA5Cje/.vite/build/offline.html?error=server",
          "processId": 5,
          "routingId": 1
        }
      },
      {
        "fixture": 1,
        "action": "minimise",
        "document": "offline",
        "byIdSame": true,
        "byTokenSame": true,
        "byId": {
          "id": 1,
          "detached": true,
          "destroyed": false,
          "url": "file:///Users/friday/.hermes/profiles/friday/cache/scratch/T17-v6/tmp/T17-real-electron-ZA5Cje/.vite/build/offline.html?error=server",
          "processId": 5,
          "routingId": 1
        },
        "byToken": {
          "id": 1,
          "detached": true,
          "destroyed": false,
          "url": "file:///Users/friday/.hermes/profiles/friday/cache/scratch/T17-v6/tmp/T17-real-electron-ZA5Cje/.vite/build/offline.html?error=server",
          "processId": 5,
          "routingId": 1
        },
        "hosted": false,
        "offline": false,
        "self": false,
        "sameContents": true,
        "sameFrame": true,
        "detached": true,
        "sender": {
          "id": 1,
          "detached": true,
          "destroyed": false,
          "url": "file:///Users/friday/.hermes/profiles/friday/cache/scratch/T17-v6/tmp/T17-real-electron-ZA5Cje/.vite/build/offline.html?error=server",
          "processId": 5,
          "routingId": 1
        },
        "current": {
          "id": 1,
          "detached": true,
          "destroyed": false,
          "url": "file:///Users/friday/.hermes/profiles/friday/cache/scratch/T17-v6/tmp/T17-real-electron-ZA5Cje/.vite/build/offline.html?error=server",
          "processId": 5,
          "routingId": 1
        }
      },
      {
        "fixture": 1,
        "action": "close",
        "document": "offline",
        "byIdSame": true,
        "byTokenSame": true,
        "byId": {
          "id": 1,
          "detached": true,
          "destroyed": false,
          "url": "file:///Users/friday/.hermes/profiles/friday/cache/scratch/T17-v6/tmp/T17-real-electron-ZA5Cje/.vite/build/offline.html?error=server",
          "processId": 5,
          "routingId": 1
        },
        "byToken": {
          "id": 1,
          "detached": true,
          "destroyed": false,
          "url": "file:///Users/friday/.hermes/profiles/friday/cache/scratch/T17-v6/tmp/T17-real-electron-ZA5Cje/.vite/build/offline.html?error=server",
          "processId": 5,
          "routingId": 1
        },
        "hosted": false,
        "offline": false,
        "self": false,
        "sameContents": true,
        "sameFrame": true,
        "detached": true,
        "sender": {
          "id": 1,
          "detached": true,
          "destroyed": false,
          "url": "file:///Users/friday/.hermes/profiles/friday/cache/scratch/T17-v6/tmp/T17-real-electron-ZA5Cje/.vite/build/offline.html?error=server",
          "processId": 5,
          "routingId": 1
        },
        "current": {
          "id": 1,
          "detached": true,
          "destroyed": false,
          "url": "file:///Users/friday/.hermes/profiles/friday/cache/scratch/T17-v6/tmp/T17-real-electron-ZA5Cje/.vite/build/offline.html?error=server",
          "processId": 5,
          "routingId": 1
        }
      }
    ],
    "captionActions": [
      {
        "action": "maximise",
        "document": "offline",
        "delivered": true,
        "tuple": {
          "fixture": 1,
          "action": "maximise",
          "document": "offline",
          "byIdSame": true,
          "byTokenSame": true,
          "byId": {
            "id": 1,
            "detached": true,
            "destroyed": false,
            "url": "file:///Users/friday/.hermes/profiles/friday/cache/scratch/T17-v6/tmp/T17-real-electron-ZA5Cje/.vite/build/offline.html?error=server",
            "processId": 5,
            "routingId": 1
          },
          "byToken": {
            "id": 1,
            "detached": true,
            "destroyed": false,
            "url": "file:///Users/friday/.hermes/profiles/friday/cache/scratch/T17-v6/tmp/T17-real-electron-ZA5Cje/.vite/build/offline.html?error=server",
            "processId": 5,
            "routingId": 1
          },
          "hosted": false,
          "offline": false,
          "self": false,
          "sameContents": true,
          "sameFrame": true,
          "detached": true,
          "sender": {
            "id": 1,
            "detached": true,
            "destroyed": false,
            "url": "file:///Users/friday/.hermes/profiles/friday/cache/scratch/T17-v6/tmp/T17-real-electron-ZA5Cje/.vite/build/offline.html?error=server",
            "processId": 5,
            "routingId": 1
          },
          "current": {
            "id": 1,
            "detached": true,
            "destroyed": false,
            "url": "file:///Users/friday/.hermes/profiles/friday/cache/scratch/T17-v6/tmp/T17-real-electron-ZA5Cje/.vite/build/offline.html?error=server",
            "processId": 5,
            "routingId": 1
          }
        },
        "native": false,
        "error": "caption-authorization-refused",
        "nativeEvents": []
      },
      {
        "action": "maximise",
        "document": "offline",
        "delivered": true,
        "tuple": {
          "fixture": 1,
          "action": "maximise",
          "document": "offline",
          "byIdSame": true,
          "byTokenSame": true,
          "byId": {
            "id": 1,
            "detached": true,
            "destroyed": false,
            "url": "file:///Users/friday/.hermes/profiles/friday/cache/scratch/T17-v6/tmp/T17-real-electron-ZA5Cje/.vite/build/offline.html?error=server",
            "processId": 5,
            "routingId": 1
          },
          "byToken": {
            "id": 1,
            "detached": true,
            "destroyed": false,
            "url": "file:///Users/friday/.hermes/profiles/friday/cache/scratch/T17-v6/tmp/T17-real-electron-ZA5Cje/.vite/build/offline.html?error=server",
            "processId": 5,
            "routingId": 1
          },
          "hosted": false,
          "offline": false,
          "self": false,
          "sameContents": true,
          "sameFrame": true,
          "detached": true,
          "sender": {
            "id": 1,
            "detached": true,
            "destroyed": false,
            "url": "file:///Users/friday/.hermes/profiles/friday/cache/scratch/T17-v6/tmp/T17-real-electron-ZA5Cje/.vite/build/offline.html?error=server",
            "processId": 5,
            "routingId": 1
          },
          "current": {
            "id": 1,
            "detached": true,
            "destroyed": false,
            "url": "file:///Users/friday/.hermes/profiles/friday/cache/scratch/T17-v6/tmp/T17-real-electron-ZA5Cje/.vite/build/offline.html?error=server",
            "processId": 5,
            "routingId": 1
          }
        },
        "native": false,
        "error": "caption-authorization-refused",
        "nativeEvents": []
      },
      {
        "action": "minimise",
        "document": "offline",
        "delivered": true,
        "tuple": {
          "fixture": 1,
          "action": "minimise",
          "document": "offline",
          "byIdSame": true,
          "byTokenSame": true,
          "byId": {
            "id": 1,
            "detached": true,
            "destroyed": false,
            "url": "file:///Users/friday/.hermes/profiles/friday/cache/scratch/T17-v6/tmp/T17-real-electron-ZA5Cje/.vite/build/offline.html?error=server",
            "processId": 5,
            "routingId": 1
          },
          "byToken": {
            "id": 1,
            "detached": true,
            "destroyed": false,
            "url": "file:///Users/friday/.hermes/profiles/friday/cache/scratch/T17-v6/tmp/T17-real-electron-ZA5Cje/.vite/build/offline.html?error=server",
            "processId": 5,
            "routingId": 1
          },
          "hosted": false,
          "offline": false,
          "self": false,
          "sameContents": true,
          "sameFrame": true,
          "detached": true,
          "sender": {
            "id": 1,
            "detached": true,
            "destroyed": false,
            "url": "file:///Users/friday/.hermes/profiles/friday/cache/scratch/T17-v6/tmp/T17-real-electron-ZA5Cje/.vite/build/offline.html?error=server",
            "processId": 5,
            "routingId": 1
          },
          "current": {
            "id": 1,
            "detached": true,
            "destroyed": false,
            "url": "file:///Users/friday/.hermes/profiles/friday/cache/scratch/T17-v6/tmp/T17-real-electron-ZA5Cje/.vite/build/offline.html?error=server",
            "processId": 5,
            "routingId": 1
          }
        },
        "native": false,
        "error": "caption-authorization-refused",
        "nativeEvents": []
      },
      {
        "action": "close",
        "document": "offline",
        "delivered": true,
        "tuple": {
          "fixture": 1,
          "action": "close",
          "document": "offline",
          "byIdSame": true,
          "byTokenSame": true,
          "byId": {
            "id": 1,
            "detached": true,
            "destroyed": false,
            "url": "file:///Users/friday/.hermes/profiles/friday/cache/scratch/T17-v6/tmp/T17-real-electron-ZA5Cje/.vite/build/offline.html?error=server",
            "processId": 5,
            "routingId": 1
          },
          "byToken": {
            "id": 1,
            "detached": true,
            "destroyed": false,
            "url": "file:///Users/friday/.hermes/profiles/friday/cache/scratch/T17-v6/tmp/T17-real-electron-ZA5Cje/.vite/build/offline.html?error=server",
            "processId": 5,
            "routingId": 1
          },
          "hosted": false,
          "offline": false,
          "self": false,
          "sameContents": true,
          "sameFrame": true,
          "detached": true,
          "sender": {
            "id": 1,
            "detached": true,
            "destroyed": false,
            "url": "file:///Users/friday/.hermes/profiles/friday/cache/scratch/T17-v6/tmp/T17-real-electron-ZA5Cje/.vite/build/offline.html?error=server",
            "processId": 5,
            "routingId": 1
          },
          "current": {
            "id": 1,
            "detached": true,
            "destroyed": false,
            "url": "file:///Users/friday/.hermes/profiles/friday/cache/scratch/T17-v6/tmp/T17-real-electron-ZA5Cje/.vite/build/offline.html?error=server",
            "processId": 5,
            "routingId": 1
          }
        },
        "native": false,
        "error": "caption-authorization-refused",
        "nativeEvents": []
      }
    ],
    "characterization": {
      "nativeOS": {
        "minimize": true,
        "restore": true,
        "close": true,
        "closed": true,
        "events": [
          "minimize",
          "restore",
          "close",
          "closed"
        ],
        "ipcUnchanged": true,
        "authorization": "not applicable: native main-process path, no renderer authority"
      }
    },
    "retryIntents": [],
    "frameStates": [
      {
        "event": "did-start-navigation",
        "fixture": 1,
        "frame": {
          "id": 1,
          "detached": false,
          "destroyed": false,
          "url": "",
          "processId": 4,
          "routingId": 1
        }
      },
      {
        "event": "did-navigate",
        "fixture": 1,
        "frame": {
          "id": 1,
          "detached": false,
          "destroyed": false,
          "url": "http://127.0.0.1:49270/app?configured=1",
          "processId": 4,
          "routingId": 1
        }
      },
      {
        "event": "dom-ready",
        "fixture": 1,
        "frame": {
          "id": 1,
          "detached": false,
          "destroyed": false,
          "url": "http://127.0.0.1:49270/app?configured=1",
          "processId": 4,
          "routingId": 1
        }
      },
      {
        "event": "did-finish-load",
        "fixture": 1,
        "frame": {
          "id": 1,
          "detached": false,
          "destroyed": false,
          "url": "http://127.0.0.1:49270/app?configured=1",
          "processId": 4,
          "routingId": 1
        }
      },
      {
        "event": "did-start-navigation",
        "fixture": 1,
        "frame": {
          "id": 1,
          "detached": true,
          "destroyed": false,
          "url": "",
          "processId": 5,
          "routingId": 1
        }
      },
      {
        "event": "render-process-gone",
        "fixture": 1,
        "frame": {
          "id": 1,
          "detached": true,
          "destroyed": false,
          "url": "",
          "processId": 5,
          "routingId": 1
        }
      },
      {
        "event": "did-navigate",
        "fixture": 1,
        "frame": {
          "id": 1,
          "detached": true,
          "destroyed": false,
          "url": "file:///Users/friday/.hermes/profiles/friday/cache/scratch/T17-v6/tmp/T17-real-electron-ZA5Cje/.vite/build/offline.html?error=server",
          "processId": 5,
          "routingId": 1
        }
      },
      {
        "event": "dom-ready",
        "fixture": 1,
        "frame": {
          "id": 1,
          "detached": true,
          "destroyed": false,
          "url": "file:///Users/friday/.hermes/profiles/friday/cache/scratch/T17-v6/tmp/T17-real-electron-ZA5Cje/.vite/build/offline.html?error=server",
          "processId": 5,
          "routingId": 1
        }
      },
      {
        "event": "did-finish-load",
        "fixture": 1,
        "frame": {
          "id": 1,
          "detached": true,
          "destroyed": false,
          "url": "file:///Users/friday/.hermes/profiles/friday/cache/scratch/T17-v6/tmp/T17-real-electron-ZA5Cje/.vite/build/offline.html?error=server",
          "processId": 5,
          "routingId": 1
        }
      },
      {
        "event": "did-start-navigation",
        "fixture": 2,
        "frame": {
          "id": 2,
          "detached": false,
          "destroyed": false,
          "url": "",
          "processId": 6,
          "routingId": 1
        }
      },
      {
        "event": "did-navigate",
        "fixture": 2,
        "frame": {
          "id": 2,
          "detached": false,
          "destroyed": false,
          "url": "http://127.0.0.1:49270/app?configured=1",
          "processId": 6,
          "routingId": 1
        }
      },
      {
        "event": "dom-ready",
        "fixture": 2,
        "frame": {
          "id": 2,
          "detached": false,
          "destroyed": false,
          "url": "http://127.0.0.1:49270/app?configured=1",
          "processId": 6,
          "routingId": 1
        }
      },
      {
        "event": "did-finish-load",
        "fixture": 2,
        "frame": {
          "id": 2,
          "detached": false,
          "destroyed": false,
          "url": "http://127.0.0.1:49270/app?configured=1",
          "processId": 6,
          "routingId": 1
        }
      },
      {
        "event": "did-start-navigation",
        "fixture": 2,
        "frame": {
          "id": 2,
          "detached": true,
          "destroyed": false,
          "url": "",
          "processId": 7,
          "routingId": 1
        }
      },
      {
        "event": "render-process-gone",
        "fixture": 2,
        "frame": {
          "id": 2,
          "detached": true,
          "destroyed": false,
          "url": "",
          "processId": 7,
          "routingId": 1
        }
      },
      {
        "event": "did-navigate",
        "fixture": 2,
        "frame": {
          "id": 2,
          "detached": true,
          "destroyed": false,
          "url": "file:///Users/friday/.hermes/profiles/friday/cache/scratch/T17-v6/tmp/T17-real-electron-ZA5Cje/.vite/build/offline.html?error=server",
          "processId": 7,
          "routingId": 1
        }
      },
      {
        "event": "dom-ready",
        "fixture": 2,
        "frame": {
          "id": 2,
          "detached": true,
          "destroyed": false,
          "url": "file:///Users/friday/.hermes/profiles/friday/cache/scratch/T17-v6/tmp/T17-real-electron-ZA5Cje/.vite/build/offline.html?error=server",
          "processId": 7,
          "routingId": 1
        }
      },
      {
        "event": "did-finish-load",
        "fixture": 2,
        "frame": {
          "id": 2,
          "detached": true,
          "destroyed": false,
          "url": "file:///Users/friday/.hermes/profiles/friday/cache/scratch/T17-v6/tmp/T17-real-electron-ZA5Cje/.vite/build/offline.html?error=server",
          "processId": 7,
          "routingId": 1
        }
      }
    ],
    "electron": "38.1.2",
    "modules": "139",
    "host": "darwin",
    "presentation": "win32",
    "finalPage": {
      "title": "Mutiny — Connection interrupted",
      "error": "Server",
      "heading": "Connection interrupted",
      "captionsHidden": false,
      "platform": "win32",
      "width": 900,
      "height": 600,
      "scrollWidth": 900,
      "bodyWidth": 900,
      "background": "rgb(35, 32, 47)",
      "controls": [
        {
          "id": "minimise",
          "width": 48,
          "height": 44
        },
        {
          "id": "maximise",
          "width": 48,
          "height": 44
        },
        {
          "id": "close",
          "width": 48,
          "height": 44
        },
        {
          "id": "retry",
          "width": 120,
          "height": 44
        }
      ]
    },
    "hits": 2,
    "captions": {
      "minimise": 1,
      "maximise": 2,
      "close": 1
    },
    "events": [
      "renderer:killed",
      "closed",
      "renderer:killed",
      "minimize",
      "restore",
      "close",
      "closed"
    ],
    "requests": [
      "http://127.0.0.1:49270/app?configured=1",
      "file:///Users/friday/.hermes/profiles/friday/cache/scratch/T17-v6/tmp/T17-real-electron-ZA5Cje/.vite/build/offline.html?error=server",
      "http://127.0.0.1:49270/app?configured=1",
      "file:///Users/friday/.hermes/profiles/friday/cache/scratch/T17-v6/tmp/T17-real-electron-ZA5Cje/.vite/build/offline.html?error=server"
    ],
    "consoleMessages": [],
    "failures": [],
    "emittedBytes": 4933,
    "emittedFile": "/Users/friday/.hermes/profiles/friday/cache/scratch/T17-v6/tmp/T17-real-electron-ZA5Cje/.vite/build/offline.html",
    "scope": "Isolated Electron harness only. Windows presentation simulated on macOS; not installed Windows/Linux runtime acceptance."
  }
}
Removed owned harness build, user-data and cache directories.
node:internal/modules/run_main:123
    triggerUncaughtException(
    ^

AssertionError [ERR_ASSERTION]: Non-gap Electron requirements failed: [{"mode":"darwin","scenario":"crash-retry-hosted","exit":1,"result":"FAIL","hardFailures":["crash-retry-hosted: Retry button did not recover configured HTTP 200 app (automatic retry paused)"]},{"mode":"darwin","scenario":"crash-native-os","exit":0,"result":"KNOWN-GAP","hardFailures":[]},{"mode":"win32","scenario":"crash-retry-hosted","exit":1,"result":"FAIL","hardFailures":["crash-retry-hosted: Retry button did not recover configured HTTP 200 app (automatic retry paused)"]},{"mode":"win32","scenario":"crash-native-os","exit":0,"result":"KNOWN-GAP","hardFailures":[]}]
    at file:///Users/friday/Projects/mutiny-rebuild/wt/T17/proof/T17/run-electron-runtime.mjs:63:10
    at process.processTicksAndRejections (node:internal/process/task_queues:103:5) {
  generatedMessage: false,
  code: 'ERR_ASSERTION',
  actual: false,
  expected: true,
  operator: '==',
  diff: 'simple'
}

Node.js v22.23.3
