[33mThe CJS build of Vite's Node API is deprecated. See https://vite.dev/guide/troubleshooting.html#vite-cjs-node-api-deprecated for more details.[39m
vite v5.4.20 building for production...
transforming...
✓ 7 modules transformed.
rendering chunks...
computing gzip size...
../../T17-real-electron-2pHlIo/.vite/build/offline.html                4.93 kB │ gzip: 2.05 kB
../../T17-real-electron-2pHlIo/.vite/build/electron-runtime-entry.js  16.86 kB │ gzip: 6.16 kB
✓ built in 128ms
vite v5.4.20 building for production...
transforming...
✓ 4 modules transformed.
rendering chunks...
computing gzip size...
../../T17-real-electron-2pHlIo/.vite/build/preload.js  1.25 kB │ gzip: 0.49 kB
✓ built in 14ms
vite v5.4.20 building for production...
transforming...
✓ 4 modules transformed.
rendering chunks...
computing gzip size...
../../T17-real-electron-2pHlIo/.vite/build/preload-win.js  1.25 kB │ gzip: 0.49 kB
✓ built in 16ms
AUTHORIZATION {"scenario":"crash-retry-hosted","mode":"darwin","action":"maximise","document":"offline","byIdSame":true,"byTokenSame":true,"byId":{"id":1,"detached":false,"destroyed":false,"url":"file:///Users/friday/.hermes/profiles/friday/cache/scratch/T17-real-electron-2pHlIo/.vite/build/offline.html?error=server","processId":5,"routingId":1},"byToken":{"id":1,"detached":false,"destroyed":false,"url":"file:///Users/friday/.hermes/profiles/friday/cache/scratch/T17-real-electron-2pHlIo/.vite/build/offline.html?error=server","processId":5,"routingId":1},"hosted":false,"offline":true,"self":true,"sameContents":true,"sameFrame":true,"detached":false,"sender":{"id":1,"detached":false,"destroyed":false,"url":"file:///Users/friday/.hermes/profiles/friday/cache/scratch/T17-real-electron-2pHlIo/.vite/build/offline.html?error=server","processId":5,"routingId":1},"current":{"id":1,"detached":false,"destroyed":false,"url":"file:///Users/friday/.hermes/profiles/friday/cache/scratch/T17-real-electron-2pHlIo/.vite/build/offline.html?error=server","processId":5,"routingId":1}}
AUTHORIZATION {"scenario":"crash-retry-hosted","mode":"darwin","action":"maximise","document":"offline","byIdSame":true,"byTokenSame":true,"byId":{"id":1,"detached":false,"destroyed":false,"url":"file:///Users/friday/.hermes/profiles/friday/cache/scratch/T17-real-electron-2pHlIo/.vite/build/offline.html?error=server","processId":5,"routingId":1},"byToken":{"id":1,"detached":false,"destroyed":false,"url":"file:///Users/friday/.hermes/profiles/friday/cache/scratch/T17-real-electron-2pHlIo/.vite/build/offline.html?error=server","processId":5,"routingId":1},"hosted":false,"offline":true,"self":true,"sameContents":true,"sameFrame":true,"detached":false,"sender":{"id":1,"detached":false,"destroyed":false,"url":"file:///Users/friday/.hermes/profiles/friday/cache/scratch/T17-real-electron-2pHlIo/.vite/build/offline.html?error=server","processId":5,"routingId":1},"current":{"id":1,"detached":false,"destroyed":false,"url":"file:///Users/friday/.hermes/profiles/friday/cache/scratch/T17-real-electron-2pHlIo/.vite/build/offline.html?error=server","processId":5,"routingId":1}}
AUTHORIZATION {"scenario":"crash-retry-hosted","mode":"darwin","action":"minimise","document":"offline","byIdSame":true,"byTokenSame":true,"byId":{"id":1,"detached":false,"destroyed":false,"url":"file:///Users/friday/.hermes/profiles/friday/cache/scratch/T17-real-electron-2pHlIo/.vite/build/offline.html?error=server","processId":5,"routingId":1},"byToken":{"id":1,"detached":false,"destroyed":false,"url":"file:///Users/friday/.hermes/profiles/friday/cache/scratch/T17-real-electron-2pHlIo/.vite/build/offline.html?error=server","processId":5,"routingId":1},"hosted":false,"offline":true,"self":true,"sameContents":true,"sameFrame":true,"detached":false,"sender":{"id":1,"detached":false,"destroyed":false,"url":"file:///Users/friday/.hermes/profiles/friday/cache/scratch/T17-real-electron-2pHlIo/.vite/build/offline.html?error=server","processId":5,"routingId":1},"current":{"id":1,"detached":false,"destroyed":false,"url":"file:///Users/friday/.hermes/profiles/friday/cache/scratch/T17-real-electron-2pHlIo/.vite/build/offline.html?error=server","processId":5,"routingId":1}}
AUTHORIZATION {"scenario":"crash-retry-hosted","mode":"darwin","action":"close","document":"offline","byIdSame":true,"byTokenSame":true,"byId":{"id":1,"detached":false,"destroyed":false,"url":"file:///Users/friday/.hermes/profiles/friday/cache/scratch/T17-real-electron-2pHlIo/.vite/build/offline.html?error=server","processId":5,"routingId":1},"byToken":{"id":1,"detached":false,"destroyed":false,"url":"file:///Users/friday/.hermes/profiles/friday/cache/scratch/T17-real-electron-2pHlIo/.vite/build/offline.html?error=server","processId":5,"routingId":1},"hosted":false,"offline":true,"self":true,"sameContents":true,"sameFrame":true,"detached":false,"sender":{"id":1,"detached":false,"destroyed":false,"url":"file:///Users/friday/.hermes/profiles/friday/cache/scratch/T17-real-electron-2pHlIo/.vite/build/offline.html?error=server","processId":5,"routingId":1},"current":{"id":1,"detached":false,"destroyed":false,"url":"file:///Users/friday/.hermes/profiles/friday/cache/scratch/T17-real-electron-2pHlIo/.vite/build/offline.html?error=server","processId":5,"routingId":1}}

TypeError: Object has been destroyed
    at De (/Users/friday/.hermes/profiles/friday/cache/scratch/T17-real-electron-2pHlIo/.vite/build/electron-runtime-entry.js:1:13633)
{
  "passed": false,
  "result": "FAIL",
  "exit": 1,
  "knownGaps": [],
  "hardFailures": [
    "TypeError: Object has been destroyed",
    "caption action inventory mismatch"
  ],
  "scenario": "crash-retry-hosted",
  "port": 49270,
  "electron": "44.5.1",
  "host": "darwin",
  "presentation": "darwin",
  "authorization": [
    {
      "action": "maximise",
      "document": "offline",
      "byIdSame": true,
      "byTokenSame": true,
      "byId": {
        "id": 1,
        "detached": false,
        "destroyed": false,
        "url": "file:///Users/friday/.hermes/profiles/friday/cache/scratch/T17-real-electron-2pHlIo/.vite/build/offline.html?error=server",
        "processId": 5,
        "routingId": 1
      },
      "byToken": {
        "id": 1,
        "detached": false,
        "destroyed": false,
        "url": "file:///Users/friday/.hermes/profiles/friday/cache/scratch/T17-real-electron-2pHlIo/.vite/build/offline.html?error=server",
        "processId": 5,
        "routingId": 1
      },
      "hosted": false,
      "offline": true,
      "self": true,
      "sameContents": true,
      "sameFrame": true,
      "detached": false,
      "sender": {
        "id": 1,
        "detached": false,
        "destroyed": false,
        "url": "file:///Users/friday/.hermes/profiles/friday/cache/scratch/T17-real-electron-2pHlIo/.vite/build/offline.html?error=server",
        "processId": 5,
        "routingId": 1
      },
      "current": {
        "id": 1,
        "detached": false,
        "destroyed": false,
        "url": "file:///Users/friday/.hermes/profiles/friday/cache/scratch/T17-real-electron-2pHlIo/.vite/build/offline.html?error=server",
        "processId": 5,
        "routingId": 1
      }
    },
    {
      "action": "maximise",
      "document": "offline",
      "byIdSame": true,
      "byTokenSame": true,
      "byId": {
        "id": 1,
        "detached": false,
        "destroyed": false,
        "url": "file:///Users/friday/.hermes/profiles/friday/cache/scratch/T17-real-electron-2pHlIo/.vite/build/offline.html?error=server",
        "processId": 5,
        "routingId": 1
      },
      "byToken": {
        "id": 1,
        "detached": false,
        "destroyed": false,
        "url": "file:///Users/friday/.hermes/profiles/friday/cache/scratch/T17-real-electron-2pHlIo/.vite/build/offline.html?error=server",
        "processId": 5,
        "routingId": 1
      },
      "hosted": false,
      "offline": true,
      "self": true,
      "sameContents": true,
      "sameFrame": true,
      "detached": false,
      "sender": {
        "id": 1,
        "detached": false,
        "destroyed": false,
        "url": "file:///Users/friday/.hermes/profiles/friday/cache/scratch/T17-real-electron-2pHlIo/.vite/build/offline.html?error=server",
        "processId": 5,
        "routingId": 1
      },
      "current": {
        "id": 1,
        "detached": false,
        "destroyed": false,
        "url": "file:///Users/friday/.hermes/profiles/friday/cache/scratch/T17-real-electron-2pHlIo/.vite/build/offline.html?error=server",
        "processId": 5,
        "routingId": 1
      }
    },
    {
      "action": "minimise",
      "document": "offline",
      "byIdSame": true,
      "byTokenSame": true,
      "byId": {
        "id": 1,
        "detached": false,
        "destroyed": false,
        "url": "file:///Users/friday/.hermes/profiles/friday/cache/scratch/T17-real-electron-2pHlIo/.vite/build/offline.html?error=server",
        "processId": 5,
        "routingId": 1
      },
      "byToken": {
        "id": 1,
        "detached": false,
        "destroyed": false,
        "url": "file:///Users/friday/.hermes/profiles/friday/cache/scratch/T17-real-electron-2pHlIo/.vite/build/offline.html?error=server",
        "processId": 5,
        "routingId": 1
      },
      "hosted": false,
      "offline": true,
      "self": true,
      "sameContents": true,
      "sameFrame": true,
      "detached": false,
      "sender": {
        "id": 1,
        "detached": false,
        "destroyed": false,
        "url": "file:///Users/friday/.hermes/profiles/friday/cache/scratch/T17-real-electron-2pHlIo/.vite/build/offline.html?error=server",
        "processId": 5,
        "routingId": 1
      },
      "current": {
        "id": 1,
        "detached": false,
        "destroyed": false,
        "url": "file:///Users/friday/.hermes/profiles/friday/cache/scratch/T17-real-electron-2pHlIo/.vite/build/offline.html?error=server",
        "processId": 5,
        "routingId": 1
      }
    },
    {
      "action": "close",
      "document": "offline",
      "byIdSame": true,
      "byTokenSame": true,
      "byId": {
        "id": 1,
        "detached": false,
        "destroyed": false,
        "url": "file:///Users/friday/.hermes/profiles/friday/cache/scratch/T17-real-electron-2pHlIo/.vite/build/offline.html?error=server",
        "processId": 5,
        "routingId": 1
      },
      "byToken": {
        "id": 1,
        "detached": false,
        "destroyed": false,
        "url": "file:///Users/friday/.hermes/profiles/friday/cache/scratch/T17-real-electron-2pHlIo/.vite/build/offline.html?error=server",
        "processId": 5,
        "routingId": 1
      },
      "hosted": false,
      "offline": true,
      "self": true,
      "sameContents": true,
      "sameFrame": true,
      "detached": false,
      "sender": {
        "id": 1,
        "detached": false,
        "destroyed": false,
        "url": "file:///Users/friday/.hermes/profiles/friday/cache/scratch/T17-real-electron-2pHlIo/.vite/build/offline.html?error=server",
        "processId": 5,
        "routingId": 1
      },
      "current": {
        "id": 1,
        "detached": false,
        "destroyed": false,
        "url": "file:///Users/friday/.hermes/profiles/friday/cache/scratch/T17-real-electron-2pHlIo/.vite/build/offline.html?error=server",
        "processId": 5,
        "routingId": 1
      }
    }
  ],
  "captionActions": [
    {
      "action": "maximise",
      "document": "offline",
      "delivered": true,
      "tuple": {
        "action": "maximise",
        "document": "offline",
        "byIdSame": true,
        "byTokenSame": true,
        "byId": {
          "id": 1,
          "detached": false,
          "destroyed": false,
          "url": "file:///Users/friday/.hermes/profiles/friday/cache/scratch/T17-real-electron-2pHlIo/.vite/build/offline.html?error=server",
          "processId": 5,
          "routingId": 1
        },
        "byToken": {
          "id": 1,
          "detached": false,
          "destroyed": false,
          "url": "file:///Users/friday/.hermes/profiles/friday/cache/scratch/T17-real-electron-2pHlIo/.vite/build/offline.html?error=server",
          "processId": 5,
          "routingId": 1
        },
        "hosted": false,
        "offline": true,
        "self": true,
        "sameContents": true,
        "sameFrame": true,
        "detached": false,
        "sender": {
          "id": 1,
          "detached": false,
          "destroyed": false,
          "url": "file:///Users/friday/.hermes/profiles/friday/cache/scratch/T17-real-electron-2pHlIo/.vite/build/offline.html?error=server",
          "processId": 5,
          "routingId": 1
        },
        "current": {
          "id": 1,
          "detached": false,
          "destroyed": false,
          "url": "file:///Users/friday/.hermes/profiles/friday/cache/scratch/T17-real-electron-2pHlIo/.vite/build/offline.html?error=server",
          "processId": 5,
          "routingId": 1
        }
      },
      "native": true,
      "error": null,
      "nativeEvents": [
        "maximize"
      ]
    },
    {
      "action": "maximise",
      "document": "offline",
      "delivered": true,
      "tuple": {
        "action": "maximise",
        "document": "offline",
        "byIdSame": true,
        "byTokenSame": true,
        "byId": {
          "id": 1,
          "detached": false,
          "destroyed": false,
          "url": "file:///Users/friday/.hermes/profiles/friday/cache/scratch/T17-real-electron-2pHlIo/.vite/build/offline.html?error=server",
          "processId": 5,
          "routingId": 1
        },
        "byToken": {
          "id": 1,
          "detached": false,
          "destroyed": false,
          "url": "file:///Users/friday/.hermes/profiles/friday/cache/scratch/T17-real-electron-2pHlIo/.vite/build/offline.html?error=server",
          "processId": 5,
          "routingId": 1
        },
        "hosted": false,
        "offline": true,
        "self": true,
        "sameContents": true,
        "sameFrame": true,
        "detached": false,
        "sender": {
          "id": 1,
          "detached": false,
          "destroyed": false,
          "url": "file:///Users/friday/.hermes/profiles/friday/cache/scratch/T17-real-electron-2pHlIo/.vite/build/offline.html?error=server",
          "processId": 5,
          "routingId": 1
        },
        "current": {
          "id": 1,
          "detached": false,
          "destroyed": false,
          "url": "file:///Users/friday/.hermes/profiles/friday/cache/scratch/T17-real-electron-2pHlIo/.vite/build/offline.html?error=server",
          "processId": 5,
          "routingId": 1
        }
      },
      "native": true,
      "error": null,
      "nativeEvents": [
        "unmaximize"
      ]
    },
    {
      "action": "minimise",
      "document": "offline",
      "delivered": true,
      "tuple": {
        "action": "minimise",
        "document": "offline",
        "byIdSame": true,
        "byTokenSame": true,
        "byId": {
          "id": 1,
          "detached": false,
          "destroyed": false,
          "url": "file:///Users/friday/.hermes/profiles/friday/cache/scratch/T17-real-electron-2pHlIo/.vite/build/offline.html?error=server",
          "processId": 5,
          "routingId": 1
        },
        "byToken": {
          "id": 1,
          "detached": false,
          "destroyed": false,
          "url": "file:///Users/friday/.hermes/profiles/friday/cache/scratch/T17-real-electron-2pHlIo/.vite/build/offline.html?error=server",
          "processId": 5,
          "routingId": 1
        },
        "hosted": false,
        "offline": true,
        "self": true,
        "sameContents": true,
        "sameFrame": true,
        "detached": false,
        "sender": {
          "id": 1,
          "detached": false,
          "destroyed": false,
          "url": "file:///Users/friday/.hermes/profiles/friday/cache/scratch/T17-real-electron-2pHlIo/.vite/build/offline.html?error=server",
          "processId": 5,
          "routingId": 1
        },
        "current": {
          "id": 1,
          "detached": false,
          "destroyed": false,
          "url": "file:///Users/friday/.hermes/profiles/friday/cache/scratch/T17-real-electron-2pHlIo/.vite/build/offline.html?error=server",
          "processId": 5,
          "routingId": 1
        }
      },
      "native": true,
      "error": null,
      "nativeEvents": [
        "minimize"
      ]
    },
    {
      "action": "close",
      "document": "offline",
      "delivered": true,
      "tuple": {
        "action": "close",
        "document": "offline",
        "byIdSame": true,
        "byTokenSame": true,
        "byId": {
          "id": 1,
          "detached": false,
          "destroyed": false,
          "url": "file:///Users/friday/.hermes/profiles/friday/cache/scratch/T17-real-electron-2pHlIo/.vite/build/offline.html?error=server",
          "processId": 5,
          "routingId": 1
        },
        "byToken": {
          "id": 1,
          "detached": false,
          "destroyed": false,
          "url": "file:///Users/friday/.hermes/profiles/friday/cache/scratch/T17-real-electron-2pHlIo/.vite/build/offline.html?error=server",
          "processId": 5,
          "routingId": 1
        },
        "hosted": false,
        "offline": true,
        "self": true,
        "sameContents": true,
        "sameFrame": true,
        "detached": false,
        "sender": {
          "id": 1,
          "detached": false,
          "destroyed": false,
          "url": "file:///Users/friday/.hermes/profiles/friday/cache/scratch/T17-real-electron-2pHlIo/.vite/build/offline.html?error=server",
          "processId": 5,
          "routingId": 1
        },
        "current": {
          "id": 1,
          "detached": false,
          "destroyed": false,
          "url": "file:///Users/friday/.hermes/profiles/friday/cache/scratch/T17-real-electron-2pHlIo/.vite/build/offline.html?error=server",
          "processId": 5,
          "routingId": 1
        }
      },
      "native": true,
      "error": null,
      "nativeEvents": [
        "close",
        "closed"
      ]
    }
  ],
  "characterization": {},
  "retryIntents": [],
  "frameStates": [
    {
      "event": "did-start-navigation",
      "frame": {
        "id": 1,
        "detached": false,
        "destroyed": false,
        "url": "",
        "processId": 4,
        "routingId": 1
      }
    },
    {
      "event": "did-navigate",
      "frame": {
        "id": 1,
        "detached": false,
        "destroyed": false,
        "url": "http://127.0.0.1:49270/app?configured=1",
        "processId": 4,
        "routingId": 1
      }
    },
    {
      "event": "dom-ready",
      "frame": {
        "id": 1,
        "detached": false,
        "destroyed": false,
        "url": "http://127.0.0.1:49270/app?configured=1",
        "processId": 4,
        "routingId": 1
      }
    },
    {
      "event": "did-finish-load",
      "frame": {
        "id": 1,
        "detached": false,
        "destroyed": false,
        "url": "http://127.0.0.1:49270/app?configured=1",
        "processId": 4,
        "routingId": 1
      }
    },
    {
      "event": "did-start-navigation",
      "frame": {
        "id": 1,
        "detached": false,
        "destroyed": false,
        "url": "",
        "processId": 5,
        "routingId": 1
      }
    },
    {
      "event": "render-process-gone",
      "frame": {
        "id": 1,
        "detached": false,
        "destroyed": false,
        "url": "",
        "processId": 5,
        "routingId": 1
      }
    },
    {
      "event": "did-navigate",
      "frame": {
        "id": 1,
        "detached": false,
        "destroyed": false,
        "url": "file:///Users/friday/.hermes/profiles/friday/cache/scratch/T17-real-electron-2pHlIo/.vite/build/offline.html?error=server",
        "processId": 5,
        "routingId": 1
      }
    },
    {
      "event": "dom-ready",
      "frame": {
        "id": 1,
        "detached": false,
        "destroyed": false,
        "url": "file:///Users/friday/.hermes/profiles/friday/cache/scratch/T17-real-electron-2pHlIo/.vite/build/offline.html?error=server",
        "processId": 5,
        "routingId": 1
      }
    },
    {
      "event": "did-finish-load",
      "frame": {
        "id": 1,
        "detached": false,
        "destroyed": false,
        "url": "file:///Users/friday/.hermes/profiles/friday/cache/scratch/T17-real-electron-2pHlIo/.vite/build/offline.html?error=server",
        "processId": 5,
        "routingId": 1
      }
    }
  ],
  "consoleMessages": [],
  "failures": [],
  "requests": [
    "http://127.0.0.1:49270/app?configured=1",
    "file:///Users/friday/.hermes/profiles/friday/cache/scratch/T17-real-electron-2pHlIo/.vite/build/offline.html?error=server"
  ],
  "captions": {
    "minimise": 1,
    "maximise": 2,
    "close": 1
  },
  "events": [
    "renderer:killed",
    "maximize",
    "unmaximize",
    "minimize",
    "restore",
    "close",
    "closed"
  ],
  "url": null
}

{
  "mode": "darwin",
  "scenario": "crash-retry-hosted",
  "exit": 1,
  "emittedSHA256": "33aba3c676f65b56a45ffcc3dde2a16c75846636717ca280087940f00c0ed712",
  "receipt": {
    "passed": false,
    "result": "FAIL",
    "exit": 1,
    "knownGaps": [],
    "hardFailures": [
      "TypeError: Object has been destroyed",
      "caption action inventory mismatch"
    ],
    "scenario": "crash-retry-hosted",
    "port": 49270,
    "electron": "44.5.1",
    "host": "darwin",
    "presentation": "darwin",
    "authorization": [
      {
        "action": "maximise",
        "document": "offline",
        "byIdSame": true,
        "byTokenSame": true,
        "byId": {
          "id": 1,
          "detached": false,
          "destroyed": false,
          "url": "file:///Users/friday/.hermes/profiles/friday/cache/scratch/T17-real-electron-2pHlIo/.vite/build/offline.html?error=server",
          "processId": 5,
          "routingId": 1
        },
        "byToken": {
          "id": 1,
          "detached": false,
          "destroyed": false,
          "url": "file:///Users/friday/.hermes/profiles/friday/cache/scratch/T17-real-electron-2pHlIo/.vite/build/offline.html?error=server",
          "processId": 5,
          "routingId": 1
        },
        "hosted": false,
        "offline": true,
        "self": true,
        "sameContents": true,
        "sameFrame": true,
        "detached": false,
        "sender": {
          "id": 1,
          "detached": false,
          "destroyed": false,
          "url": "file:///Users/friday/.hermes/profiles/friday/cache/scratch/T17-real-electron-2pHlIo/.vite/build/offline.html?error=server",
          "processId": 5,
          "routingId": 1
        },
        "current": {
          "id": 1,
          "detached": false,
          "destroyed": false,
          "url": "file:///Users/friday/.hermes/profiles/friday/cache/scratch/T17-real-electron-2pHlIo/.vite/build/offline.html?error=server",
          "processId": 5,
          "routingId": 1
        }
      },
      {
        "action": "maximise",
        "document": "offline",
        "byIdSame": true,
        "byTokenSame": true,
        "byId": {
          "id": 1,
          "detached": false,
          "destroyed": false,
          "url": "file:///Users/friday/.hermes/profiles/friday/cache/scratch/T17-real-electron-2pHlIo/.vite/build/offline.html?error=server",
          "processId": 5,
          "routingId": 1
        },
        "byToken": {
          "id": 1,
          "detached": false,
          "destroyed": false,
          "url": "file:///Users/friday/.hermes/profiles/friday/cache/scratch/T17-real-electron-2pHlIo/.vite/build/offline.html?error=server",
          "processId": 5,
          "routingId": 1
        },
        "hosted": false,
        "offline": true,
        "self": true,
        "sameContents": true,
        "sameFrame": true,
        "detached": false,
        "sender": {
          "id": 1,
          "detached": false,
          "destroyed": false,
          "url": "file:///Users/friday/.hermes/profiles/friday/cache/scratch/T17-real-electron-2pHlIo/.vite/build/offline.html?error=server",
          "processId": 5,
          "routingId": 1
        },
        "current": {
          "id": 1,
          "detached": false,
          "destroyed": false,
          "url": "file:///Users/friday/.hermes/profiles/friday/cache/scratch/T17-real-electron-2pHlIo/.vite/build/offline.html?error=server",
          "processId": 5,
          "routingId": 1
        }
      },
      {
        "action": "minimise",
        "document": "offline",
        "byIdSame": true,
        "byTokenSame": true,
        "byId": {
          "id": 1,
          "detached": false,
          "destroyed": false,
          "url": "file:///Users/friday/.hermes/profiles/friday/cache/scratch/T17-real-electron-2pHlIo/.vite/build/offline.html?error=server",
          "processId": 5,
          "routingId": 1
        },
        "byToken": {
          "id": 1,
          "detached": false,
          "destroyed": false,
          "url": "file:///Users/friday/.hermes/profiles/friday/cache/scratch/T17-real-electron-2pHlIo/.vite/build/offline.html?error=server",
          "processId": 5,
          "routingId": 1
        },
        "hosted": false,
        "offline": true,
        "self": true,
        "sameContents": true,
        "sameFrame": true,
        "detached": false,
        "sender": {
          "id": 1,
          "detached": false,
          "destroyed": false,
          "url": "file:///Users/friday/.hermes/profiles/friday/cache/scratch/T17-real-electron-2pHlIo/.vite/build/offline.html?error=server",
          "processId": 5,
          "routingId": 1
        },
        "current": {
          "id": 1,
          "detached": false,
          "destroyed": false,
          "url": "file:///Users/friday/.hermes/profiles/friday/cache/scratch/T17-real-electron-2pHlIo/.vite/build/offline.html?error=server",
          "processId": 5,
          "routingId": 1
        }
      },
      {
        "action": "close",
        "document": "offline",
        "byIdSame": true,
        "byTokenSame": true,
        "byId": {
          "id": 1,
          "detached": false,
          "destroyed": false,
          "url": "file:///Users/friday/.hermes/profiles/friday/cache/scratch/T17-real-electron-2pHlIo/.vite/build/offline.html?error=server",
          "processId": 5,
          "routingId": 1
        },
        "byToken": {
          "id": 1,
          "detached": false,
          "destroyed": false,
          "url": "file:///Users/friday/.hermes/profiles/friday/cache/scratch/T17-real-electron-2pHlIo/.vite/build/offline.html?error=server",
          "processId": 5,
          "routingId": 1
        },
        "hosted": false,
        "offline": true,
        "self": true,
        "sameContents": true,
        "sameFrame": true,
        "detached": false,
        "sender": {
          "id": 1,
          "detached": false,
          "destroyed": false,
          "url": "file:///Users/friday/.hermes/profiles/friday/cache/scratch/T17-real-electron-2pHlIo/.vite/build/offline.html?error=server",
          "processId": 5,
          "routingId": 1
        },
        "current": {
          "id": 1,
          "detached": false,
          "destroyed": false,
          "url": "file:///Users/friday/.hermes/profiles/friday/cache/scratch/T17-real-electron-2pHlIo/.vite/build/offline.html?error=server",
          "processId": 5,
          "routingId": 1
        }
      }
    ],
    "captionActions": [
      {
        "action": "maximise",
        "document": "offline",
        "delivered": true,
        "tuple": {
          "action": "maximise",
          "document": "offline",
          "byIdSame": true,
          "byTokenSame": true,
          "byId": {
            "id": 1,
            "detached": false,
            "destroyed": false,
            "url": "file:///Users/friday/.hermes/profiles/friday/cache/scratch/T17-real-electron-2pHlIo/.vite/build/offline.html?error=server",
            "processId": 5,
            "routingId": 1
          },
          "byToken": {
            "id": 1,
            "detached": false,
            "destroyed": false,
            "url": "file:///Users/friday/.hermes/profiles/friday/cache/scratch/T17-real-electron-2pHlIo/.vite/build/offline.html?error=server",
            "processId": 5,
            "routingId": 1
          },
          "hosted": false,
          "offline": true,
          "self": true,
          "sameContents": true,
          "sameFrame": true,
          "detached": false,
          "sender": {
            "id": 1,
            "detached": false,
            "destroyed": false,
            "url": "file:///Users/friday/.hermes/profiles/friday/cache/scratch/T17-real-electron-2pHlIo/.vite/build/offline.html?error=server",
            "processId": 5,
            "routingId": 1
          },
          "current": {
            "id": 1,
            "detached": false,
            "destroyed": false,
            "url": "file:///Users/friday/.hermes/profiles/friday/cache/scratch/T17-real-electron-2pHlIo/.vite/build/offline.html?error=server",
            "processId": 5,
            "routingId": 1
          }
        },
        "native": true,
        "error": null,
        "nativeEvents": [
          "maximize"
        ]
      },
      {
        "action": "maximise",
        "document": "offline",
        "delivered": true,
        "tuple": {
          "action": "maximise",
          "document": "offline",
          "byIdSame": true,
          "byTokenSame": true,
          "byId": {
            "id": 1,
            "detached": false,
            "destroyed": false,
            "url": "file:///Users/friday/.hermes/profiles/friday/cache/scratch/T17-real-electron-2pHlIo/.vite/build/offline.html?error=server",
            "processId": 5,
            "routingId": 1
          },
          "byToken": {
            "id": 1,
            "detached": false,
            "destroyed": false,
            "url": "file:///Users/friday/.hermes/profiles/friday/cache/scratch/T17-real-electron-2pHlIo/.vite/build/offline.html?error=server",
            "processId": 5,
            "routingId": 1
          },
          "hosted": false,
          "offline": true,
          "self": true,
          "sameContents": true,
          "sameFrame": true,
          "detached": false,
          "sender": {
            "id": 1,
            "detached": false,
            "destroyed": false,
            "url": "file:///Users/friday/.hermes/profiles/friday/cache/scratch/T17-real-electron-2pHlIo/.vite/build/offline.html?error=server",
            "processId": 5,
            "routingId": 1
          },
          "current": {
            "id": 1,
            "detached": false,
            "destroyed": false,
            "url": "file:///Users/friday/.hermes/profiles/friday/cache/scratch/T17-real-electron-2pHlIo/.vite/build/offline.html?error=server",
            "processId": 5,
            "routingId": 1
          }
        },
        "native": true,
        "error": null,
        "nativeEvents": [
          "unmaximize"
        ]
      },
      {
        "action": "minimise",
        "document": "offline",
        "delivered": true,
        "tuple": {
          "action": "minimise",
          "document": "offline",
          "byIdSame": true,
          "byTokenSame": true,
          "byId": {
            "id": 1,
            "detached": false,
            "destroyed": false,
            "url": "file:///Users/friday/.hermes/profiles/friday/cache/scratch/T17-real-electron-2pHlIo/.vite/build/offline.html?error=server",
            "processId": 5,
            "routingId": 1
          },
          "byToken": {
            "id": 1,
            "detached": false,
            "destroyed": false,
            "url": "file:///Users/friday/.hermes/profiles/friday/cache/scratch/T17-real-electron-2pHlIo/.vite/build/offline.html?error=server",
            "processId": 5,
            "routingId": 1
          },
          "hosted": false,
          "offline": true,
          "self": true,
          "sameContents": true,
          "sameFrame": true,
          "detached": false,
          "sender": {
            "id": 1,
            "detached": false,
            "destroyed": false,
            "url": "file:///Users/friday/.hermes/profiles/friday/cache/scratch/T17-real-electron-2pHlIo/.vite/build/offline.html?error=server",
            "processId": 5,
            "routingId": 1
          },
          "current": {
            "id": 1,
            "detached": false,
            "destroyed": false,
            "url": "file:///Users/friday/.hermes/profiles/friday/cache/scratch/T17-real-electron-2pHlIo/.vite/build/offline.html?error=server",
            "processId": 5,
            "routingId": 1
          }
        },
        "native": true,
        "error": null,
        "nativeEvents": [
          "minimize"
        ]
      },
      {
        "action": "close",
        "document": "offline",
        "delivered": true,
        "tuple": {
          "action": "close",
          "document": "offline",
          "byIdSame": true,
          "byTokenSame": true,
          "byId": {
            "id": 1,
            "detached": false,
            "destroyed": false,
            "url": "file:///Users/friday/.hermes/profiles/friday/cache/scratch/T17-real-electron-2pHlIo/.vite/build/offline.html?error=server",
            "processId": 5,
            "routingId": 1
          },
          "byToken": {
            "id": 1,
            "detached": false,
            "destroyed": false,
            "url": "file:///Users/friday/.hermes/profiles/friday/cache/scratch/T17-real-electron-2pHlIo/.vite/build/offline.html?error=server",
            "processId": 5,
            "routingId": 1
          },
          "hosted": false,
          "offline": true,
          "self": true,
          "sameContents": true,
          "sameFrame": true,
          "detached": false,
          "sender": {
            "id": 1,
            "detached": false,
            "destroyed": false,
            "url": "file:///Users/friday/.hermes/profiles/friday/cache/scratch/T17-real-electron-2pHlIo/.vite/build/offline.html?error=server",
            "processId": 5,
            "routingId": 1
          },
          "current": {
            "id": 1,
            "detached": false,
            "destroyed": false,
            "url": "file:///Users/friday/.hermes/profiles/friday/cache/scratch/T17-real-electron-2pHlIo/.vite/build/offline.html?error=server",
            "processId": 5,
            "routingId": 1
          }
        },
        "native": true,
        "error": null,
        "nativeEvents": [
          "close",
          "closed"
        ]
      }
    ],
    "characterization": {},
    "retryIntents": [],
    "frameStates": [
      {
        "event": "did-start-navigation",
        "frame": {
          "id": 1,
          "detached": false,
          "destroyed": false,
          "url": "",
          "processId": 4,
          "routingId": 1
        }
      },
      {
        "event": "did-navigate",
        "frame": {
          "id": 1,
          "detached": false,
          "destroyed": false,
          "url": "http://127.0.0.1:49270/app?configured=1",
          "processId": 4,
          "routingId": 1
        }
      },
      {
        "event": "dom-ready",
        "frame": {
          "id": 1,
          "detached": false,
          "destroyed": false,
          "url": "http://127.0.0.1:49270/app?configured=1",
          "processId": 4,
          "routingId": 1
        }
      },
      {
        "event": "did-finish-load",
        "frame": {
          "id": 1,
          "detached": false,
          "destroyed": false,
          "url": "http://127.0.0.1:49270/app?configured=1",
          "processId": 4,
          "routingId": 1
        }
      },
      {
        "event": "did-start-navigation",
        "frame": {
          "id": 1,
          "detached": false,
          "destroyed": false,
          "url": "",
          "processId": 5,
          "routingId": 1
        }
      },
      {
        "event": "render-process-gone",
        "frame": {
          "id": 1,
          "detached": false,
          "destroyed": false,
          "url": "",
          "processId": 5,
          "routingId": 1
        }
      },
      {
        "event": "did-navigate",
        "frame": {
          "id": 1,
          "detached": false,
          "destroyed": false,
          "url": "file:///Users/friday/.hermes/profiles/friday/cache/scratch/T17-real-electron-2pHlIo/.vite/build/offline.html?error=server",
          "processId": 5,
          "routingId": 1
        }
      },
      {
        "event": "dom-ready",
        "frame": {
          "id": 1,
          "detached": false,
          "destroyed": false,
          "url": "file:///Users/friday/.hermes/profiles/friday/cache/scratch/T17-real-electron-2pHlIo/.vite/build/offline.html?error=server",
          "processId": 5,
          "routingId": 1
        }
      },
      {
        "event": "did-finish-load",
        "frame": {
          "id": 1,
          "detached": false,
          "destroyed": false,
          "url": "file:///Users/friday/.hermes/profiles/friday/cache/scratch/T17-real-electron-2pHlIo/.vite/build/offline.html?error=server",
          "processId": 5,
          "routingId": 1
        }
      }
    ],
    "consoleMessages": [],
    "failures": [],
    "requests": [
      "http://127.0.0.1:49270/app?configured=1",
      "file:///Users/friday/.hermes/profiles/friday/cache/scratch/T17-real-electron-2pHlIo/.vite/build/offline.html?error=server"
    ],
    "captions": {
      "minimise": 1,
      "maximise": 2,
      "close": 1
    },
    "events": [
      "renderer:killed",
      "maximize",
      "unmaximize",
      "minimize",
      "restore",
      "close",
      "closed"
    ],
    "url": null
  }
}
AUTHORIZATION {"scenario":"crash-native-os","mode":"darwin","action":"maximise","document":"offline","byIdSame":true,"byTokenSame":true,"byId":{"id":1,"detached":false,"destroyed":false,"url":"file:///Users/friday/.hermes/profiles/friday/cache/scratch/T17-real-electron-2pHlIo/.vite/build/offline.html?error=server","processId":5,"routingId":1},"byToken":{"id":1,"detached":false,"destroyed":false,"url":"file:///Users/friday/.hermes/profiles/friday/cache/scratch/T17-real-electron-2pHlIo/.vite/build/offline.html?error=server","processId":5,"routingId":1},"hosted":false,"offline":true,"self":true,"sameContents":true,"sameFrame":true,"detached":false,"sender":{"id":1,"detached":false,"destroyed":false,"url":"file:///Users/friday/.hermes/profiles/friday/cache/scratch/T17-real-electron-2pHlIo/.vite/build/offline.html?error=server","processId":5,"routingId":1},"current":{"id":1,"detached":false,"destroyed":false,"url":"file:///Users/friday/.hermes/profiles/friday/cache/scratch/T17-real-electron-2pHlIo/.vite/build/offline.html?error=server","processId":5,"routingId":1}}
AUTHORIZATION {"scenario":"crash-native-os","mode":"darwin","action":"maximise","document":"offline","byIdSame":true,"byTokenSame":true,"byId":{"id":1,"detached":false,"destroyed":false,"url":"file:///Users/friday/.hermes/profiles/friday/cache/scratch/T17-real-electron-2pHlIo/.vite/build/offline.html?error=server","processId":5,"routingId":1},"byToken":{"id":1,"detached":false,"destroyed":false,"url":"file:///Users/friday/.hermes/profiles/friday/cache/scratch/T17-real-electron-2pHlIo/.vite/build/offline.html?error=server","processId":5,"routingId":1},"hosted":false,"offline":true,"self":true,"sameContents":true,"sameFrame":true,"detached":false,"sender":{"id":1,"detached":false,"destroyed":false,"url":"file:///Users/friday/.hermes/profiles/friday/cache/scratch/T17-real-electron-2pHlIo/.vite/build/offline.html?error=server","processId":5,"routingId":1},"current":{"id":1,"detached":false,"destroyed":false,"url":"file:///Users/friday/.hermes/profiles/friday/cache/scratch/T17-real-electron-2pHlIo/.vite/build/offline.html?error=server","processId":5,"routingId":1}}
AUTHORIZATION {"scenario":"crash-native-os","mode":"darwin","action":"minimise","document":"offline","byIdSame":true,"byTokenSame":true,"byId":{"id":1,"detached":false,"destroyed":false,"url":"file:///Users/friday/.hermes/profiles/friday/cache/scratch/T17-real-electron-2pHlIo/.vite/build/offline.html?error=server","processId":5,"routingId":1},"byToken":{"id":1,"detached":false,"destroyed":false,"url":"file:///Users/friday/.hermes/profiles/friday/cache/scratch/T17-real-electron-2pHlIo/.vite/build/offline.html?error=server","processId":5,"routingId":1},"hosted":false,"offline":true,"self":true,"sameContents":true,"sameFrame":true,"detached":false,"sender":{"id":1,"detached":false,"destroyed":false,"url":"file:///Users/friday/.hermes/profiles/friday/cache/scratch/T17-real-electron-2pHlIo/.vite/build/offline.html?error=server","processId":5,"routingId":1},"current":{"id":1,"detached":false,"destroyed":false,"url":"file:///Users/friday/.hermes/profiles/friday/cache/scratch/T17-real-electron-2pHlIo/.vite/build/offline.html?error=server","processId":5,"routingId":1}}
AUTHORIZATION {"scenario":"crash-native-os","mode":"darwin","action":"close","document":"offline","byIdSame":true,"byTokenSame":true,"byId":{"id":1,"detached":false,"destroyed":false,"url":"file:///Users/friday/.hermes/profiles/friday/cache/scratch/T17-real-electron-2pHlIo/.vite/build/offline.html?error=server","processId":5,"routingId":1},"byToken":{"id":1,"detached":false,"destroyed":false,"url":"file:///Users/friday/.hermes/profiles/friday/cache/scratch/T17-real-electron-2pHlIo/.vite/build/offline.html?error=server","processId":5,"routingId":1},"hosted":false,"offline":true,"self":true,"sameContents":true,"sameFrame":true,"detached":false,"sender":{"id":1,"detached":false,"destroyed":false,"url":"file:///Users/friday/.hermes/profiles/friday/cache/scratch/T17-real-electron-2pHlIo/.vite/build/offline.html?error=server","processId":5,"routingId":1},"current":{"id":1,"detached":false,"destroyed":false,"url":"file:///Users/friday/.hermes/profiles/friday/cache/scratch/T17-real-electron-2pHlIo/.vite/build/offline.html?error=server","processId":5,"routingId":1}}

TypeError: Object has been destroyed
    at De (/Users/friday/.hermes/profiles/friday/cache/scratch/T17-real-electron-2pHlIo/.vite/build/electron-runtime-entry.js:1:14684)
{
  "passed": false,
  "result": "FAIL",
  "exit": 1,
  "knownGaps": [],
  "hardFailures": [
    "TypeError: Object has been destroyed"
  ],
  "scenario": "crash-native-os",
  "port": 49270,
  "electron": "44.5.1",
  "host": "darwin",
  "presentation": "darwin",
  "authorization": [
    {
      "action": "maximise",
      "document": "offline",
      "byIdSame": true,
      "byTokenSame": true,
      "byId": {
        "id": 1,
        "detached": false,
        "destroyed": false,
        "url": "file:///Users/friday/.hermes/profiles/friday/cache/scratch/T17-real-electron-2pHlIo/.vite/build/offline.html?error=server",
        "processId": 5,
        "routingId": 1
      },
      "byToken": {
        "id": 1,
        "detached": false,
        "destroyed": false,
        "url": "file:///Users/friday/.hermes/profiles/friday/cache/scratch/T17-real-electron-2pHlIo/.vite/build/offline.html?error=server",
        "processId": 5,
        "routingId": 1
      },
      "hosted": false,
      "offline": true,
      "self": true,
      "sameContents": true,
      "sameFrame": true,
      "detached": false,
      "sender": {
        "id": 1,
        "detached": false,
        "destroyed": false,
        "url": "file:///Users/friday/.hermes/profiles/friday/cache/scratch/T17-real-electron-2pHlIo/.vite/build/offline.html?error=server",
        "processId": 5,
        "routingId": 1
      },
      "current": {
        "id": 1,
        "detached": false,
        "destroyed": false,
        "url": "file:///Users/friday/.hermes/profiles/friday/cache/scratch/T17-real-electron-2pHlIo/.vite/build/offline.html?error=server",
        "processId": 5,
        "routingId": 1
      }
    },
    {
      "action": "maximise",
      "document": "offline",
      "byIdSame": true,
      "byTokenSame": true,
      "byId": {
        "id": 1,
        "detached": false,
        "destroyed": false,
        "url": "file:///Users/friday/.hermes/profiles/friday/cache/scratch/T17-real-electron-2pHlIo/.vite/build/offline.html?error=server",
        "processId": 5,
        "routingId": 1
      },
      "byToken": {
        "id": 1,
        "detached": false,
        "destroyed": false,
        "url": "file:///Users/friday/.hermes/profiles/friday/cache/scratch/T17-real-electron-2pHlIo/.vite/build/offline.html?error=server",
        "processId": 5,
        "routingId": 1
      },
      "hosted": false,
      "offline": true,
      "self": true,
      "sameContents": true,
      "sameFrame": true,
      "detached": false,
      "sender": {
        "id": 1,
        "detached": false,
        "destroyed": false,
        "url": "file:///Users/friday/.hermes/profiles/friday/cache/scratch/T17-real-electron-2pHlIo/.vite/build/offline.html?error=server",
        "processId": 5,
        "routingId": 1
      },
      "current": {
        "id": 1,
        "detached": false,
        "destroyed": false,
        "url": "file:///Users/friday/.hermes/profiles/friday/cache/scratch/T17-real-electron-2pHlIo/.vite/build/offline.html?error=server",
        "processId": 5,
        "routingId": 1
      }
    },
    {
      "action": "minimise",
      "document": "offline",
      "byIdSame": true,
      "byTokenSame": true,
      "byId": {
        "id": 1,
        "detached": false,
        "destroyed": false,
        "url": "file:///Users/friday/.hermes/profiles/friday/cache/scratch/T17-real-electron-2pHlIo/.vite/build/offline.html?error=server",
        "processId": 5,
        "routingId": 1
      },
      "byToken": {
        "id": 1,
        "detached": false,
        "destroyed": false,
        "url": "file:///Users/friday/.hermes/profiles/friday/cache/scratch/T17-real-electron-2pHlIo/.vite/build/offline.html?error=server",
        "processId": 5,
        "routingId": 1
      },
      "hosted": false,
      "offline": true,
      "self": true,
      "sameContents": true,
      "sameFrame": true,
      "detached": false,
      "sender": {
        "id": 1,
        "detached": false,
        "destroyed": false,
        "url": "file:///Users/friday/.hermes/profiles/friday/cache/scratch/T17-real-electron-2pHlIo/.vite/build/offline.html?error=server",
        "processId": 5,
        "routingId": 1
      },
      "current": {
        "id": 1,
        "detached": false,
        "destroyed": false,
        "url": "file:///Users/friday/.hermes/profiles/friday/cache/scratch/T17-real-electron-2pHlIo/.vite/build/offline.html?error=server",
        "processId": 5,
        "routingId": 1
      }
    },
    {
      "action": "close",
      "document": "offline",
      "byIdSame": true,
      "byTokenSame": true,
      "byId": {
        "id": 1,
        "detached": false,
        "destroyed": false,
        "url": "file:///Users/friday/.hermes/profiles/friday/cache/scratch/T17-real-electron-2pHlIo/.vite/build/offline.html?error=server",
        "processId": 5,
        "routingId": 1
      },
      "byToken": {
        "id": 1,
        "detached": false,
        "destroyed": false,
        "url": "file:///Users/friday/.hermes/profiles/friday/cache/scratch/T17-real-electron-2pHlIo/.vite/build/offline.html?error=server",
        "processId": 5,
        "routingId": 1
      },
      "hosted": false,
      "offline": true,
      "self": true,
      "sameContents": true,
      "sameFrame": true,
      "detached": false,
      "sender": {
        "id": 1,
        "detached": false,
        "destroyed": false,
        "url": "file:///Users/friday/.hermes/profiles/friday/cache/scratch/T17-real-electron-2pHlIo/.vite/build/offline.html?error=server",
        "processId": 5,
        "routingId": 1
      },
      "current": {
        "id": 1,
        "detached": false,
        "destroyed": false,
        "url": "file:///Users/friday/.hermes/profiles/friday/cache/scratch/T17-real-electron-2pHlIo/.vite/build/offline.html?error=server",
        "processId": 5,
        "routingId": 1
      }
    }
  ],
  "captionActions": [
    {
      "action": "maximise",
      "document": "offline",
      "delivered": true,
      "tuple": {
        "action": "maximise",
        "document": "offline",
        "byIdSame": true,
        "byTokenSame": true,
        "byId": {
          "id": 1,
          "detached": false,
          "destroyed": false,
          "url": "file:///Users/friday/.hermes/profiles/friday/cache/scratch/T17-real-electron-2pHlIo/.vite/build/offline.html?error=server",
          "processId": 5,
          "routingId": 1
        },
        "byToken": {
          "id": 1,
          "detached": false,
          "destroyed": false,
          "url": "file:///Users/friday/.hermes/profiles/friday/cache/scratch/T17-real-electron-2pHlIo/.vite/build/offline.html?error=server",
          "processId": 5,
          "routingId": 1
        },
        "hosted": false,
        "offline": true,
        "self": true,
        "sameContents": true,
        "sameFrame": true,
        "detached": false,
        "sender": {
          "id": 1,
          "detached": false,
          "destroyed": false,
          "url": "file:///Users/friday/.hermes/profiles/friday/cache/scratch/T17-real-electron-2pHlIo/.vite/build/offline.html?error=server",
          "processId": 5,
          "routingId": 1
        },
        "current": {
          "id": 1,
          "detached": false,
          "destroyed": false,
          "url": "file:///Users/friday/.hermes/profiles/friday/cache/scratch/T17-real-electron-2pHlIo/.vite/build/offline.html?error=server",
          "processId": 5,
          "routingId": 1
        }
      },
      "native": true,
      "error": null,
      "nativeEvents": [
        "maximize"
      ]
    },
    {
      "action": "maximise",
      "document": "offline",
      "delivered": true,
      "tuple": {
        "action": "maximise",
        "document": "offline",
        "byIdSame": true,
        "byTokenSame": true,
        "byId": {
          "id": 1,
          "detached": false,
          "destroyed": false,
          "url": "file:///Users/friday/.hermes/profiles/friday/cache/scratch/T17-real-electron-2pHlIo/.vite/build/offline.html?error=server",
          "processId": 5,
          "routingId": 1
        },
        "byToken": {
          "id": 1,
          "detached": false,
          "destroyed": false,
          "url": "file:///Users/friday/.hermes/profiles/friday/cache/scratch/T17-real-electron-2pHlIo/.vite/build/offline.html?error=server",
          "processId": 5,
          "routingId": 1
        },
        "hosted": false,
        "offline": true,
        "self": true,
        "sameContents": true,
        "sameFrame": true,
        "detached": false,
        "sender": {
          "id": 1,
          "detached": false,
          "destroyed": false,
          "url": "file:///Users/friday/.hermes/profiles/friday/cache/scratch/T17-real-electron-2pHlIo/.vite/build/offline.html?error=server",
          "processId": 5,
          "routingId": 1
        },
        "current": {
          "id": 1,
          "detached": false,
          "destroyed": false,
          "url": "file:///Users/friday/.hermes/profiles/friday/cache/scratch/T17-real-electron-2pHlIo/.vite/build/offline.html?error=server",
          "processId": 5,
          "routingId": 1
        }
      },
      "native": true,
      "error": null,
      "nativeEvents": [
        "unmaximize"
      ]
    },
    {
      "action": "minimise",
      "document": "offline",
      "delivered": true,
      "tuple": {
        "action": "minimise",
        "document": "offline",
        "byIdSame": true,
        "byTokenSame": true,
        "byId": {
          "id": 1,
          "detached": false,
          "destroyed": false,
          "url": "file:///Users/friday/.hermes/profiles/friday/cache/scratch/T17-real-electron-2pHlIo/.vite/build/offline.html?error=server",
          "processId": 5,
          "routingId": 1
        },
        "byToken": {
          "id": 1,
          "detached": false,
          "destroyed": false,
          "url": "file:///Users/friday/.hermes/profiles/friday/cache/scratch/T17-real-electron-2pHlIo/.vite/build/offline.html?error=server",
          "processId": 5,
          "routingId": 1
        },
        "hosted": false,
        "offline": true,
        "self": true,
        "sameContents": true,
        "sameFrame": true,
        "detached": false,
        "sender": {
          "id": 1,
          "detached": false,
          "destroyed": false,
          "url": "file:///Users/friday/.hermes/profiles/friday/cache/scratch/T17-real-electron-2pHlIo/.vite/build/offline.html?error=server",
          "processId": 5,
          "routingId": 1
        },
        "current": {
          "id": 1,
          "detached": false,
          "destroyed": false,
          "url": "file:///Users/friday/.hermes/profiles/friday/cache/scratch/T17-real-electron-2pHlIo/.vite/build/offline.html?error=server",
          "processId": 5,
          "routingId": 1
        }
      },
      "native": true,
      "error": null,
      "nativeEvents": [
        "minimize"
      ]
    },
    {
      "action": "close",
      "document": "offline",
      "delivered": true,
      "tuple": {
        "action": "close",
        "document": "offline",
        "byIdSame": true,
        "byTokenSame": true,
        "byId": {
          "id": 1,
          "detached": false,
          "destroyed": false,
          "url": "file:///Users/friday/.hermes/profiles/friday/cache/scratch/T17-real-electron-2pHlIo/.vite/build/offline.html?error=server",
          "processId": 5,
          "routingId": 1
        },
        "byToken": {
          "id": 1,
          "detached": false,
          "destroyed": false,
          "url": "file:///Users/friday/.hermes/profiles/friday/cache/scratch/T17-real-electron-2pHlIo/.vite/build/offline.html?error=server",
          "processId": 5,
          "routingId": 1
        },
        "hosted": false,
        "offline": true,
        "self": true,
        "sameContents": true,
        "sameFrame": true,
        "detached": false,
        "sender": {
          "id": 1,
          "detached": false,
          "destroyed": false,
          "url": "file:///Users/friday/.hermes/profiles/friday/cache/scratch/T17-real-electron-2pHlIo/.vite/build/offline.html?error=server",
          "processId": 5,
          "routingId": 1
        },
        "current": {
          "id": 1,
          "detached": false,
          "destroyed": false,
          "url": "file:///Users/friday/.hermes/profiles/friday/cache/scratch/T17-real-electron-2pHlIo/.vite/build/offline.html?error=server",
          "processId": 5,
          "routingId": 1
        }
      },
      "native": true,
      "error": null,
      "nativeEvents": [
        "close",
        "closed"
      ]
    }
  ],
  "characterization": {},
  "retryIntents": [],
  "frameStates": [
    {
      "event": "did-start-navigation",
      "frame": {
        "id": 1,
        "detached": false,
        "destroyed": false,
        "url": "",
        "processId": 4,
        "routingId": 1
      }
    },
    {
      "event": "did-navigate",
      "frame": {
        "id": 1,
        "detached": false,
        "destroyed": false,
        "url": "http://127.0.0.1:49270/app?configured=1",
        "processId": 4,
        "routingId": 1
      }
    },
    {
      "event": "dom-ready",
      "frame": {
        "id": 1,
        "detached": false,
        "destroyed": false,
        "url": "http://127.0.0.1:49270/app?configured=1",
        "processId": 4,
        "routingId": 1
      }
    },
    {
      "event": "did-finish-load",
      "frame": {
        "id": 1,
        "detached": false,
        "destroyed": false,
        "url": "http://127.0.0.1:49270/app?configured=1",
        "processId": 4,
        "routingId": 1
      }
    },
    {
      "event": "did-start-navigation",
      "frame": {
        "id": 1,
        "detached": false,
        "destroyed": false,
        "url": "",
        "processId": 5,
        "routingId": 1
      }
    },
    {
      "event": "render-process-gone",
      "frame": {
        "id": 1,
        "detached": false,
        "destroyed": false,
        "url": "",
        "processId": 5,
        "routingId": 1
      }
    },
    {
      "event": "did-navigate",
      "frame": {
        "id": 1,
        "detached": false,
        "destroyed": false,
        "url": "file:///Users/friday/.hermes/profiles/friday/cache/scratch/T17-real-electron-2pHlIo/.vite/build/offline.html?error=server",
        "processId": 5,
        "routingId": 1
      }
    },
    {
      "event": "dom-ready",
      "frame": {
        "id": 1,
        "detached": false,
        "destroyed": false,
        "url": "file:///Users/friday/.hermes/profiles/friday/cache/scratch/T17-real-electron-2pHlIo/.vite/build/offline.html?error=server",
        "processId": 5,
        "routingId": 1
      }
    },
    {
      "event": "did-finish-load",
      "frame": {
        "id": 1,
        "detached": false,
        "destroyed": false,
        "url": "file:///Users/friday/.hermes/profiles/friday/cache/scratch/T17-real-electron-2pHlIo/.vite/build/offline.html?error=server",
        "processId": 5,
        "routingId": 1
      }
    }
  ],
  "consoleMessages": [],
  "failures": [],
  "requests": [
    "http://127.0.0.1:49270/app?configured=1",
    "file:///Users/friday/.hermes/profiles/friday/cache/scratch/T17-real-electron-2pHlIo/.vite/build/offline.html?error=server"
  ],
  "captions": {
    "minimise": 1,
    "maximise": 2,
    "close": 1
  },
  "events": [
    "renderer:killed",
    "maximize",
    "unmaximize",
    "minimize",
    "restore",
    "close",
    "closed"
  ],
  "url": null
}

{
  "mode": "darwin",
  "scenario": "crash-native-os",
  "exit": 1,
  "emittedSHA256": "33aba3c676f65b56a45ffcc3dde2a16c75846636717ca280087940f00c0ed712",
  "receipt": {
    "passed": false,
    "result": "FAIL",
    "exit": 1,
    "knownGaps": [],
    "hardFailures": [
      "TypeError: Object has been destroyed"
    ],
    "scenario": "crash-native-os",
    "port": 49270,
    "electron": "44.5.1",
    "host": "darwin",
    "presentation": "darwin",
    "authorization": [
      {
        "action": "maximise",
        "document": "offline",
        "byIdSame": true,
        "byTokenSame": true,
        "byId": {
          "id": 1,
          "detached": false,
          "destroyed": false,
          "url": "file:///Users/friday/.hermes/profiles/friday/cache/scratch/T17-real-electron-2pHlIo/.vite/build/offline.html?error=server",
          "processId": 5,
          "routingId": 1
        },
        "byToken": {
          "id": 1,
          "detached": false,
          "destroyed": false,
          "url": "file:///Users/friday/.hermes/profiles/friday/cache/scratch/T17-real-electron-2pHlIo/.vite/build/offline.html?error=server",
          "processId": 5,
          "routingId": 1
        },
        "hosted": false,
        "offline": true,
        "self": true,
        "sameContents": true,
        "sameFrame": true,
        "detached": false,
        "sender": {
          "id": 1,
          "detached": false,
          "destroyed": false,
          "url": "file:///Users/friday/.hermes/profiles/friday/cache/scratch/T17-real-electron-2pHlIo/.vite/build/offline.html?error=server",
          "processId": 5,
          "routingId": 1
        },
        "current": {
          "id": 1,
          "detached": false,
          "destroyed": false,
          "url": "file:///Users/friday/.hermes/profiles/friday/cache/scratch/T17-real-electron-2pHlIo/.vite/build/offline.html?error=server",
          "processId": 5,
          "routingId": 1
        }
      },
      {
        "action": "maximise",
        "document": "offline",
        "byIdSame": true,
        "byTokenSame": true,
        "byId": {
          "id": 1,
          "detached": false,
          "destroyed": false,
          "url": "file:///Users/friday/.hermes/profiles/friday/cache/scratch/T17-real-electron-2pHlIo/.vite/build/offline.html?error=server",
          "processId": 5,
          "routingId": 1
        },
        "byToken": {
          "id": 1,
          "detached": false,
          "destroyed": false,
          "url": "file:///Users/friday/.hermes/profiles/friday/cache/scratch/T17-real-electron-2pHlIo/.vite/build/offline.html?error=server",
          "processId": 5,
          "routingId": 1
        },
        "hosted": false,
        "offline": true,
        "self": true,
        "sameContents": true,
        "sameFrame": true,
        "detached": false,
        "sender": {
          "id": 1,
          "detached": false,
          "destroyed": false,
          "url": "file:///Users/friday/.hermes/profiles/friday/cache/scratch/T17-real-electron-2pHlIo/.vite/build/offline.html?error=server",
          "processId": 5,
          "routingId": 1
        },
        "current": {
          "id": 1,
          "detached": false,
          "destroyed": false,
          "url": "file:///Users/friday/.hermes/profiles/friday/cache/scratch/T17-real-electron-2pHlIo/.vite/build/offline.html?error=server",
          "processId": 5,
          "routingId": 1
        }
      },
      {
        "action": "minimise",
        "document": "offline",
        "byIdSame": true,
        "byTokenSame": true,
        "byId": {
          "id": 1,
          "detached": false,
          "destroyed": false,
          "url": "file:///Users/friday/.hermes/profiles/friday/cache/scratch/T17-real-electron-2pHlIo/.vite/build/offline.html?error=server",
          "processId": 5,
          "routingId": 1
        },
        "byToken": {
          "id": 1,
          "detached": false,
          "destroyed": false,
          "url": "file:///Users/friday/.hermes/profiles/friday/cache/scratch/T17-real-electron-2pHlIo/.vite/build/offline.html?error=server",
          "processId": 5,
          "routingId": 1
        },
        "hosted": false,
        "offline": true,
        "self": true,
        "sameContents": true,
        "sameFrame": true,
        "detached": false,
        "sender": {
          "id": 1,
          "detached": false,
          "destroyed": false,
          "url": "file:///Users/friday/.hermes/profiles/friday/cache/scratch/T17-real-electron-2pHlIo/.vite/build/offline.html?error=server",
          "processId": 5,
          "routingId": 1
        },
        "current": {
          "id": 1,
          "detached": false,
          "destroyed": false,
          "url": "file:///Users/friday/.hermes/profiles/friday/cache/scratch/T17-real-electron-2pHlIo/.vite/build/offline.html?error=server",
          "processId": 5,
          "routingId": 1
        }
      },
      {
        "action": "close",
        "document": "offline",
        "byIdSame": true,
        "byTokenSame": true,
        "byId": {
          "id": 1,
          "detached": false,
          "destroyed": false,
          "url": "file:///Users/friday/.hermes/profiles/friday/cache/scratch/T17-real-electron-2pHlIo/.vite/build/offline.html?error=server",
          "processId": 5,
          "routingId": 1
        },
        "byToken": {
          "id": 1,
          "detached": false,
          "destroyed": false,
          "url": "file:///Users/friday/.hermes/profiles/friday/cache/scratch/T17-real-electron-2pHlIo/.vite/build/offline.html?error=server",
          "processId": 5,
          "routingId": 1
        },
        "hosted": false,
        "offline": true,
        "self": true,
        "sameContents": true,
        "sameFrame": true,
        "detached": false,
        "sender": {
          "id": 1,
          "detached": false,
          "destroyed": false,
          "url": "file:///Users/friday/.hermes/profiles/friday/cache/scratch/T17-real-electron-2pHlIo/.vite/build/offline.html?error=server",
          "processId": 5,
          "routingId": 1
        },
        "current": {
          "id": 1,
          "detached": false,
          "destroyed": false,
          "url": "file:///Users/friday/.hermes/profiles/friday/cache/scratch/T17-real-electron-2pHlIo/.vite/build/offline.html?error=server",
          "processId": 5,
          "routingId": 1
        }
      }
    ],
    "captionActions": [
      {
        "action": "maximise",
        "document": "offline",
        "delivered": true,
        "tuple": {
          "action": "maximise",
          "document": "offline",
          "byIdSame": true,
          "byTokenSame": true,
          "byId": {
            "id": 1,
            "detached": false,
            "destroyed": false,
            "url": "file:///Users/friday/.hermes/profiles/friday/cache/scratch/T17-real-electron-2pHlIo/.vite/build/offline.html?error=server",
            "processId": 5,
            "routingId": 1
          },
          "byToken": {
            "id": 1,
            "detached": false,
            "destroyed": false,
            "url": "file:///Users/friday/.hermes/profiles/friday/cache/scratch/T17-real-electron-2pHlIo/.vite/build/offline.html?error=server",
            "processId": 5,
            "routingId": 1
          },
          "hosted": false,
          "offline": true,
          "self": true,
          "sameContents": true,
          "sameFrame": true,
          "detached": false,
          "sender": {
            "id": 1,
            "detached": false,
            "destroyed": false,
            "url": "file:///Users/friday/.hermes/profiles/friday/cache/scratch/T17-real-electron-2pHlIo/.vite/build/offline.html?error=server",
            "processId": 5,
            "routingId": 1
          },
          "current": {
            "id": 1,
            "detached": false,
            "destroyed": false,
            "url": "file:///Users/friday/.hermes/profiles/friday/cache/scratch/T17-real-electron-2pHlIo/.vite/build/offline.html?error=server",
            "processId": 5,
            "routingId": 1
          }
        },
        "native": true,
        "error": null,
        "nativeEvents": [
          "maximize"
        ]
      },
      {
        "action": "maximise",
        "document": "offline",
        "delivered": true,
        "tuple": {
          "action": "maximise",
          "document": "offline",
          "byIdSame": true,
          "byTokenSame": true,
          "byId": {
            "id": 1,
            "detached": false,
            "destroyed": false,
            "url": "file:///Users/friday/.hermes/profiles/friday/cache/scratch/T17-real-electron-2pHlIo/.vite/build/offline.html?error=server",
            "processId": 5,
            "routingId": 1
          },
          "byToken": {
            "id": 1,
            "detached": false,
            "destroyed": false,
            "url": "file:///Users/friday/.hermes/profiles/friday/cache/scratch/T17-real-electron-2pHlIo/.vite/build/offline.html?error=server",
            "processId": 5,
            "routingId": 1
          },
          "hosted": false,
          "offline": true,
          "self": true,
          "sameContents": true,
          "sameFrame": true,
          "detached": false,
          "sender": {
            "id": 1,
            "detached": false,
            "destroyed": false,
            "url": "file:///Users/friday/.hermes/profiles/friday/cache/scratch/T17-real-electron-2pHlIo/.vite/build/offline.html?error=server",
            "processId": 5,
            "routingId": 1
          },
          "current": {
            "id": 1,
            "detached": false,
            "destroyed": false,
            "url": "file:///Users/friday/.hermes/profiles/friday/cache/scratch/T17-real-electron-2pHlIo/.vite/build/offline.html?error=server",
            "processId": 5,
            "routingId": 1
          }
        },
        "native": true,
        "error": null,
        "nativeEvents": [
          "unmaximize"
        ]
      },
      {
        "action": "minimise",
        "document": "offline",
        "delivered": true,
        "tuple": {
          "action": "minimise",
          "document": "offline",
          "byIdSame": true,
          "byTokenSame": true,
          "byId": {
            "id": 1,
            "detached": false,
            "destroyed": false,
            "url": "file:///Users/friday/.hermes/profiles/friday/cache/scratch/T17-real-electron-2pHlIo/.vite/build/offline.html?error=server",
            "processId": 5,
            "routingId": 1
          },
          "byToken": {
            "id": 1,
            "detached": false,
            "destroyed": false,
            "url": "file:///Users/friday/.hermes/profiles/friday/cache/scratch/T17-real-electron-2pHlIo/.vite/build/offline.html?error=server",
            "processId": 5,
            "routingId": 1
          },
          "hosted": false,
          "offline": true,
          "self": true,
          "sameContents": true,
          "sameFrame": true,
          "detached": false,
          "sender": {
            "id": 1,
            "detached": false,
            "destroyed": false,
            "url": "file:///Users/friday/.hermes/profiles/friday/cache/scratch/T17-real-electron-2pHlIo/.vite/build/offline.html?error=server",
            "processId": 5,
            "routingId": 1
          },
          "current": {
            "id": 1,
            "detached": false,
            "destroyed": false,
            "url": "file:///Users/friday/.hermes/profiles/friday/cache/scratch/T17-real-electron-2pHlIo/.vite/build/offline.html?error=server",
            "processId": 5,
            "routingId": 1
          }
        },
        "native": true,
        "error": null,
        "nativeEvents": [
          "minimize"
        ]
      },
      {
        "action": "close",
        "document": "offline",
        "delivered": true,
        "tuple": {
          "action": "close",
          "document": "offline",
          "byIdSame": true,
          "byTokenSame": true,
          "byId": {
            "id": 1,
            "detached": false,
            "destroyed": false,
            "url": "file:///Users/friday/.hermes/profiles/friday/cache/scratch/T17-real-electron-2pHlIo/.vite/build/offline.html?error=server",
            "processId": 5,
            "routingId": 1
          },
          "byToken": {
            "id": 1,
            "detached": false,
            "destroyed": false,
            "url": "file:///Users/friday/.hermes/profiles/friday/cache/scratch/T17-real-electron-2pHlIo/.vite/build/offline.html?error=server",
            "processId": 5,
            "routingId": 1
          },
          "hosted": false,
          "offline": true,
          "self": true,
          "sameContents": true,
          "sameFrame": true,
          "detached": false,
          "sender": {
            "id": 1,
            "detached": false,
            "destroyed": false,
            "url": "file:///Users/friday/.hermes/profiles/friday/cache/scratch/T17-real-electron-2pHlIo/.vite/build/offline.html?error=server",
            "processId": 5,
            "routingId": 1
          },
          "current": {
            "id": 1,
            "detached": false,
            "destroyed": false,
            "url": "file:///Users/friday/.hermes/profiles/friday/cache/scratch/T17-real-electron-2pHlIo/.vite/build/offline.html?error=server",
            "processId": 5,
            "routingId": 1
          }
        },
        "native": true,
        "error": null,
        "nativeEvents": [
          "close",
          "closed"
        ]
      }
    ],
    "characterization": {},
    "retryIntents": [],
    "frameStates": [
      {
        "event": "did-start-navigation",
        "frame": {
          "id": 1,
          "detached": false,
          "destroyed": false,
          "url": "",
          "processId": 4,
          "routingId": 1
        }
      },
      {
        "event": "did-navigate",
        "frame": {
          "id": 1,
          "detached": false,
          "destroyed": false,
          "url": "http://127.0.0.1:49270/app?configured=1",
          "processId": 4,
          "routingId": 1
        }
      },
      {
        "event": "dom-ready",
        "frame": {
          "id": 1,
          "detached": false,
          "destroyed": false,
          "url": "http://127.0.0.1:49270/app?configured=1",
          "processId": 4,
          "routingId": 1
        }
      },
      {
        "event": "did-finish-load",
        "frame": {
          "id": 1,
          "detached": false,
          "destroyed": false,
          "url": "http://127.0.0.1:49270/app?configured=1",
          "processId": 4,
          "routingId": 1
        }
      },
      {
        "event": "did-start-navigation",
        "frame": {
          "id": 1,
          "detached": false,
          "destroyed": false,
          "url": "",
          "processId": 5,
          "routingId": 1
        }
      },
      {
        "event": "render-process-gone",
        "frame": {
          "id": 1,
          "detached": false,
          "destroyed": false,
          "url": "",
          "processId": 5,
          "routingId": 1
        }
      },
      {
        "event": "did-navigate",
        "frame": {
          "id": 1,
          "detached": false,
          "destroyed": false,
          "url": "file:///Users/friday/.hermes/profiles/friday/cache/scratch/T17-real-electron-2pHlIo/.vite/build/offline.html?error=server",
          "processId": 5,
          "routingId": 1
        }
      },
      {
        "event": "dom-ready",
        "frame": {
          "id": 1,
          "detached": false,
          "destroyed": false,
          "url": "file:///Users/friday/.hermes/profiles/friday/cache/scratch/T17-real-electron-2pHlIo/.vite/build/offline.html?error=server",
          "processId": 5,
          "routingId": 1
        }
      },
      {
        "event": "did-finish-load",
        "frame": {
          "id": 1,
          "detached": false,
          "destroyed": false,
          "url": "file:///Users/friday/.hermes/profiles/friday/cache/scratch/T17-real-electron-2pHlIo/.vite/build/offline.html?error=server",
          "processId": 5,
          "routingId": 1
        }
      }
    ],
    "consoleMessages": [],
    "failures": [],
    "requests": [
      "http://127.0.0.1:49270/app?configured=1",
      "file:///Users/friday/.hermes/profiles/friday/cache/scratch/T17-real-electron-2pHlIo/.vite/build/offline.html?error=server"
    ],
    "captions": {
      "minimise": 1,
      "maximise": 2,
      "close": 1
    },
    "events": [
      "renderer:killed",
      "maximize",
      "unmaximize",
      "minimize",
      "restore",
      "close",
      "closed"
    ],
    "url": null
  }
}
AUTHORIZATION {"scenario":"crash-retry-hosted","mode":"win32","action":"maximise","document":"offline","byIdSame":true,"byTokenSame":true,"byId":{"id":1,"detached":false,"destroyed":false,"url":"file:///Users/friday/.hermes/profiles/friday/cache/scratch/T17-real-electron-2pHlIo/.vite/build/offline.html?error=server","processId":5,"routingId":1},"byToken":{"id":1,"detached":false,"destroyed":false,"url":"file:///Users/friday/.hermes/profiles/friday/cache/scratch/T17-real-electron-2pHlIo/.vite/build/offline.html?error=server","processId":5,"routingId":1},"hosted":false,"offline":true,"self":true,"sameContents":true,"sameFrame":true,"detached":false,"sender":{"id":1,"detached":false,"destroyed":false,"url":"file:///Users/friday/.hermes/profiles/friday/cache/scratch/T17-real-electron-2pHlIo/.vite/build/offline.html?error=server","processId":5,"routingId":1},"current":{"id":1,"detached":false,"destroyed":false,"url":"file:///Users/friday/.hermes/profiles/friday/cache/scratch/T17-real-electron-2pHlIo/.vite/build/offline.html?error=server","processId":5,"routingId":1}}
AUTHORIZATION {"scenario":"crash-retry-hosted","mode":"win32","action":"maximise","document":"offline","byIdSame":true,"byTokenSame":true,"byId":{"id":1,"detached":false,"destroyed":false,"url":"file:///Users/friday/.hermes/profiles/friday/cache/scratch/T17-real-electron-2pHlIo/.vite/build/offline.html?error=server","processId":5,"routingId":1},"byToken":{"id":1,"detached":false,"destroyed":false,"url":"file:///Users/friday/.hermes/profiles/friday/cache/scratch/T17-real-electron-2pHlIo/.vite/build/offline.html?error=server","processId":5,"routingId":1},"hosted":false,"offline":true,"self":true,"sameContents":true,"sameFrame":true,"detached":false,"sender":{"id":1,"detached":false,"destroyed":false,"url":"file:///Users/friday/.hermes/profiles/friday/cache/scratch/T17-real-electron-2pHlIo/.vite/build/offline.html?error=server","processId":5,"routingId":1},"current":{"id":1,"detached":false,"destroyed":false,"url":"file:///Users/friday/.hermes/profiles/friday/cache/scratch/T17-real-electron-2pHlIo/.vite/build/offline.html?error=server","processId":5,"routingId":1}}
AUTHORIZATION {"scenario":"crash-retry-hosted","mode":"win32","action":"minimise","document":"offline","byIdSame":true,"byTokenSame":true,"byId":{"id":1,"detached":false,"destroyed":false,"url":"file:///Users/friday/.hermes/profiles/friday/cache/scratch/T17-real-electron-2pHlIo/.vite/build/offline.html?error=server","processId":5,"routingId":1},"byToken":{"id":1,"detached":false,"destroyed":false,"url":"file:///Users/friday/.hermes/profiles/friday/cache/scratch/T17-real-electron-2pHlIo/.vite/build/offline.html?error=server","processId":5,"routingId":1},"hosted":false,"offline":true,"self":true,"sameContents":true,"sameFrame":true,"detached":false,"sender":{"id":1,"detached":false,"destroyed":false,"url":"file:///Users/friday/.hermes/profiles/friday/cache/scratch/T17-real-electron-2pHlIo/.vite/build/offline.html?error=server","processId":5,"routingId":1},"current":{"id":1,"detached":false,"destroyed":false,"url":"file:///Users/friday/.hermes/profiles/friday/cache/scratch/T17-real-electron-2pHlIo/.vite/build/offline.html?error=server","processId":5,"routingId":1}}
AUTHORIZATION {"scenario":"crash-retry-hosted","mode":"win32","action":"close","document":"offline","byIdSame":true,"byTokenSame":true,"byId":{"id":1,"detached":false,"destroyed":false,"url":"file:///Users/friday/.hermes/profiles/friday/cache/scratch/T17-real-electron-2pHlIo/.vite/build/offline.html?error=server","processId":5,"routingId":1},"byToken":{"id":1,"detached":false,"destroyed":false,"url":"file:///Users/friday/.hermes/profiles/friday/cache/scratch/T17-real-electron-2pHlIo/.vite/build/offline.html?error=server","processId":5,"routingId":1},"hosted":false,"offline":true,"self":true,"sameContents":true,"sameFrame":true,"detached":false,"sender":{"id":1,"detached":false,"destroyed":false,"url":"file:///Users/friday/.hermes/profiles/friday/cache/scratch/T17-real-electron-2pHlIo/.vite/build/offline.html?error=server","processId":5,"routingId":1},"current":{"id":1,"detached":false,"destroyed":false,"url":"file:///Users/friday/.hermes/profiles/friday/cache/scratch/T17-real-electron-2pHlIo/.vite/build/offline.html?error=server","processId":5,"routingId":1}}

TypeError: Object has been destroyed
    at De (/Users/friday/.hermes/profiles/friday/cache/scratch/T17-real-electron-2pHlIo/.vite/build/electron-runtime-entry.js:1:13633)
{
  "passed": false,
  "result": "FAIL",
  "exit": 1,
  "knownGaps": [],
  "hardFailures": [
    "TypeError: Object has been destroyed",
    "caption action inventory mismatch"
  ],
  "scenario": "crash-retry-hosted",
  "port": 49270,
  "electron": "44.5.1",
  "host": "darwin",
  "presentation": "win32",
  "authorization": [
    {
      "action": "maximise",
      "document": "offline",
      "byIdSame": true,
      "byTokenSame": true,
      "byId": {
        "id": 1,
        "detached": false,
        "destroyed": false,
        "url": "file:///Users/friday/.hermes/profiles/friday/cache/scratch/T17-real-electron-2pHlIo/.vite/build/offline.html?error=server",
        "processId": 5,
        "routingId": 1
      },
      "byToken": {
        "id": 1,
        "detached": false,
        "destroyed": false,
        "url": "file:///Users/friday/.hermes/profiles/friday/cache/scratch/T17-real-electron-2pHlIo/.vite/build/offline.html?error=server",
        "processId": 5,
        "routingId": 1
      },
      "hosted": false,
      "offline": true,
      "self": true,
      "sameContents": true,
      "sameFrame": true,
      "detached": false,
      "sender": {
        "id": 1,
        "detached": false,
        "destroyed": false,
        "url": "file:///Users/friday/.hermes/profiles/friday/cache/scratch/T17-real-electron-2pHlIo/.vite/build/offline.html?error=server",
        "processId": 5,
        "routingId": 1
      },
      "current": {
        "id": 1,
        "detached": false,
        "destroyed": false,
        "url": "file:///Users/friday/.hermes/profiles/friday/cache/scratch/T17-real-electron-2pHlIo/.vite/build/offline.html?error=server",
        "processId": 5,
        "routingId": 1
      }
    },
    {
      "action": "maximise",
      "document": "offline",
      "byIdSame": true,
      "byTokenSame": true,
      "byId": {
        "id": 1,
        "detached": false,
        "destroyed": false,
        "url": "file:///Users/friday/.hermes/profiles/friday/cache/scratch/T17-real-electron-2pHlIo/.vite/build/offline.html?error=server",
        "processId": 5,
        "routingId": 1
      },
      "byToken": {
        "id": 1,
        "detached": false,
        "destroyed": false,
        "url": "file:///Users/friday/.hermes/profiles/friday/cache/scratch/T17-real-electron-2pHlIo/.vite/build/offline.html?error=server",
        "processId": 5,
        "routingId": 1
      },
      "hosted": false,
      "offline": true,
      "self": true,
      "sameContents": true,
      "sameFrame": true,
      "detached": false,
      "sender": {
        "id": 1,
        "detached": false,
        "destroyed": false,
        "url": "file:///Users/friday/.hermes/profiles/friday/cache/scratch/T17-real-electron-2pHlIo/.vite/build/offline.html?error=server",
        "processId": 5,
        "routingId": 1
      },
      "current": {
        "id": 1,
        "detached": false,
        "destroyed": false,
        "url": "file:///Users/friday/.hermes/profiles/friday/cache/scratch/T17-real-electron-2pHlIo/.vite/build/offline.html?error=server",
        "processId": 5,
        "routingId": 1
      }
    },
    {
      "action": "minimise",
      "document": "offline",
      "byIdSame": true,
      "byTokenSame": true,
      "byId": {
        "id": 1,
        "detached": false,
        "destroyed": false,
        "url": "file:///Users/friday/.hermes/profiles/friday/cache/scratch/T17-real-electron-2pHlIo/.vite/build/offline.html?error=server",
        "processId": 5,
        "routingId": 1
      },
      "byToken": {
        "id": 1,
        "detached": false,
        "destroyed": false,
        "url": "file:///Users/friday/.hermes/profiles/friday/cache/scratch/T17-real-electron-2pHlIo/.vite/build/offline.html?error=server",
        "processId": 5,
        "routingId": 1
      },
      "hosted": false,
      "offline": true,
      "self": true,
      "sameContents": true,
      "sameFrame": true,
      "detached": false,
      "sender": {
        "id": 1,
        "detached": false,
        "destroyed": false,
        "url": "file:///Users/friday/.hermes/profiles/friday/cache/scratch/T17-real-electron-2pHlIo/.vite/build/offline.html?error=server",
        "processId": 5,
        "routingId": 1
      },
      "current": {
        "id": 1,
        "detached": false,
        "destroyed": false,
        "url": "file:///Users/friday/.hermes/profiles/friday/cache/scratch/T17-real-electron-2pHlIo/.vite/build/offline.html?error=server",
        "processId": 5,
        "routingId": 1
      }
    },
    {
      "action": "close",
      "document": "offline",
      "byIdSame": true,
      "byTokenSame": true,
      "byId": {
        "id": 1,
        "detached": false,
        "destroyed": false,
        "url": "file:///Users/friday/.hermes/profiles/friday/cache/scratch/T17-real-electron-2pHlIo/.vite/build/offline.html?error=server",
        "processId": 5,
        "routingId": 1
      },
      "byToken": {
        "id": 1,
        "detached": false,
        "destroyed": false,
        "url": "file:///Users/friday/.hermes/profiles/friday/cache/scratch/T17-real-electron-2pHlIo/.vite/build/offline.html?error=server",
        "processId": 5,
        "routingId": 1
      },
      "hosted": false,
      "offline": true,
      "self": true,
      "sameContents": true,
      "sameFrame": true,
      "detached": false,
      "sender": {
        "id": 1,
        "detached": false,
        "destroyed": false,
        "url": "file:///Users/friday/.hermes/profiles/friday/cache/scratch/T17-real-electron-2pHlIo/.vite/build/offline.html?error=server",
        "processId": 5,
        "routingId": 1
      },
      "current": {
        "id": 1,
        "detached": false,
        "destroyed": false,
        "url": "file:///Users/friday/.hermes/profiles/friday/cache/scratch/T17-real-electron-2pHlIo/.vite/build/offline.html?error=server",
        "processId": 5,
        "routingId": 1
      }
    }
  ],
  "captionActions": [
    {
      "action": "maximise",
      "document": "offline",
      "delivered": true,
      "tuple": {
        "action": "maximise",
        "document": "offline",
        "byIdSame": true,
        "byTokenSame": true,
        "byId": {
          "id": 1,
          "detached": false,
          "destroyed": false,
          "url": "file:///Users/friday/.hermes/profiles/friday/cache/scratch/T17-real-electron-2pHlIo/.vite/build/offline.html?error=server",
          "processId": 5,
          "routingId": 1
        },
        "byToken": {
          "id": 1,
          "detached": false,
          "destroyed": false,
          "url": "file:///Users/friday/.hermes/profiles/friday/cache/scratch/T17-real-electron-2pHlIo/.vite/build/offline.html?error=server",
          "processId": 5,
          "routingId": 1
        },
        "hosted": false,
        "offline": true,
        "self": true,
        "sameContents": true,
        "sameFrame": true,
        "detached": false,
        "sender": {
          "id": 1,
          "detached": false,
          "destroyed": false,
          "url": "file:///Users/friday/.hermes/profiles/friday/cache/scratch/T17-real-electron-2pHlIo/.vite/build/offline.html?error=server",
          "processId": 5,
          "routingId": 1
        },
        "current": {
          "id": 1,
          "detached": false,
          "destroyed": false,
          "url": "file:///Users/friday/.hermes/profiles/friday/cache/scratch/T17-real-electron-2pHlIo/.vite/build/offline.html?error=server",
          "processId": 5,
          "routingId": 1
        }
      },
      "native": true,
      "error": null,
      "nativeEvents": [
        "maximize"
      ]
    },
    {
      "action": "maximise",
      "document": "offline",
      "delivered": true,
      "tuple": {
        "action": "maximise",
        "document": "offline",
        "byIdSame": true,
        "byTokenSame": true,
        "byId": {
          "id": 1,
          "detached": false,
          "destroyed": false,
          "url": "file:///Users/friday/.hermes/profiles/friday/cache/scratch/T17-real-electron-2pHlIo/.vite/build/offline.html?error=server",
          "processId": 5,
          "routingId": 1
        },
        "byToken": {
          "id": 1,
          "detached": false,
          "destroyed": false,
          "url": "file:///Users/friday/.hermes/profiles/friday/cache/scratch/T17-real-electron-2pHlIo/.vite/build/offline.html?error=server",
          "processId": 5,
          "routingId": 1
        },
        "hosted": false,
        "offline": true,
        "self": true,
        "sameContents": true,
        "sameFrame": true,
        "detached": false,
        "sender": {
          "id": 1,
          "detached": false,
          "destroyed": false,
          "url": "file:///Users/friday/.hermes/profiles/friday/cache/scratch/T17-real-electron-2pHlIo/.vite/build/offline.html?error=server",
          "processId": 5,
          "routingId": 1
        },
        "current": {
          "id": 1,
          "detached": false,
          "destroyed": false,
          "url": "file:///Users/friday/.hermes/profiles/friday/cache/scratch/T17-real-electron-2pHlIo/.vite/build/offline.html?error=server",
          "processId": 5,
          "routingId": 1
        }
      },
      "native": true,
      "error": null,
      "nativeEvents": [
        "unmaximize"
      ]
    },
    {
      "action": "minimise",
      "document": "offline",
      "delivered": true,
      "tuple": {
        "action": "minimise",
        "document": "offline",
        "byIdSame": true,
        "byTokenSame": true,
        "byId": {
          "id": 1,
          "detached": false,
          "destroyed": false,
          "url": "file:///Users/friday/.hermes/profiles/friday/cache/scratch/T17-real-electron-2pHlIo/.vite/build/offline.html?error=server",
          "processId": 5,
          "routingId": 1
        },
        "byToken": {
          "id": 1,
          "detached": false,
          "destroyed": false,
          "url": "file:///Users/friday/.hermes/profiles/friday/cache/scratch/T17-real-electron-2pHlIo/.vite/build/offline.html?error=server",
          "processId": 5,
          "routingId": 1
        },
        "hosted": false,
        "offline": true,
        "self": true,
        "sameContents": true,
        "sameFrame": true,
        "detached": false,
        "sender": {
          "id": 1,
          "detached": false,
          "destroyed": false,
          "url": "file:///Users/friday/.hermes/profiles/friday/cache/scratch/T17-real-electron-2pHlIo/.vite/build/offline.html?error=server",
          "processId": 5,
          "routingId": 1
        },
        "current": {
          "id": 1,
          "detached": false,
          "destroyed": false,
          "url": "file:///Users/friday/.hermes/profiles/friday/cache/scratch/T17-real-electron-2pHlIo/.vite/build/offline.html?error=server",
          "processId": 5,
          "routingId": 1
        }
      },
      "native": true,
      "error": null,
      "nativeEvents": [
        "minimize"
      ]
    },
    {
      "action": "close",
      "document": "offline",
      "delivered": true,
      "tuple": {
        "action": "close",
        "document": "offline",
        "byIdSame": true,
        "byTokenSame": true,
        "byId": {
          "id": 1,
          "detached": false,
          "destroyed": false,
          "url": "file:///Users/friday/.hermes/profiles/friday/cache/scratch/T17-real-electron-2pHlIo/.vite/build/offline.html?error=server",
          "processId": 5,
          "routingId": 1
        },
        "byToken": {
          "id": 1,
          "detached": false,
          "destroyed": false,
          "url": "file:///Users/friday/.hermes/profiles/friday/cache/scratch/T17-real-electron-2pHlIo/.vite/build/offline.html?error=server",
          "processId": 5,
          "routingId": 1
        },
        "hosted": false,
        "offline": true,
        "self": true,
        "sameContents": true,
        "sameFrame": true,
        "detached": false,
        "sender": {
          "id": 1,
          "detached": false,
          "destroyed": false,
          "url": "file:///Users/friday/.hermes/profiles/friday/cache/scratch/T17-real-electron-2pHlIo/.vite/build/offline.html?error=server",
          "processId": 5,
          "routingId": 1
        },
        "current": {
          "id": 1,
          "detached": false,
          "destroyed": false,
          "url": "file:///Users/friday/.hermes/profiles/friday/cache/scratch/T17-real-electron-2pHlIo/.vite/build/offline.html?error=server",
          "processId": 5,
          "routingId": 1
        }
      },
      "native": true,
      "error": null,
      "nativeEvents": [
        "close",
        "closed"
      ]
    }
  ],
  "characterization": {},
  "retryIntents": [],
  "frameStates": [
    {
      "event": "did-start-navigation",
      "frame": {
        "id": 1,
        "detached": false,
        "destroyed": false,
        "url": "",
        "processId": 4,
        "routingId": 1
      }
    },
    {
      "event": "did-navigate",
      "frame": {
        "id": 1,
        "detached": false,
        "destroyed": false,
        "url": "http://127.0.0.1:49270/app?configured=1",
        "processId": 4,
        "routingId": 1
      }
    },
    {
      "event": "dom-ready",
      "frame": {
        "id": 1,
        "detached": false,
        "destroyed": false,
        "url": "http://127.0.0.1:49270/app?configured=1",
        "processId": 4,
        "routingId": 1
      }
    },
    {
      "event": "did-finish-load",
      "frame": {
        "id": 1,
        "detached": false,
        "destroyed": false,
        "url": "http://127.0.0.1:49270/app?configured=1",
        "processId": 4,
        "routingId": 1
      }
    },
    {
      "event": "did-start-navigation",
      "frame": {
        "id": 1,
        "detached": false,
        "destroyed": false,
        "url": "",
        "processId": 5,
        "routingId": 1
      }
    },
    {
      "event": "render-process-gone",
      "frame": {
        "id": 1,
        "detached": false,
        "destroyed": false,
        "url": "",
        "processId": 5,
        "routingId": 1
      }
    },
    {
      "event": "did-navigate",
      "frame": {
        "id": 1,
        "detached": false,
        "destroyed": false,
        "url": "file:///Users/friday/.hermes/profiles/friday/cache/scratch/T17-real-electron-2pHlIo/.vite/build/offline.html?error=server",
        "processId": 5,
        "routingId": 1
      }
    },
    {
      "event": "dom-ready",
      "frame": {
        "id": 1,
        "detached": false,
        "destroyed": false,
        "url": "file:///Users/friday/.hermes/profiles/friday/cache/scratch/T17-real-electron-2pHlIo/.vite/build/offline.html?error=server",
        "processId": 5,
        "routingId": 1
      }
    },
    {
      "event": "did-finish-load",
      "frame": {
        "id": 1,
        "detached": false,
        "destroyed": false,
        "url": "file:///Users/friday/.hermes/profiles/friday/cache/scratch/T17-real-electron-2pHlIo/.vite/build/offline.html?error=server",
        "processId": 5,
        "routingId": 1
      }
    }
  ],
  "consoleMessages": [],
  "failures": [],
  "requests": [
    "http://127.0.0.1:49270/app?configured=1",
    "file:///Users/friday/.hermes/profiles/friday/cache/scratch/T17-real-electron-2pHlIo/.vite/build/offline.html?error=server"
  ],
  "captions": {
    "minimise": 1,
    "maximise": 2,
    "close": 1
  },
  "events": [
    "renderer:killed",
    "maximize",
    "unmaximize",
    "minimize",
    "restore",
    "close",
    "closed"
  ],
  "url": null
}

{
  "mode": "win32",
  "scenario": "crash-retry-hosted",
  "exit": 1,
  "emittedSHA256": "33aba3c676f65b56a45ffcc3dde2a16c75846636717ca280087940f00c0ed712",
  "receipt": {
    "passed": false,
    "result": "FAIL",
    "exit": 1,
    "knownGaps": [],
    "hardFailures": [
      "TypeError: Object has been destroyed",
      "caption action inventory mismatch"
    ],
    "scenario": "crash-retry-hosted",
    "port": 49270,
    "electron": "44.5.1",
    "host": "darwin",
    "presentation": "win32",
    "authorization": [
      {
        "action": "maximise",
        "document": "offline",
        "byIdSame": true,
        "byTokenSame": true,
        "byId": {
          "id": 1,
          "detached": false,
          "destroyed": false,
          "url": "file:///Users/friday/.hermes/profiles/friday/cache/scratch/T17-real-electron-2pHlIo/.vite/build/offline.html?error=server",
          "processId": 5,
          "routingId": 1
        },
        "byToken": {
          "id": 1,
          "detached": false,
          "destroyed": false,
          "url": "file:///Users/friday/.hermes/profiles/friday/cache/scratch/T17-real-electron-2pHlIo/.vite/build/offline.html?error=server",
          "processId": 5,
          "routingId": 1
        },
        "hosted": false,
        "offline": true,
        "self": true,
        "sameContents": true,
        "sameFrame": true,
        "detached": false,
        "sender": {
          "id": 1,
          "detached": false,
          "destroyed": false,
          "url": "file:///Users/friday/.hermes/profiles/friday/cache/scratch/T17-real-electron-2pHlIo/.vite/build/offline.html?error=server",
          "processId": 5,
          "routingId": 1
        },
        "current": {
          "id": 1,
          "detached": false,
          "destroyed": false,
          "url": "file:///Users/friday/.hermes/profiles/friday/cache/scratch/T17-real-electron-2pHlIo/.vite/build/offline.html?error=server",
          "processId": 5,
          "routingId": 1
        }
      },
      {
        "action": "maximise",
        "document": "offline",
        "byIdSame": true,
        "byTokenSame": true,
        "byId": {
          "id": 1,
          "detached": false,
          "destroyed": false,
          "url": "file:///Users/friday/.hermes/profiles/friday/cache/scratch/T17-real-electron-2pHlIo/.vite/build/offline.html?error=server",
          "processId": 5,
          "routingId": 1
        },
        "byToken": {
          "id": 1,
          "detached": false,
          "destroyed": false,
          "url": "file:///Users/friday/.hermes/profiles/friday/cache/scratch/T17-real-electron-2pHlIo/.vite/build/offline.html?error=server",
          "processId": 5,
          "routingId": 1
        },
        "hosted": false,
        "offline": true,
        "self": true,
        "sameContents": true,
        "sameFrame": true,
        "detached": false,
        "sender": {
          "id": 1,
          "detached": false,
          "destroyed": false,
          "url": "file:///Users/friday/.hermes/profiles/friday/cache/scratch/T17-real-electron-2pHlIo/.vite/build/offline.html?error=server",
          "processId": 5,
          "routingId": 1
        },
        "current": {
          "id": 1,
          "detached": false,
          "destroyed": false,
          "url": "file:///Users/friday/.hermes/profiles/friday/cache/scratch/T17-real-electron-2pHlIo/.vite/build/offline.html?error=server",
          "processId": 5,
          "routingId": 1
        }
      },
      {
        "action": "minimise",
        "document": "offline",
        "byIdSame": true,
        "byTokenSame": true,
        "byId": {
          "id": 1,
          "detached": false,
          "destroyed": false,
          "url": "file:///Users/friday/.hermes/profiles/friday/cache/scratch/T17-real-electron-2pHlIo/.vite/build/offline.html?error=server",
          "processId": 5,
          "routingId": 1
        },
        "byToken": {
          "id": 1,
          "detached": false,
          "destroyed": false,
          "url": "file:///Users/friday/.hermes/profiles/friday/cache/scratch/T17-real-electron-2pHlIo/.vite/build/offline.html?error=server",
          "processId": 5,
          "routingId": 1
        },
        "hosted": false,
        "offline": true,
        "self": true,
        "sameContents": true,
        "sameFrame": true,
        "detached": false,
        "sender": {
          "id": 1,
          "detached": false,
          "destroyed": false,
          "url": "file:///Users/friday/.hermes/profiles/friday/cache/scratch/T17-real-electron-2pHlIo/.vite/build/offline.html?error=server",
          "processId": 5,
          "routingId": 1
        },
        "current": {
          "id": 1,
          "detached": false,
          "destroyed": false,
          "url": "file:///Users/friday/.hermes/profiles/friday/cache/scratch/T17-real-electron-2pHlIo/.vite/build/offline.html?error=server",
          "processId": 5,
          "routingId": 1
        }
      },
      {
        "action": "close",
        "document": "offline",
        "byIdSame": true,
        "byTokenSame": true,
        "byId": {
          "id": 1,
          "detached": false,
          "destroyed": false,
          "url": "file:///Users/friday/.hermes/profiles/friday/cache/scratch/T17-real-electron-2pHlIo/.vite/build/offline.html?error=server",
          "processId": 5,
          "routingId": 1
        },
        "byToken": {
          "id": 1,
          "detached": false,
          "destroyed": false,
          "url": "file:///Users/friday/.hermes/profiles/friday/cache/scratch/T17-real-electron-2pHlIo/.vite/build/offline.html?error=server",
          "processId": 5,
          "routingId": 1
        },
        "hosted": false,
        "offline": true,
        "self": true,
        "sameContents": true,
        "sameFrame": true,
        "detached": false,
        "sender": {
          "id": 1,
          "detached": false,
          "destroyed": false,
          "url": "file:///Users/friday/.hermes/profiles/friday/cache/scratch/T17-real-electron-2pHlIo/.vite/build/offline.html?error=server",
          "processId": 5,
          "routingId": 1
        },
        "current": {
          "id": 1,
          "detached": false,
          "destroyed": false,
          "url": "file:///Users/friday/.hermes/profiles/friday/cache/scratch/T17-real-electron-2pHlIo/.vite/build/offline.html?error=server",
          "processId": 5,
          "routingId": 1
        }
      }
    ],
    "captionActions": [
      {
        "action": "maximise",
        "document": "offline",
        "delivered": true,
        "tuple": {
          "action": "maximise",
          "document": "offline",
          "byIdSame": true,
          "byTokenSame": true,
          "byId": {
            "id": 1,
            "detached": false,
            "destroyed": false,
            "url": "file:///Users/friday/.hermes/profiles/friday/cache/scratch/T17-real-electron-2pHlIo/.vite/build/offline.html?error=server",
            "processId": 5,
            "routingId": 1
          },
          "byToken": {
            "id": 1,
            "detached": false,
            "destroyed": false,
            "url": "file:///Users/friday/.hermes/profiles/friday/cache/scratch/T17-real-electron-2pHlIo/.vite/build/offline.html?error=server",
            "processId": 5,
            "routingId": 1
          },
          "hosted": false,
          "offline": true,
          "self": true,
          "sameContents": true,
          "sameFrame": true,
          "detached": false,
          "sender": {
            "id": 1,
            "detached": false,
            "destroyed": false,
            "url": "file:///Users/friday/.hermes/profiles/friday/cache/scratch/T17-real-electron-2pHlIo/.vite/build/offline.html?error=server",
            "processId": 5,
            "routingId": 1
          },
          "current": {
            "id": 1,
            "detached": false,
            "destroyed": false,
            "url": "file:///Users/friday/.hermes/profiles/friday/cache/scratch/T17-real-electron-2pHlIo/.vite/build/offline.html?error=server",
            "processId": 5,
            "routingId": 1
          }
        },
        "native": true,
        "error": null,
        "nativeEvents": [
          "maximize"
        ]
      },
      {
        "action": "maximise",
        "document": "offline",
        "delivered": true,
        "tuple": {
          "action": "maximise",
          "document": "offline",
          "byIdSame": true,
          "byTokenSame": true,
          "byId": {
            "id": 1,
            "detached": false,
            "destroyed": false,
            "url": "file:///Users/friday/.hermes/profiles/friday/cache/scratch/T17-real-electron-2pHlIo/.vite/build/offline.html?error=server",
            "processId": 5,
            "routingId": 1
          },
          "byToken": {
            "id": 1,
            "detached": false,
            "destroyed": false,
            "url": "file:///Users/friday/.hermes/profiles/friday/cache/scratch/T17-real-electron-2pHlIo/.vite/build/offline.html?error=server",
            "processId": 5,
            "routingId": 1
          },
          "hosted": false,
          "offline": true,
          "self": true,
          "sameContents": true,
          "sameFrame": true,
          "detached": false,
          "sender": {
            "id": 1,
            "detached": false,
            "destroyed": false,
            "url": "file:///Users/friday/.hermes/profiles/friday/cache/scratch/T17-real-electron-2pHlIo/.vite/build/offline.html?error=server",
            "processId": 5,
            "routingId": 1
          },
          "current": {
            "id": 1,
            "detached": false,
            "destroyed": false,
            "url": "file:///Users/friday/.hermes/profiles/friday/cache/scratch/T17-real-electron-2pHlIo/.vite/build/offline.html?error=server",
            "processId": 5,
            "routingId": 1
          }
        },
        "native": true,
        "error": null,
        "nativeEvents": [
          "unmaximize"
        ]
      },
      {
        "action": "minimise",
        "document": "offline",
        "delivered": true,
        "tuple": {
          "action": "minimise",
          "document": "offline",
          "byIdSame": true,
          "byTokenSame": true,
          "byId": {
            "id": 1,
            "detached": false,
            "destroyed": false,
            "url": "file:///Users/friday/.hermes/profiles/friday/cache/scratch/T17-real-electron-2pHlIo/.vite/build/offline.html?error=server",
            "processId": 5,
            "routingId": 1
          },
          "byToken": {
            "id": 1,
            "detached": false,
            "destroyed": false,
            "url": "file:///Users/friday/.hermes/profiles/friday/cache/scratch/T17-real-electron-2pHlIo/.vite/build/offline.html?error=server",
            "processId": 5,
            "routingId": 1
          },
          "hosted": false,
          "offline": true,
          "self": true,
          "sameContents": true,
          "sameFrame": true,
          "detached": false,
          "sender": {
            "id": 1,
            "detached": false,
            "destroyed": false,
            "url": "file:///Users/friday/.hermes/profiles/friday/cache/scratch/T17-real-electron-2pHlIo/.vite/build/offline.html?error=server",
            "processId": 5,
            "routingId": 1
          },
          "current": {
            "id": 1,
            "detached": false,
            "destroyed": false,
            "url": "file:///Users/friday/.hermes/profiles/friday/cache/scratch/T17-real-electron-2pHlIo/.vite/build/offline.html?error=server",
            "processId": 5,
            "routingId": 1
          }
        },
        "native": true,
        "error": null,
        "nativeEvents": [
          "minimize"
        ]
      },
      {
        "action": "close",
        "document": "offline",
        "delivered": true,
        "tuple": {
          "action": "close",
          "document": "offline",
          "byIdSame": true,
          "byTokenSame": true,
          "byId": {
            "id": 1,
            "detached": false,
            "destroyed": false,
            "url": "file:///Users/friday/.hermes/profiles/friday/cache/scratch/T17-real-electron-2pHlIo/.vite/build/offline.html?error=server",
            "processId": 5,
            "routingId": 1
          },
          "byToken": {
            "id": 1,
            "detached": false,
            "destroyed": false,
            "url": "file:///Users/friday/.hermes/profiles/friday/cache/scratch/T17-real-electron-2pHlIo/.vite/build/offline.html?error=server",
            "processId": 5,
            "routingId": 1
          },
          "hosted": false,
          "offline": true,
          "self": true,
          "sameContents": true,
          "sameFrame": true,
          "detached": false,
          "sender": {
            "id": 1,
            "detached": false,
            "destroyed": false,
            "url": "file:///Users/friday/.hermes/profiles/friday/cache/scratch/T17-real-electron-2pHlIo/.vite/build/offline.html?error=server",
            "processId": 5,
            "routingId": 1
          },
          "current": {
            "id": 1,
            "detached": false,
            "destroyed": false,
            "url": "file:///Users/friday/.hermes/profiles/friday/cache/scratch/T17-real-electron-2pHlIo/.vite/build/offline.html?error=server",
            "processId": 5,
            "routingId": 1
          }
        },
        "native": true,
        "error": null,
        "nativeEvents": [
          "close",
          "closed"
        ]
      }
    ],
    "characterization": {},
    "retryIntents": [],
    "frameStates": [
      {
        "event": "did-start-navigation",
        "frame": {
          "id": 1,
          "detached": false,
          "destroyed": false,
          "url": "",
          "processId": 4,
          "routingId": 1
        }
      },
      {
        "event": "did-navigate",
        "frame": {
          "id": 1,
          "detached": false,
          "destroyed": false,
          "url": "http://127.0.0.1:49270/app?configured=1",
          "processId": 4,
          "routingId": 1
        }
      },
      {
        "event": "dom-ready",
        "frame": {
          "id": 1,
          "detached": false,
          "destroyed": false,
          "url": "http://127.0.0.1:49270/app?configured=1",
          "processId": 4,
          "routingId": 1
        }
      },
      {
        "event": "did-finish-load",
        "frame": {
          "id": 1,
          "detached": false,
          "destroyed": false,
          "url": "http://127.0.0.1:49270/app?configured=1",
          "processId": 4,
          "routingId": 1
        }
      },
      {
        "event": "did-start-navigation",
        "frame": {
          "id": 1,
          "detached": false,
          "destroyed": false,
          "url": "",
          "processId": 5,
          "routingId": 1
        }
      },
      {
        "event": "render-process-gone",
        "frame": {
          "id": 1,
          "detached": false,
          "destroyed": false,
          "url": "",
          "processId": 5,
          "routingId": 1
        }
      },
      {
        "event": "did-navigate",
        "frame": {
          "id": 1,
          "detached": false,
          "destroyed": false,
          "url": "file:///Users/friday/.hermes/profiles/friday/cache/scratch/T17-real-electron-2pHlIo/.vite/build/offline.html?error=server",
          "processId": 5,
          "routingId": 1
        }
      },
      {
        "event": "dom-ready",
        "frame": {
          "id": 1,
          "detached": false,
          "destroyed": false,
          "url": "file:///Users/friday/.hermes/profiles/friday/cache/scratch/T17-real-electron-2pHlIo/.vite/build/offline.html?error=server",
          "processId": 5,
          "routingId": 1
        }
      },
      {
        "event": "did-finish-load",
        "frame": {
          "id": 1,
          "detached": false,
          "destroyed": false,
          "url": "file:///Users/friday/.hermes/profiles/friday/cache/scratch/T17-real-electron-2pHlIo/.vite/build/offline.html?error=server",
          "processId": 5,
          "routingId": 1
        }
      }
    ],
    "consoleMessages": [],
    "failures": [],
    "requests": [
      "http://127.0.0.1:49270/app?configured=1",
      "file:///Users/friday/.hermes/profiles/friday/cache/scratch/T17-real-electron-2pHlIo/.vite/build/offline.html?error=server"
    ],
    "captions": {
      "minimise": 1,
      "maximise": 2,
      "close": 1
    },
    "events": [
      "renderer:killed",
      "maximize",
      "unmaximize",
      "minimize",
      "restore",
      "close",
      "closed"
    ],
    "url": null
  }
}
AUTHORIZATION {"scenario":"crash-native-os","mode":"win32","action":"maximise","document":"offline","byIdSame":true,"byTokenSame":true,"byId":{"id":1,"detached":false,"destroyed":false,"url":"file:///Users/friday/.hermes/profiles/friday/cache/scratch/T17-real-electron-2pHlIo/.vite/build/offline.html?error=server","processId":5,"routingId":1},"byToken":{"id":1,"detached":false,"destroyed":false,"url":"file:///Users/friday/.hermes/profiles/friday/cache/scratch/T17-real-electron-2pHlIo/.vite/build/offline.html?error=server","processId":5,"routingId":1},"hosted":false,"offline":true,"self":true,"sameContents":true,"sameFrame":true,"detached":false,"sender":{"id":1,"detached":false,"destroyed":false,"url":"file:///Users/friday/.hermes/profiles/friday/cache/scratch/T17-real-electron-2pHlIo/.vite/build/offline.html?error=server","processId":5,"routingId":1},"current":{"id":1,"detached":false,"destroyed":false,"url":"file:///Users/friday/.hermes/profiles/friday/cache/scratch/T17-real-electron-2pHlIo/.vite/build/offline.html?error=server","processId":5,"routingId":1}}
AUTHORIZATION {"scenario":"crash-native-os","mode":"win32","action":"maximise","document":"offline","byIdSame":true,"byTokenSame":true,"byId":{"id":1,"detached":false,"destroyed":false,"url":"file:///Users/friday/.hermes/profiles/friday/cache/scratch/T17-real-electron-2pHlIo/.vite/build/offline.html?error=server","processId":5,"routingId":1},"byToken":{"id":1,"detached":false,"destroyed":false,"url":"file:///Users/friday/.hermes/profiles/friday/cache/scratch/T17-real-electron-2pHlIo/.vite/build/offline.html?error=server","processId":5,"routingId":1},"hosted":false,"offline":true,"self":true,"sameContents":true,"sameFrame":true,"detached":false,"sender":{"id":1,"detached":false,"destroyed":false,"url":"file:///Users/friday/.hermes/profiles/friday/cache/scratch/T17-real-electron-2pHlIo/.vite/build/offline.html?error=server","processId":5,"routingId":1},"current":{"id":1,"detached":false,"destroyed":false,"url":"file:///Users/friday/.hermes/profiles/friday/cache/scratch/T17-real-electron-2pHlIo/.vite/build/offline.html?error=server","processId":5,"routingId":1}}
AUTHORIZATION {"scenario":"crash-native-os","mode":"win32","action":"minimise","document":"offline","byIdSame":true,"byTokenSame":true,"byId":{"id":1,"detached":false,"destroyed":false,"url":"file:///Users/friday/.hermes/profiles/friday/cache/scratch/T17-real-electron-2pHlIo/.vite/build/offline.html?error=server","processId":5,"routingId":1},"byToken":{"id":1,"detached":false,"destroyed":false,"url":"file:///Users/friday/.hermes/profiles/friday/cache/scratch/T17-real-electron-2pHlIo/.vite/build/offline.html?error=server","processId":5,"routingId":1},"hosted":false,"offline":true,"self":true,"sameContents":true,"sameFrame":true,"detached":false,"sender":{"id":1,"detached":false,"destroyed":false,"url":"file:///Users/friday/.hermes/profiles/friday/cache/scratch/T17-real-electron-2pHlIo/.vite/build/offline.html?error=server","processId":5,"routingId":1},"current":{"id":1,"detached":false,"destroyed":false,"url":"file:///Users/friday/.hermes/profiles/friday/cache/scratch/T17-real-electron-2pHlIo/.vite/build/offline.html?error=server","processId":5,"routingId":1}}
AUTHORIZATION {"scenario":"crash-native-os","mode":"win32","action":"close","document":"offline","byIdSame":true,"byTokenSame":true,"byId":{"id":1,"detached":false,"destroyed":false,"url":"file:///Users/friday/.hermes/profiles/friday/cache/scratch/T17-real-electron-2pHlIo/.vite/build/offline.html?error=server","processId":5,"routingId":1},"byToken":{"id":1,"detached":false,"destroyed":false,"url":"file:///Users/friday/.hermes/profiles/friday/cache/scratch/T17-real-electron-2pHlIo/.vite/build/offline.html?error=server","processId":5,"routingId":1},"hosted":false,"offline":true,"self":true,"sameContents":true,"sameFrame":true,"detached":false,"sender":{"id":1,"detached":false,"destroyed":false,"url":"file:///Users/friday/.hermes/profiles/friday/cache/scratch/T17-real-electron-2pHlIo/.vite/build/offline.html?error=server","processId":5,"routingId":1},"current":{"id":1,"detached":false,"destroyed":false,"url":"file:///Users/friday/.hermes/profiles/friday/cache/scratch/T17-real-electron-2pHlIo/.vite/build/offline.html?error=server","processId":5,"routingId":1}}

TypeError: Object has been destroyed
    at De (/Users/friday/.hermes/profiles/friday/cache/scratch/T17-real-electron-2pHlIo/.vite/build/electron-runtime-entry.js:1:14684)
{
  "passed": false,
  "result": "FAIL",
  "exit": 1,
  "knownGaps": [],
  "hardFailures": [
    "TypeError: Object has been destroyed"
  ],
  "scenario": "crash-native-os",
  "port": 49270,
  "electron": "44.5.1",
  "host": "darwin",
  "presentation": "win32",
  "authorization": [
    {
      "action": "maximise",
      "document": "offline",
      "byIdSame": true,
      "byTokenSame": true,
      "byId": {
        "id": 1,
        "detached": false,
        "destroyed": false,
        "url": "file:///Users/friday/.hermes/profiles/friday/cache/scratch/T17-real-electron-2pHlIo/.vite/build/offline.html?error=server",
        "processId": 5,
        "routingId": 1
      },
      "byToken": {
        "id": 1,
        "detached": false,
        "destroyed": false,
        "url": "file:///Users/friday/.hermes/profiles/friday/cache/scratch/T17-real-electron-2pHlIo/.vite/build/offline.html?error=server",
        "processId": 5,
        "routingId": 1
      },
      "hosted": false,
      "offline": true,
      "self": true,
      "sameContents": true,
      "sameFrame": true,
      "detached": false,
      "sender": {
        "id": 1,
        "detached": false,
        "destroyed": false,
        "url": "file:///Users/friday/.hermes/profiles/friday/cache/scratch/T17-real-electron-2pHlIo/.vite/build/offline.html?error=server",
        "processId": 5,
        "routingId": 1
      },
      "current": {
        "id": 1,
        "detached": false,
        "destroyed": false,
        "url": "file:///Users/friday/.hermes/profiles/friday/cache/scratch/T17-real-electron-2pHlIo/.vite/build/offline.html?error=server",
        "processId": 5,
        "routingId": 1
      }
    },
    {
      "action": "maximise",
      "document": "offline",
      "byIdSame": true,
      "byTokenSame": true,
      "byId": {
        "id": 1,
        "detached": false,
        "destroyed": false,
        "url": "file:///Users/friday/.hermes/profiles/friday/cache/scratch/T17-real-electron-2pHlIo/.vite/build/offline.html?error=server",
        "processId": 5,
        "routingId": 1
      },
      "byToken": {
        "id": 1,
        "detached": false,
        "destroyed": false,
        "url": "file:///Users/friday/.hermes/profiles/friday/cache/scratch/T17-real-electron-2pHlIo/.vite/build/offline.html?error=server",
        "processId": 5,
        "routingId": 1
      },
      "hosted": false,
      "offline": true,
      "self": true,
      "sameContents": true,
      "sameFrame": true,
      "detached": false,
      "sender": {
        "id": 1,
        "detached": false,
        "destroyed": false,
        "url": "file:///Users/friday/.hermes/profiles/friday/cache/scratch/T17-real-electron-2pHlIo/.vite/build/offline.html?error=server",
        "processId": 5,
        "routingId": 1
      },
      "current": {
        "id": 1,
        "detached": false,
        "destroyed": false,
        "url": "file:///Users/friday/.hermes/profiles/friday/cache/scratch/T17-real-electron-2pHlIo/.vite/build/offline.html?error=server",
        "processId": 5,
        "routingId": 1
      }
    },
    {
      "action": "minimise",
      "document": "offline",
      "byIdSame": true,
      "byTokenSame": true,
      "byId": {
        "id": 1,
        "detached": false,
        "destroyed": false,
        "url": "file:///Users/friday/.hermes/profiles/friday/cache/scratch/T17-real-electron-2pHlIo/.vite/build/offline.html?error=server",
        "processId": 5,
        "routingId": 1
      },
      "byToken": {
        "id": 1,
        "detached": false,
        "destroyed": false,
        "url": "file:///Users/friday/.hermes/profiles/friday/cache/scratch/T17-real-electron-2pHlIo/.vite/build/offline.html?error=server",
        "processId": 5,
        "routingId": 1
      },
      "hosted": false,
      "offline": true,
      "self": true,
      "sameContents": true,
      "sameFrame": true,
      "detached": false,
      "sender": {
        "id": 1,
        "detached": false,
        "destroyed": false,
        "url": "file:///Users/friday/.hermes/profiles/friday/cache/scratch/T17-real-electron-2pHlIo/.vite/build/offline.html?error=server",
        "processId": 5,
        "routingId": 1
      },
      "current": {
        "id": 1,
        "detached": false,
        "destroyed": false,
        "url": "file:///Users/friday/.hermes/profiles/friday/cache/scratch/T17-real-electron-2pHlIo/.vite/build/offline.html?error=server",
        "processId": 5,
        "routingId": 1
      }
    },
    {
      "action": "close",
      "document": "offline",
      "byIdSame": true,
      "byTokenSame": true,
      "byId": {
        "id": 1,
        "detached": false,
        "destroyed": false,
        "url": "file:///Users/friday/.hermes/profiles/friday/cache/scratch/T17-real-electron-2pHlIo/.vite/build/offline.html?error=server",
        "processId": 5,
        "routingId": 1
      },
      "byToken": {
        "id": 1,
        "detached": false,
        "destroyed": false,
        "url": "file:///Users/friday/.hermes/profiles/friday/cache/scratch/T17-real-electron-2pHlIo/.vite/build/offline.html?error=server",
        "processId": 5,
        "routingId": 1
      },
      "hosted": false,
      "offline": true,
      "self": true,
      "sameContents": true,
      "sameFrame": true,
      "detached": false,
      "sender": {
        "id": 1,
        "detached": false,
        "destroyed": false,
        "url": "file:///Users/friday/.hermes/profiles/friday/cache/scratch/T17-real-electron-2pHlIo/.vite/build/offline.html?error=server",
        "processId": 5,
        "routingId": 1
      },
      "current": {
        "id": 1,
        "detached": false,
        "destroyed": false,
        "url": "file:///Users/friday/.hermes/profiles/friday/cache/scratch/T17-real-electron-2pHlIo/.vite/build/offline.html?error=server",
        "processId": 5,
        "routingId": 1
      }
    }
  ],
  "captionActions": [
    {
      "action": "maximise",
      "document": "offline",
      "delivered": true,
      "tuple": {
        "action": "maximise",
        "document": "offline",
        "byIdSame": true,
        "byTokenSame": true,
        "byId": {
          "id": 1,
          "detached": false,
          "destroyed": false,
          "url": "file:///Users/friday/.hermes/profiles/friday/cache/scratch/T17-real-electron-2pHlIo/.vite/build/offline.html?error=server",
          "processId": 5,
          "routingId": 1
        },
        "byToken": {
          "id": 1,
          "detached": false,
          "destroyed": false,
          "url": "file:///Users/friday/.hermes/profiles/friday/cache/scratch/T17-real-electron-2pHlIo/.vite/build/offline.html?error=server",
          "processId": 5,
          "routingId": 1
        },
        "hosted": false,
        "offline": true,
        "self": true,
        "sameContents": true,
        "sameFrame": true,
        "detached": false,
        "sender": {
          "id": 1,
          "detached": false,
          "destroyed": false,
          "url": "file:///Users/friday/.hermes/profiles/friday/cache/scratch/T17-real-electron-2pHlIo/.vite/build/offline.html?error=server",
          "processId": 5,
          "routingId": 1
        },
        "current": {
          "id": 1,
          "detached": false,
          "destroyed": false,
          "url": "file:///Users/friday/.hermes/profiles/friday/cache/scratch/T17-real-electron-2pHlIo/.vite/build/offline.html?error=server",
          "processId": 5,
          "routingId": 1
        }
      },
      "native": true,
      "error": null,
      "nativeEvents": [
        "maximize"
      ]
    },
    {
      "action": "maximise",
      "document": "offline",
      "delivered": true,
      "tuple": {
        "action": "maximise",
        "document": "offline",
        "byIdSame": true,
        "byTokenSame": true,
        "byId": {
          "id": 1,
          "detached": false,
          "destroyed": false,
          "url": "file:///Users/friday/.hermes/profiles/friday/cache/scratch/T17-real-electron-2pHlIo/.vite/build/offline.html?error=server",
          "processId": 5,
          "routingId": 1
        },
        "byToken": {
          "id": 1,
          "detached": false,
          "destroyed": false,
          "url": "file:///Users/friday/.hermes/profiles/friday/cache/scratch/T17-real-electron-2pHlIo/.vite/build/offline.html?error=server",
          "processId": 5,
          "routingId": 1
        },
        "hosted": false,
        "offline": true,
        "self": true,
        "sameContents": true,
        "sameFrame": true,
        "detached": false,
        "sender": {
          "id": 1,
          "detached": false,
          "destroyed": false,
          "url": "file:///Users/friday/.hermes/profiles/friday/cache/scratch/T17-real-electron-2pHlIo/.vite/build/offline.html?error=server",
          "processId": 5,
          "routingId": 1
        },
        "current": {
          "id": 1,
          "detached": false,
          "destroyed": false,
          "url": "file:///Users/friday/.hermes/profiles/friday/cache/scratch/T17-real-electron-2pHlIo/.vite/build/offline.html?error=server",
          "processId": 5,
          "routingId": 1
        }
      },
      "native": true,
      "error": null,
      "nativeEvents": [
        "unmaximize"
      ]
    },
    {
      "action": "minimise",
      "document": "offline",
      "delivered": true,
      "tuple": {
        "action": "minimise",
        "document": "offline",
        "byIdSame": true,
        "byTokenSame": true,
        "byId": {
          "id": 1,
          "detached": false,
          "destroyed": false,
          "url": "file:///Users/friday/.hermes/profiles/friday/cache/scratch/T17-real-electron-2pHlIo/.vite/build/offline.html?error=server",
          "processId": 5,
          "routingId": 1
        },
        "byToken": {
          "id": 1,
          "detached": false,
          "destroyed": false,
          "url": "file:///Users/friday/.hermes/profiles/friday/cache/scratch/T17-real-electron-2pHlIo/.vite/build/offline.html?error=server",
          "processId": 5,
          "routingId": 1
        },
        "hosted": false,
        "offline": true,
        "self": true,
        "sameContents": true,
        "sameFrame": true,
        "detached": false,
        "sender": {
          "id": 1,
          "detached": false,
          "destroyed": false,
          "url": "file:///Users/friday/.hermes/profiles/friday/cache/scratch/T17-real-electron-2pHlIo/.vite/build/offline.html?error=server",
          "processId": 5,
          "routingId": 1
        },
        "current": {
          "id": 1,
          "detached": false,
          "destroyed": false,
          "url": "file:///Users/friday/.hermes/profiles/friday/cache/scratch/T17-real-electron-2pHlIo/.vite/build/offline.html?error=server",
          "processId": 5,
          "routingId": 1
        }
      },
      "native": true,
      "error": null,
      "nativeEvents": [
        "minimize"
      ]
    },
    {
      "action": "close",
      "document": "offline",
      "delivered": true,
      "tuple": {
        "action": "close",
        "document": "offline",
        "byIdSame": true,
        "byTokenSame": true,
        "byId": {
          "id": 1,
          "detached": false,
          "destroyed": false,
          "url": "file:///Users/friday/.hermes/profiles/friday/cache/scratch/T17-real-electron-2pHlIo/.vite/build/offline.html?error=server",
          "processId": 5,
          "routingId": 1
        },
        "byToken": {
          "id": 1,
          "detached": false,
          "destroyed": false,
          "url": "file:///Users/friday/.hermes/profiles/friday/cache/scratch/T17-real-electron-2pHlIo/.vite/build/offline.html?error=server",
          "processId": 5,
          "routingId": 1
        },
        "hosted": false,
        "offline": true,
        "self": true,
        "sameContents": true,
        "sameFrame": true,
        "detached": false,
        "sender": {
          "id": 1,
          "detached": false,
          "destroyed": false,
          "url": "file:///Users/friday/.hermes/profiles/friday/cache/scratch/T17-real-electron-2pHlIo/.vite/build/offline.html?error=server",
          "processId": 5,
          "routingId": 1
        },
        "current": {
          "id": 1,
          "detached": false,
          "destroyed": false,
          "url": "file:///Users/friday/.hermes/profiles/friday/cache/scratch/T17-real-electron-2pHlIo/.vite/build/offline.html?error=server",
          "processId": 5,
          "routingId": 1
        }
      },
      "native": true,
      "error": null,
      "nativeEvents": [
        "close",
        "closed"
      ]
    }
  ],
  "characterization": {},
  "retryIntents": [],
  "frameStates": [
    {
      "event": "did-start-navigation",
      "frame": {
        "id": 1,
        "detached": false,
        "destroyed": false,
        "url": "",
        "processId": 4,
        "routingId": 1
      }
    },
    {
      "event": "did-navigate",
      "frame": {
        "id": 1,
        "detached": false,
        "destroyed": false,
        "url": "http://127.0.0.1:49270/app?configured=1",
        "processId": 4,
        "routingId": 1
      }
    },
    {
      "event": "dom-ready",
      "frame": {
        "id": 1,
        "detached": false,
        "destroyed": false,
        "url": "http://127.0.0.1:49270/app?configured=1",
        "processId": 4,
        "routingId": 1
      }
    },
    {
      "event": "did-finish-load",
      "frame": {
        "id": 1,
        "detached": false,
        "destroyed": false,
        "url": "http://127.0.0.1:49270/app?configured=1",
        "processId": 4,
        "routingId": 1
      }
    },
    {
      "event": "did-start-navigation",
      "frame": {
        "id": 1,
        "detached": false,
        "destroyed": false,
        "url": "",
        "processId": 5,
        "routingId": 1
      }
    },
    {
      "event": "render-process-gone",
      "frame": {
        "id": 1,
        "detached": false,
        "destroyed": false,
        "url": "",
        "processId": 5,
        "routingId": 1
      }
    },
    {
      "event": "did-navigate",
      "frame": {
        "id": 1,
        "detached": false,
        "destroyed": false,
        "url": "file:///Users/friday/.hermes/profiles/friday/cache/scratch/T17-real-electron-2pHlIo/.vite/build/offline.html?error=server",
        "processId": 5,
        "routingId": 1
      }
    },
    {
      "event": "dom-ready",
      "frame": {
        "id": 1,
        "detached": false,
        "destroyed": false,
        "url": "file:///Users/friday/.hermes/profiles/friday/cache/scratch/T17-real-electron-2pHlIo/.vite/build/offline.html?error=server",
        "processId": 5,
        "routingId": 1
      }
    },
    {
      "event": "did-finish-load",
      "frame": {
        "id": 1,
        "detached": false,
        "destroyed": false,
        "url": "file:///Users/friday/.hermes/profiles/friday/cache/scratch/T17-real-electron-2pHlIo/.vite/build/offline.html?error=server",
        "processId": 5,
        "routingId": 1
      }
    }
  ],
  "consoleMessages": [],
  "failures": [],
  "requests": [
    "http://127.0.0.1:49270/app?configured=1",
    "file:///Users/friday/.hermes/profiles/friday/cache/scratch/T17-real-electron-2pHlIo/.vite/build/offline.html?error=server"
  ],
  "captions": {
    "minimise": 1,
    "maximise": 2,
    "close": 1
  },
  "events": [
    "renderer:killed",
    "maximize",
    "unmaximize",
    "minimize",
    "restore",
    "close",
    "closed"
  ],
  "url": null
}

{
  "mode": "win32",
  "scenario": "crash-native-os",
  "exit": 1,
  "emittedSHA256": "33aba3c676f65b56a45ffcc3dde2a16c75846636717ca280087940f00c0ed712",
  "receipt": {
    "passed": false,
    "result": "FAIL",
    "exit": 1,
    "knownGaps": [],
    "hardFailures": [
      "TypeError: Object has been destroyed"
    ],
    "scenario": "crash-native-os",
    "port": 49270,
    "electron": "44.5.1",
    "host": "darwin",
    "presentation": "win32",
    "authorization": [
      {
        "action": "maximise",
        "document": "offline",
        "byIdSame": true,
        "byTokenSame": true,
        "byId": {
          "id": 1,
          "detached": false,
          "destroyed": false,
          "url": "file:///Users/friday/.hermes/profiles/friday/cache/scratch/T17-real-electron-2pHlIo/.vite/build/offline.html?error=server",
          "processId": 5,
          "routingId": 1
        },
        "byToken": {
          "id": 1,
          "detached": false,
          "destroyed": false,
          "url": "file:///Users/friday/.hermes/profiles/friday/cache/scratch/T17-real-electron-2pHlIo/.vite/build/offline.html?error=server",
          "processId": 5,
          "routingId": 1
        },
        "hosted": false,
        "offline": true,
        "self": true,
        "sameContents": true,
        "sameFrame": true,
        "detached": false,
        "sender": {
          "id": 1,
          "detached": false,
          "destroyed": false,
          "url": "file:///Users/friday/.hermes/profiles/friday/cache/scratch/T17-real-electron-2pHlIo/.vite/build/offline.html?error=server",
          "processId": 5,
          "routingId": 1
        },
        "current": {
          "id": 1,
          "detached": false,
          "destroyed": false,
          "url": "file:///Users/friday/.hermes/profiles/friday/cache/scratch/T17-real-electron-2pHlIo/.vite/build/offline.html?error=server",
          "processId": 5,
          "routingId": 1
        }
      },
      {
        "action": "maximise",
        "document": "offline",
        "byIdSame": true,
        "byTokenSame": true,
        "byId": {
          "id": 1,
          "detached": false,
          "destroyed": false,
          "url": "file:///Users/friday/.hermes/profiles/friday/cache/scratch/T17-real-electron-2pHlIo/.vite/build/offline.html?error=server",
          "processId": 5,
          "routingId": 1
        },
        "byToken": {
          "id": 1,
          "detached": false,
          "destroyed": false,
          "url": "file:///Users/friday/.hermes/profiles/friday/cache/scratch/T17-real-electron-2pHlIo/.vite/build/offline.html?error=server",
          "processId": 5,
          "routingId": 1
        },
        "hosted": false,
        "offline": true,
        "self": true,
        "sameContents": true,
        "sameFrame": true,
        "detached": false,
        "sender": {
          "id": 1,
          "detached": false,
          "destroyed": false,
          "url": "file:///Users/friday/.hermes/profiles/friday/cache/scratch/T17-real-electron-2pHlIo/.vite/build/offline.html?error=server",
          "processId": 5,
          "routingId": 1
        },
        "current": {
          "id": 1,
          "detached": false,
          "destroyed": false,
          "url": "file:///Users/friday/.hermes/profiles/friday/cache/scratch/T17-real-electron-2pHlIo/.vite/build/offline.html?error=server",
          "processId": 5,
          "routingId": 1
        }
      },
      {
        "action": "minimise",
        "document": "offline",
        "byIdSame": true,
        "byTokenSame": true,
        "byId": {
          "id": 1,
          "detached": false,
          "destroyed": false,
          "url": "file:///Users/friday/.hermes/profiles/friday/cache/scratch/T17-real-electron-2pHlIo/.vite/build/offline.html?error=server",
          "processId": 5,
          "routingId": 1
        },
        "byToken": {
          "id": 1,
          "detached": false,
          "destroyed": false,
          "url": "file:///Users/friday/.hermes/profiles/friday/cache/scratch/T17-real-electron-2pHlIo/.vite/build/offline.html?error=server",
          "processId": 5,
          "routingId": 1
        },
        "hosted": false,
        "offline": true,
        "self": true,
        "sameContents": true,
        "sameFrame": true,
        "detached": false,
        "sender": {
          "id": 1,
          "detached": false,
          "destroyed": false,
          "url": "file:///Users/friday/.hermes/profiles/friday/cache/scratch/T17-real-electron-2pHlIo/.vite/build/offline.html?error=server",
          "processId": 5,
          "routingId": 1
        },
        "current": {
          "id": 1,
          "detached": false,
          "destroyed": false,
          "url": "file:///Users/friday/.hermes/profiles/friday/cache/scratch/T17-real-electron-2pHlIo/.vite/build/offline.html?error=server",
          "processId": 5,
          "routingId": 1
        }
      },
      {
        "action": "close",
        "document": "offline",
        "byIdSame": true,
        "byTokenSame": true,
        "byId": {
          "id": 1,
          "detached": false,
          "destroyed": false,
          "url": "file:///Users/friday/.hermes/profiles/friday/cache/scratch/T17-real-electron-2pHlIo/.vite/build/offline.html?error=server",
          "processId": 5,
          "routingId": 1
        },
        "byToken": {
          "id": 1,
          "detached": false,
          "destroyed": false,
          "url": "file:///Users/friday/.hermes/profiles/friday/cache/scratch/T17-real-electron-2pHlIo/.vite/build/offline.html?error=server",
          "processId": 5,
          "routingId": 1
        },
        "hosted": false,
        "offline": true,
        "self": true,
        "sameContents": true,
        "sameFrame": true,
        "detached": false,
        "sender": {
          "id": 1,
          "detached": false,
          "destroyed": false,
          "url": "file:///Users/friday/.hermes/profiles/friday/cache/scratch/T17-real-electron-2pHlIo/.vite/build/offline.html?error=server",
          "processId": 5,
          "routingId": 1
        },
        "current": {
          "id": 1,
          "detached": false,
          "destroyed": false,
          "url": "file:///Users/friday/.hermes/profiles/friday/cache/scratch/T17-real-electron-2pHlIo/.vite/build/offline.html?error=server",
          "processId": 5,
          "routingId": 1
        }
      }
    ],
    "captionActions": [
      {
        "action": "maximise",
        "document": "offline",
        "delivered": true,
        "tuple": {
          "action": "maximise",
          "document": "offline",
          "byIdSame": true,
          "byTokenSame": true,
          "byId": {
            "id": 1,
            "detached": false,
            "destroyed": false,
            "url": "file:///Users/friday/.hermes/profiles/friday/cache/scratch/T17-real-electron-2pHlIo/.vite/build/offline.html?error=server",
            "processId": 5,
            "routingId": 1
          },
          "byToken": {
            "id": 1,
            "detached": false,
            "destroyed": false,
            "url": "file:///Users/friday/.hermes/profiles/friday/cache/scratch/T17-real-electron-2pHlIo/.vite/build/offline.html?error=server",
            "processId": 5,
            "routingId": 1
          },
          "hosted": false,
          "offline": true,
          "self": true,
          "sameContents": true,
          "sameFrame": true,
          "detached": false,
          "sender": {
            "id": 1,
            "detached": false,
            "destroyed": false,
            "url": "file:///Users/friday/.hermes/profiles/friday/cache/scratch/T17-real-electron-2pHlIo/.vite/build/offline.html?error=server",
            "processId": 5,
            "routingId": 1
          },
          "current": {
            "id": 1,
            "detached": false,
            "destroyed": false,
            "url": "file:///Users/friday/.hermes/profiles/friday/cache/scratch/T17-real-electron-2pHlIo/.vite/build/offline.html?error=server",
            "processId": 5,
            "routingId": 1
          }
        },
        "native": true,
        "error": null,
        "nativeEvents": [
          "maximize"
        ]
      },
      {
        "action": "maximise",
        "document": "offline",
        "delivered": true,
        "tuple": {
          "action": "maximise",
          "document": "offline",
          "byIdSame": true,
          "byTokenSame": true,
          "byId": {
            "id": 1,
            "detached": false,
            "destroyed": false,
            "url": "file:///Users/friday/.hermes/profiles/friday/cache/scratch/T17-real-electron-2pHlIo/.vite/build/offline.html?error=server",
            "processId": 5,
            "routingId": 1
          },
          "byToken": {
            "id": 1,
            "detached": false,
            "destroyed": false,
            "url": "file:///Users/friday/.hermes/profiles/friday/cache/scratch/T17-real-electron-2pHlIo/.vite/build/offline.html?error=server",
            "processId": 5,
            "routingId": 1
          },
          "hosted": false,
          "offline": true,
          "self": true,
          "sameContents": true,
          "sameFrame": true,
          "detached": false,
          "sender": {
            "id": 1,
            "detached": false,
            "destroyed": false,
            "url": "file:///Users/friday/.hermes/profiles/friday/cache/scratch/T17-real-electron-2pHlIo/.vite/build/offline.html?error=server",
            "processId": 5,
            "routingId": 1
          },
          "current": {
            "id": 1,
            "detached": false,
            "destroyed": false,
            "url": "file:///Users/friday/.hermes/profiles/friday/cache/scratch/T17-real-electron-2pHlIo/.vite/build/offline.html?error=server",
            "processId": 5,
            "routingId": 1
          }
        },
        "native": true,
        "error": null,
        "nativeEvents": [
          "unmaximize"
        ]
      },
      {
        "action": "minimise",
        "document": "offline",
        "delivered": true,
        "tuple": {
          "action": "minimise",
          "document": "offline",
          "byIdSame": true,
          "byTokenSame": true,
          "byId": {
            "id": 1,
            "detached": false,
            "destroyed": false,
            "url": "file:///Users/friday/.hermes/profiles/friday/cache/scratch/T17-real-electron-2pHlIo/.vite/build/offline.html?error=server",
            "processId": 5,
            "routingId": 1
          },
          "byToken": {
            "id": 1,
            "detached": false,
            "destroyed": false,
            "url": "file:///Users/friday/.hermes/profiles/friday/cache/scratch/T17-real-electron-2pHlIo/.vite/build/offline.html?error=server",
            "processId": 5,
            "routingId": 1
          },
          "hosted": false,
          "offline": true,
          "self": true,
          "sameContents": true,
          "sameFrame": true,
          "detached": false,
          "sender": {
            "id": 1,
            "detached": false,
            "destroyed": false,
            "url": "file:///Users/friday/.hermes/profiles/friday/cache/scratch/T17-real-electron-2pHlIo/.vite/build/offline.html?error=server",
            "processId": 5,
            "routingId": 1
          },
          "current": {
            "id": 1,
            "detached": false,
            "destroyed": false,
            "url": "file:///Users/friday/.hermes/profiles/friday/cache/scratch/T17-real-electron-2pHlIo/.vite/build/offline.html?error=server",
            "processId": 5,
            "routingId": 1
          }
        },
        "native": true,
        "error": null,
        "nativeEvents": [
          "minimize"
        ]
      },
      {
        "action": "close",
        "document": "offline",
        "delivered": true,
        "tuple": {
          "action": "close",
          "document": "offline",
          "byIdSame": true,
          "byTokenSame": true,
          "byId": {
            "id": 1,
            "detached": false,
            "destroyed": false,
            "url": "file:///Users/friday/.hermes/profiles/friday/cache/scratch/T17-real-electron-2pHlIo/.vite/build/offline.html?error=server",
            "processId": 5,
            "routingId": 1
          },
          "byToken": {
            "id": 1,
            "detached": false,
            "destroyed": false,
            "url": "file:///Users/friday/.hermes/profiles/friday/cache/scratch/T17-real-electron-2pHlIo/.vite/build/offline.html?error=server",
            "processId": 5,
            "routingId": 1
          },
          "hosted": false,
          "offline": true,
          "self": true,
          "sameContents": true,
          "sameFrame": true,
          "detached": false,
          "sender": {
            "id": 1,
            "detached": false,
            "destroyed": false,
            "url": "file:///Users/friday/.hermes/profiles/friday/cache/scratch/T17-real-electron-2pHlIo/.vite/build/offline.html?error=server",
            "processId": 5,
            "routingId": 1
          },
          "current": {
            "id": 1,
            "detached": false,
            "destroyed": false,
            "url": "file:///Users/friday/.hermes/profiles/friday/cache/scratch/T17-real-electron-2pHlIo/.vite/build/offline.html?error=server",
            "processId": 5,
            "routingId": 1
          }
        },
        "native": true,
        "error": null,
        "nativeEvents": [
          "close",
          "closed"
        ]
      }
    ],
    "characterization": {},
    "retryIntents": [],
    "frameStates": [
      {
        "event": "did-start-navigation",
        "frame": {
          "id": 1,
          "detached": false,
          "destroyed": false,
          "url": "",
          "processId": 4,
          "routingId": 1
        }
      },
      {
        "event": "did-navigate",
        "frame": {
          "id": 1,
          "detached": false,
          "destroyed": false,
          "url": "http://127.0.0.1:49270/app?configured=1",
          "processId": 4,
          "routingId": 1
        }
      },
      {
        "event": "dom-ready",
        "frame": {
          "id": 1,
          "detached": false,
          "destroyed": false,
          "url": "http://127.0.0.1:49270/app?configured=1",
          "processId": 4,
          "routingId": 1
        }
      },
      {
        "event": "did-finish-load",
        "frame": {
          "id": 1,
          "detached": false,
          "destroyed": false,
          "url": "http://127.0.0.1:49270/app?configured=1",
          "processId": 4,
          "routingId": 1
        }
      },
      {
        "event": "did-start-navigation",
        "frame": {
          "id": 1,
          "detached": false,
          "destroyed": false,
          "url": "",
          "processId": 5,
          "routingId": 1
        }
      },
      {
        "event": "render-process-gone",
        "frame": {
          "id": 1,
          "detached": false,
          "destroyed": false,
          "url": "",
          "processId": 5,
          "routingId": 1
        }
      },
      {
        "event": "did-navigate",
        "frame": {
          "id": 1,
          "detached": false,
          "destroyed": false,
          "url": "file:///Users/friday/.hermes/profiles/friday/cache/scratch/T17-real-electron-2pHlIo/.vite/build/offline.html?error=server",
          "processId": 5,
          "routingId": 1
        }
      },
      {
        "event": "dom-ready",
        "frame": {
          "id": 1,
          "detached": false,
          "destroyed": false,
          "url": "file:///Users/friday/.hermes/profiles/friday/cache/scratch/T17-real-electron-2pHlIo/.vite/build/offline.html?error=server",
          "processId": 5,
          "routingId": 1
        }
      },
      {
        "event": "did-finish-load",
        "frame": {
          "id": 1,
          "detached": false,
          "destroyed": false,
          "url": "file:///Users/friday/.hermes/profiles/friday/cache/scratch/T17-real-electron-2pHlIo/.vite/build/offline.html?error=server",
          "processId": 5,
          "routingId": 1
        }
      }
    ],
    "consoleMessages": [],
    "failures": [],
    "requests": [
      "http://127.0.0.1:49270/app?configured=1",
      "file:///Users/friday/.hermes/profiles/friday/cache/scratch/T17-real-electron-2pHlIo/.vite/build/offline.html?error=server"
    ],
    "captions": {
      "minimise": 1,
      "maximise": 2,
      "close": 1
    },
    "events": [
      "renderer:killed",
      "maximize",
      "unmaximize",
      "minimize",
      "restore",
      "close",
      "closed"
    ],
    "url": null
  }
}
Removed owned harness build, user-data and cache directories.
node:internal/modules/run_main:123
    triggerUncaughtException(
    ^

AssertionError [ERR_ASSERTION]: Non-gap Electron requirements failed: [{"mode":"darwin","scenario":"crash-retry-hosted","exit":1,"result":"FAIL","hardFailures":["TypeError: Object has been destroyed","caption action inventory mismatch"]},{"mode":"darwin","scenario":"crash-native-os","exit":1,"result":"FAIL","hardFailures":["TypeError: Object has been destroyed"]},{"mode":"win32","scenario":"crash-retry-hosted","exit":1,"result":"FAIL","hardFailures":["TypeError: Object has been destroyed","caption action inventory mismatch"]},{"mode":"win32","scenario":"crash-native-os","exit":1,"result":"FAIL","hardFailures":["TypeError: Object has been destroyed"]}]
    at file:///Users/friday/.hermes/profiles/friday/cache/scratch/T17-v6/combined/proof/T17/run-electron-runtime.mjs:57:10
    at process.processTicksAndRejections (node:internal/process/task_queues:103:5) {
  generatedMessage: false,
  code: 'ERR_ASSERTION',
  actual: false,
  expected: true,
  operator: '==',
  diff: 'simple'
}

Node.js v22.23.3
