[33mThe CJS build of Vite's Node API is deprecated. See https://vite.dev/guide/troubleshooting.html#vite-cjs-node-api-deprecated for more details.[39m
vite v5.4.20 building for production...
transforming...
✓ 7 modules transformed.
rendering chunks...
computing gzip size...
../tmp/T17-real-electron-1nSbci/.vite/build/offline.html                4.93 kB │ gzip: 2.05 kB
../tmp/T17-real-electron-1nSbci/.vite/build/electron-runtime-entry.js  18.60 kB │ gzip: 6.65 kB
✓ built in 132ms
vite v5.4.20 building for production...
transforming...
✓ 4 modules transformed.
rendering chunks...
computing gzip size...
../tmp/T17-real-electron-1nSbci/.vite/build/preload.js  1.25 kB │ gzip: 0.49 kB
✓ built in 19ms
vite v5.4.20 building for production...
transforming...
✓ 4 modules transformed.
rendering chunks...
computing gzip size...
../tmp/T17-real-electron-1nSbci/.vite/build/preload-win.js  1.25 kB │ gzip: 0.49 kB
✓ built in 16ms
AUTHORIZATION {"scenario":"no-crash-no-cdp","mode":"darwin","fixture":1,"action":"maximise","document":"offline","byIdSame":true,"byTokenSame":true,"byId":{"id":1,"detached":false,"destroyed":false,"url":"file:///Users/friday/.hermes/profiles/friday/cache/scratch/T17-v6/tmp/T17-real-electron-1nSbci/.vite/build/offline.html?error=server","processId":5,"routingId":4},"byToken":{"id":1,"detached":false,"destroyed":false,"url":"file:///Users/friday/.hermes/profiles/friday/cache/scratch/T17-v6/tmp/T17-real-electron-1nSbci/.vite/build/offline.html?error=server","processId":5,"routingId":4},"hosted":false,"offline":true,"self":true,"sameContents":true,"sameFrame":true,"detached":false,"sender":{"id":1,"detached":false,"destroyed":false,"url":"file:///Users/friday/.hermes/profiles/friday/cache/scratch/T17-v6/tmp/T17-real-electron-1nSbci/.vite/build/offline.html?error=server","processId":5,"routingId":4},"current":{"id":1,"detached":false,"destroyed":false,"url":"file:///Users/friday/.hermes/profiles/friday/cache/scratch/T17-v6/tmp/T17-real-electron-1nSbci/.vite/build/offline.html?error=server","processId":5,"routingId":4}}
AUTHORIZATION {"scenario":"no-crash-no-cdp","mode":"darwin","fixture":1,"action":"maximise","document":"offline","byIdSame":true,"byTokenSame":true,"byId":{"id":1,"detached":false,"destroyed":false,"url":"file:///Users/friday/.hermes/profiles/friday/cache/scratch/T17-v6/tmp/T17-real-electron-1nSbci/.vite/build/offline.html?error=server","processId":5,"routingId":4},"byToken":{"id":1,"detached":false,"destroyed":false,"url":"file:///Users/friday/.hermes/profiles/friday/cache/scratch/T17-v6/tmp/T17-real-electron-1nSbci/.vite/build/offline.html?error=server","processId":5,"routingId":4},"hosted":false,"offline":true,"self":true,"sameContents":true,"sameFrame":true,"detached":false,"sender":{"id":1,"detached":false,"destroyed":false,"url":"file:///Users/friday/.hermes/profiles/friday/cache/scratch/T17-v6/tmp/T17-real-electron-1nSbci/.vite/build/offline.html?error=server","processId":5,"routingId":4},"current":{"id":1,"detached":false,"destroyed":false,"url":"file:///Users/friday/.hermes/profiles/friday/cache/scratch/T17-v6/tmp/T17-real-electron-1nSbci/.vite/build/offline.html?error=server","processId":5,"routingId":4}}
AUTHORIZATION {"scenario":"no-crash-no-cdp","mode":"darwin","fixture":1,"action":"minimise","document":"offline","byIdSame":true,"byTokenSame":true,"byId":{"id":1,"detached":false,"destroyed":false,"url":"file:///Users/friday/.hermes/profiles/friday/cache/scratch/T17-v6/tmp/T17-real-electron-1nSbci/.vite/build/offline.html?error=server","processId":5,"routingId":4},"byToken":{"id":1,"detached":false,"destroyed":false,"url":"file:///Users/friday/.hermes/profiles/friday/cache/scratch/T17-v6/tmp/T17-real-electron-1nSbci/.vite/build/offline.html?error=server","processId":5,"routingId":4},"hosted":false,"offline":true,"self":true,"sameContents":true,"sameFrame":true,"detached":false,"sender":{"id":1,"detached":false,"destroyed":false,"url":"file:///Users/friday/.hermes/profiles/friday/cache/scratch/T17-v6/tmp/T17-real-electron-1nSbci/.vite/build/offline.html?error=server","processId":5,"routingId":4},"current":{"id":1,"detached":false,"destroyed":false,"url":"file:///Users/friday/.hermes/profiles/friday/cache/scratch/T17-v6/tmp/T17-real-electron-1nSbci/.vite/build/offline.html?error=server","processId":5,"routingId":4}}
AUTHORIZATION {"scenario":"no-crash-no-cdp","mode":"darwin","fixture":1,"action":"close","document":"offline","byIdSame":true,"byTokenSame":true,"byId":{"id":1,"detached":false,"destroyed":false,"url":"file:///Users/friday/.hermes/profiles/friday/cache/scratch/T17-v6/tmp/T17-real-electron-1nSbci/.vite/build/offline.html?error=server","processId":5,"routingId":4},"byToken":{"id":1,"detached":false,"destroyed":false,"url":"file:///Users/friday/.hermes/profiles/friday/cache/scratch/T17-v6/tmp/T17-real-electron-1nSbci/.vite/build/offline.html?error=server","processId":5,"routingId":4},"hosted":false,"offline":true,"self":true,"sameContents":true,"sameFrame":true,"detached":false,"sender":{"id":1,"detached":false,"destroyed":false,"url":"file:///Users/friday/.hermes/profiles/friday/cache/scratch/T17-v6/tmp/T17-real-electron-1nSbci/.vite/build/offline.html?error=server","processId":5,"routingId":4},"current":{"id":1,"detached":false,"destroyed":false,"url":"file:///Users/friday/.hermes/profiles/friday/cache/scratch/T17-v6/tmp/T17-real-electron-1nSbci/.vite/build/offline.html?error=server","processId":5,"routingId":4}}
PASS {"result":"PASS","exit":0,"knownGaps":[],"hardFailures":[]}


{
  "mode": "darwin",
  "scenario": "no-crash-no-cdp",
  "exit": 0,
  "emittedSHA256": "33aba3c676f65b56a45ffcc3dde2a16c75846636717ca280087940f00c0ed712",
  "receipt": {
    "passed": true,
    "result": "PASS",
    "exit": 0,
    "knownGaps": [],
    "hardFailures": [],
    "scenario": "no-crash-no-cdp",
    "port": 49270,
    "fixtures": [
      {
        "id": 1,
        "contentsId": 1,
        "purpose": "offline-caption-lifetime"
      }
    ],
    "authorization": [
      {
        "fixture": 1,
        "action": "maximise",
        "document": "offline",
        "byIdSame": true,
        "byTokenSame": true,
        "byId": {
          "id": 1,
          "detached": false,
          "destroyed": false,
          "url": "file:///Users/friday/.hermes/profiles/friday/cache/scratch/T17-v6/tmp/T17-real-electron-1nSbci/.vite/build/offline.html?error=server",
          "processId": 5,
          "routingId": 4
        },
        "byToken": {
          "id": 1,
          "detached": false,
          "destroyed": false,
          "url": "file:///Users/friday/.hermes/profiles/friday/cache/scratch/T17-v6/tmp/T17-real-electron-1nSbci/.vite/build/offline.html?error=server",
          "processId": 5,
          "routingId": 4
        },
        "hosted": false,
        "offline": true,
        "self": true,
        "sameContents": true,
        "sameFrame": true,
        "detached": false,
        "sender": {
          "id": 1,
          "detached": false,
          "destroyed": false,
          "url": "file:///Users/friday/.hermes/profiles/friday/cache/scratch/T17-v6/tmp/T17-real-electron-1nSbci/.vite/build/offline.html?error=server",
          "processId": 5,
          "routingId": 4
        },
        "current": {
          "id": 1,
          "detached": false,
          "destroyed": false,
          "url": "file:///Users/friday/.hermes/profiles/friday/cache/scratch/T17-v6/tmp/T17-real-electron-1nSbci/.vite/build/offline.html?error=server",
          "processId": 5,
          "routingId": 4
        }
      },
      {
        "fixture": 1,
        "action": "maximise",
        "document": "offline",
        "byIdSame": true,
        "byTokenSame": true,
        "byId": {
          "id": 1,
          "detached": false,
          "destroyed": false,
          "url": "file:///Users/friday/.hermes/profiles/friday/cache/scratch/T17-v6/tmp/T17-real-electron-1nSbci/.vite/build/offline.html?error=server",
          "processId": 5,
          "routingId": 4
        },
        "byToken": {
          "id": 1,
          "detached": false,
          "destroyed": false,
          "url": "file:///Users/friday/.hermes/profiles/friday/cache/scratch/T17-v6/tmp/T17-real-electron-1nSbci/.vite/build/offline.html?error=server",
          "processId": 5,
          "routingId": 4
        },
        "hosted": false,
        "offline": true,
        "self": true,
        "sameContents": true,
        "sameFrame": true,
        "detached": false,
        "sender": {
          "id": 1,
          "detached": false,
          "destroyed": false,
          "url": "file:///Users/friday/.hermes/profiles/friday/cache/scratch/T17-v6/tmp/T17-real-electron-1nSbci/.vite/build/offline.html?error=server",
          "processId": 5,
          "routingId": 4
        },
        "current": {
          "id": 1,
          "detached": false,
          "destroyed": false,
          "url": "file:///Users/friday/.hermes/profiles/friday/cache/scratch/T17-v6/tmp/T17-real-electron-1nSbci/.vite/build/offline.html?error=server",
          "processId": 5,
          "routingId": 4
        }
      },
      {
        "fixture": 1,
        "action": "minimise",
        "document": "offline",
        "byIdSame": true,
        "byTokenSame": true,
        "byId": {
          "id": 1,
          "detached": false,
          "destroyed": false,
          "url": "file:///Users/friday/.hermes/profiles/friday/cache/scratch/T17-v6/tmp/T17-real-electron-1nSbci/.vite/build/offline.html?error=server",
          "processId": 5,
          "routingId": 4
        },
        "byToken": {
          "id": 1,
          "detached": false,
          "destroyed": false,
          "url": "file:///Users/friday/.hermes/profiles/friday/cache/scratch/T17-v6/tmp/T17-real-electron-1nSbci/.vite/build/offline.html?error=server",
          "processId": 5,
          "routingId": 4
        },
        "hosted": false,
        "offline": true,
        "self": true,
        "sameContents": true,
        "sameFrame": true,
        "detached": false,
        "sender": {
          "id": 1,
          "detached": false,
          "destroyed": false,
          "url": "file:///Users/friday/.hermes/profiles/friday/cache/scratch/T17-v6/tmp/T17-real-electron-1nSbci/.vite/build/offline.html?error=server",
          "processId": 5,
          "routingId": 4
        },
        "current": {
          "id": 1,
          "detached": false,
          "destroyed": false,
          "url": "file:///Users/friday/.hermes/profiles/friday/cache/scratch/T17-v6/tmp/T17-real-electron-1nSbci/.vite/build/offline.html?error=server",
          "processId": 5,
          "routingId": 4
        }
      },
      {
        "fixture": 1,
        "action": "close",
        "document": "offline",
        "byIdSame": true,
        "byTokenSame": true,
        "byId": {
          "id": 1,
          "detached": false,
          "destroyed": false,
          "url": "file:///Users/friday/.hermes/profiles/friday/cache/scratch/T17-v6/tmp/T17-real-electron-1nSbci/.vite/build/offline.html?error=server",
          "processId": 5,
          "routingId": 4
        },
        "byToken": {
          "id": 1,
          "detached": false,
          "destroyed": false,
          "url": "file:///Users/friday/.hermes/profiles/friday/cache/scratch/T17-v6/tmp/T17-real-electron-1nSbci/.vite/build/offline.html?error=server",
          "processId": 5,
          "routingId": 4
        },
        "hosted": false,
        "offline": true,
        "self": true,
        "sameContents": true,
        "sameFrame": true,
        "detached": false,
        "sender": {
          "id": 1,
          "detached": false,
          "destroyed": false,
          "url": "file:///Users/friday/.hermes/profiles/friday/cache/scratch/T17-v6/tmp/T17-real-electron-1nSbci/.vite/build/offline.html?error=server",
          "processId": 5,
          "routingId": 4
        },
        "current": {
          "id": 1,
          "detached": false,
          "destroyed": false,
          "url": "file:///Users/friday/.hermes/profiles/friday/cache/scratch/T17-v6/tmp/T17-real-electron-1nSbci/.vite/build/offline.html?error=server",
          "processId": 5,
          "routingId": 4
        }
      }
    ],
    "captionActions": [
      {
        "action": "maximise",
        "document": "offline",
        "delivered": true,
        "tuple": {
          "fixture": 1,
          "action": "maximise",
          "document": "offline",
          "byIdSame": true,
          "byTokenSame": true,
          "byId": {
            "id": 1,
            "detached": false,
            "destroyed": false,
            "url": "file:///Users/friday/.hermes/profiles/friday/cache/scratch/T17-v6/tmp/T17-real-electron-1nSbci/.vite/build/offline.html?error=server",
            "processId": 5,
            "routingId": 4
          },
          "byToken": {
            "id": 1,
            "detached": false,
            "destroyed": false,
            "url": "file:///Users/friday/.hermes/profiles/friday/cache/scratch/T17-v6/tmp/T17-real-electron-1nSbci/.vite/build/offline.html?error=server",
            "processId": 5,
            "routingId": 4
          },
          "hosted": false,
          "offline": true,
          "self": true,
          "sameContents": true,
          "sameFrame": true,
          "detached": false,
          "sender": {
            "id": 1,
            "detached": false,
            "destroyed": false,
            "url": "file:///Users/friday/.hermes/profiles/friday/cache/scratch/T17-v6/tmp/T17-real-electron-1nSbci/.vite/build/offline.html?error=server",
            "processId": 5,
            "routingId": 4
          },
          "current": {
            "id": 1,
            "detached": false,
            "destroyed": false,
            "url": "file:///Users/friday/.hermes/profiles/friday/cache/scratch/T17-v6/tmp/T17-real-electron-1nSbci/.vite/build/offline.html?error=server",
            "processId": 5,
            "routingId": 4
          }
        },
        "native": true,
        "error": null,
        "nativeEvents": [
          "maximize"
        ]
      },
      {
        "action": "maximise",
        "document": "offline",
        "delivered": true,
        "tuple": {
          "fixture": 1,
          "action": "maximise",
          "document": "offline",
          "byIdSame": true,
          "byTokenSame": true,
          "byId": {
            "id": 1,
            "detached": false,
            "destroyed": false,
            "url": "file:///Users/friday/.hermes/profiles/friday/cache/scratch/T17-v6/tmp/T17-real-electron-1nSbci/.vite/build/offline.html?error=server",
            "processId": 5,
            "routingId": 4
          },
          "byToken": {
            "id": 1,
            "detached": false,
            "destroyed": false,
            "url": "file:///Users/friday/.hermes/profiles/friday/cache/scratch/T17-v6/tmp/T17-real-electron-1nSbci/.vite/build/offline.html?error=server",
            "processId": 5,
            "routingId": 4
          },
          "hosted": false,
          "offline": true,
          "self": true,
          "sameContents": true,
          "sameFrame": true,
          "detached": false,
          "sender": {
            "id": 1,
            "detached": false,
            "destroyed": false,
            "url": "file:///Users/friday/.hermes/profiles/friday/cache/scratch/T17-v6/tmp/T17-real-electron-1nSbci/.vite/build/offline.html?error=server",
            "processId": 5,
            "routingId": 4
          },
          "current": {
            "id": 1,
            "detached": false,
            "destroyed": false,
            "url": "file:///Users/friday/.hermes/profiles/friday/cache/scratch/T17-v6/tmp/T17-real-electron-1nSbci/.vite/build/offline.html?error=server",
            "processId": 5,
            "routingId": 4
          }
        },
        "native": true,
        "error": null,
        "nativeEvents": [
          "unmaximize"
        ]
      },
      {
        "action": "minimise",
        "document": "offline",
        "delivered": true,
        "tuple": {
          "fixture": 1,
          "action": "minimise",
          "document": "offline",
          "byIdSame": true,
          "byTokenSame": true,
          "byId": {
            "id": 1,
            "detached": false,
            "destroyed": false,
            "url": "file:///Users/friday/.hermes/profiles/friday/cache/scratch/T17-v6/tmp/T17-real-electron-1nSbci/.vite/build/offline.html?error=server",
            "processId": 5,
            "routingId": 4
          },
          "byToken": {
            "id": 1,
            "detached": false,
            "destroyed": false,
            "url": "file:///Users/friday/.hermes/profiles/friday/cache/scratch/T17-v6/tmp/T17-real-electron-1nSbci/.vite/build/offline.html?error=server",
            "processId": 5,
            "routingId": 4
          },
          "hosted": false,
          "offline": true,
          "self": true,
          "sameContents": true,
          "sameFrame": true,
          "detached": false,
          "sender": {
            "id": 1,
            "detached": false,
            "destroyed": false,
            "url": "file:///Users/friday/.hermes/profiles/friday/cache/scratch/T17-v6/tmp/T17-real-electron-1nSbci/.vite/build/offline.html?error=server",
            "processId": 5,
            "routingId": 4
          },
          "current": {
            "id": 1,
            "detached": false,
            "destroyed": false,
            "url": "file:///Users/friday/.hermes/profiles/friday/cache/scratch/T17-v6/tmp/T17-real-electron-1nSbci/.vite/build/offline.html?error=server",
            "processId": 5,
            "routingId": 4
          }
        },
        "native": true,
        "error": null,
        "nativeEvents": [
          "minimize"
        ]
      },
      {
        "action": "close",
        "document": "offline",
        "delivered": true,
        "tuple": {
          "fixture": 1,
          "action": "close",
          "document": "offline",
          "byIdSame": true,
          "byTokenSame": true,
          "byId": {
            "id": 1,
            "detached": false,
            "destroyed": false,
            "url": "file:///Users/friday/.hermes/profiles/friday/cache/scratch/T17-v6/tmp/T17-real-electron-1nSbci/.vite/build/offline.html?error=server",
            "processId": 5,
            "routingId": 4
          },
          "byToken": {
            "id": 1,
            "detached": false,
            "destroyed": false,
            "url": "file:///Users/friday/.hermes/profiles/friday/cache/scratch/T17-v6/tmp/T17-real-electron-1nSbci/.vite/build/offline.html?error=server",
            "processId": 5,
            "routingId": 4
          },
          "hosted": false,
          "offline": true,
          "self": true,
          "sameContents": true,
          "sameFrame": true,
          "detached": false,
          "sender": {
            "id": 1,
            "detached": false,
            "destroyed": false,
            "url": "file:///Users/friday/.hermes/profiles/friday/cache/scratch/T17-v6/tmp/T17-real-electron-1nSbci/.vite/build/offline.html?error=server",
            "processId": 5,
            "routingId": 4
          },
          "current": {
            "id": 1,
            "detached": false,
            "destroyed": false,
            "url": "file:///Users/friday/.hermes/profiles/friday/cache/scratch/T17-v6/tmp/T17-real-electron-1nSbci/.vite/build/offline.html?error=server",
            "processId": 5,
            "routingId": 4
          }
        },
        "native": true,
        "error": null,
        "nativeEvents": [
          "close",
          "closed"
        ]
      }
    ],
    "characterization": {},
    "retryIntents": [],
    "frameStates": [
      {
        "event": "did-start-navigation",
        "fixture": 1,
        "frame": {
          "id": 1,
          "detached": false,
          "destroyed": false,
          "url": "",
          "processId": 4,
          "routingId": 1
        }
      },
      {
        "event": "did-start-navigation",
        "fixture": 1,
        "frame": {
          "id": 1,
          "detached": false,
          "destroyed": false,
          "url": "http://127.0.0.1:49270/app?configured=1",
          "processId": 4,
          "routingId": 1
        }
      },
      {
        "event": "did-navigate",
        "fixture": 1,
        "frame": {
          "id": 1,
          "detached": false,
          "destroyed": false,
          "url": "http://127.0.0.1:49270/app?configured=1",
          "processId": 4,
          "routingId": 1
        }
      },
      {
        "event": "dom-ready",
        "fixture": 1,
        "frame": {
          "id": 1,
          "detached": false,
          "destroyed": false,
          "url": "http://127.0.0.1:49270/app?configured=1",
          "processId": 4,
          "routingId": 1
        }
      },
      {
        "event": "did-finish-load",
        "fixture": 1,
        "frame": {
          "id": 1,
          "detached": false,
          "destroyed": false,
          "url": "http://127.0.0.1:49270/app?configured=1",
          "processId": 4,
          "routingId": 1
        }
      },
      {
        "event": "did-navigate",
        "fixture": 1,
        "frame": {
          "id": 1,
          "detached": false,
          "destroyed": false,
          "url": "file:///Users/friday/.hermes/profiles/friday/cache/scratch/T17-v6/tmp/T17-real-electron-1nSbci/.vite/build/offline.html?error=server",
          "processId": 5,
          "routingId": 4
        }
      },
      {
        "event": "dom-ready",
        "fixture": 1,
        "frame": {
          "id": 1,
          "detached": false,
          "destroyed": false,
          "url": "file:///Users/friday/.hermes/profiles/friday/cache/scratch/T17-v6/tmp/T17-real-electron-1nSbci/.vite/build/offline.html?error=server",
          "processId": 5,
          "routingId": 4
        }
      },
      {
        "event": "did-finish-load",
        "fixture": 1,
        "frame": {
          "id": 1,
          "detached": false,
          "destroyed": false,
          "url": "file:///Users/friday/.hermes/profiles/friday/cache/scratch/T17-v6/tmp/T17-real-electron-1nSbci/.vite/build/offline.html?error=server",
          "processId": 5,
          "routingId": 4
        }
      }
    ],
    "electron": "44.5.1",
    "modules": "149",
    "host": "darwin",
    "presentation": "darwin",
    "finalPage": {
      "title": "Mutiny — Connection interrupted",
      "error": "Server",
      "heading": "Connection interrupted",
      "captionsHidden": true,
      "platform": "darwin",
      "width": 900,
      "height": 600,
      "scrollWidth": 900,
      "bodyWidth": 900,
      "background": "rgb(35, 32, 47)",
      "controls": [
        {
          "id": "minimise",
          "width": 0,
          "height": 0
        },
        {
          "id": "maximise",
          "width": 0,
          "height": 0
        },
        {
          "id": "close",
          "width": 0,
          "height": 0
        },
        {
          "id": "retry",
          "width": 120,
          "height": 44
        }
      ]
    },
    "hits": 1,
    "captions": {
      "minimise": 1,
      "maximise": 2,
      "close": 1
    },
    "events": [
      "maximize",
      "unmaximize",
      "minimize",
      "restore",
      "close",
      "closed"
    ],
    "requests": [
      "http://127.0.0.1:49270/app?configured=1",
      "file:///Users/friday/.hermes/profiles/friday/cache/scratch/T17-v6/tmp/T17-real-electron-1nSbci/.vite/build/offline.html?error=server"
    ],
    "consoleMessages": [],
    "failures": [],
    "emittedBytes": 4933,
    "emittedFile": "/Users/friday/.hermes/profiles/friday/cache/scratch/T17-v6/tmp/T17-real-electron-1nSbci/.vite/build/offline.html",
    "scope": "Isolated Electron harness only. Windows presentation simulated on macOS; not installed Windows/Linux runtime acceptance."
  }
}
AUTHORIZATION {"scenario":"crash-only","mode":"darwin","fixture":1,"action":"maximise","document":"offline","byIdSame":true,"byTokenSame":true,"byId":{"id":1,"detached":false,"destroyed":false,"url":"file:///Users/friday/.hermes/profiles/friday/cache/scratch/T17-v6/tmp/T17-real-electron-1nSbci/.vite/build/offline.html?error=server","processId":5,"routingId":1},"byToken":{"id":1,"detached":false,"destroyed":false,"url":"file:///Users/friday/.hermes/profiles/friday/cache/scratch/T17-v6/tmp/T17-real-electron-1nSbci/.vite/build/offline.html?error=server","processId":5,"routingId":1},"hosted":false,"offline":true,"self":true,"sameContents":true,"sameFrame":true,"detached":false,"sender":{"id":1,"detached":false,"destroyed":false,"url":"file:///Users/friday/.hermes/profiles/friday/cache/scratch/T17-v6/tmp/T17-real-electron-1nSbci/.vite/build/offline.html?error=server","processId":5,"routingId":1},"current":{"id":1,"detached":false,"destroyed":false,"url":"file:///Users/friday/.hermes/profiles/friday/cache/scratch/T17-v6/tmp/T17-real-electron-1nSbci/.vite/build/offline.html?error=server","processId":5,"routingId":1}}
AUTHORIZATION {"scenario":"crash-only","mode":"darwin","fixture":1,"action":"maximise","document":"offline","byIdSame":true,"byTokenSame":true,"byId":{"id":1,"detached":false,"destroyed":false,"url":"file:///Users/friday/.hermes/profiles/friday/cache/scratch/T17-v6/tmp/T17-real-electron-1nSbci/.vite/build/offline.html?error=server","processId":5,"routingId":1},"byToken":{"id":1,"detached":false,"destroyed":false,"url":"file:///Users/friday/.hermes/profiles/friday/cache/scratch/T17-v6/tmp/T17-real-electron-1nSbci/.vite/build/offline.html?error=server","processId":5,"routingId":1},"hosted":false,"offline":true,"self":true,"sameContents":true,"sameFrame":true,"detached":false,"sender":{"id":1,"detached":false,"destroyed":false,"url":"file:///Users/friday/.hermes/profiles/friday/cache/scratch/T17-v6/tmp/T17-real-electron-1nSbci/.vite/build/offline.html?error=server","processId":5,"routingId":1},"current":{"id":1,"detached":false,"destroyed":false,"url":"file:///Users/friday/.hermes/profiles/friday/cache/scratch/T17-v6/tmp/T17-real-electron-1nSbci/.vite/build/offline.html?error=server","processId":5,"routingId":1}}
AUTHORIZATION {"scenario":"crash-only","mode":"darwin","fixture":1,"action":"minimise","document":"offline","byIdSame":true,"byTokenSame":true,"byId":{"id":1,"detached":false,"destroyed":false,"url":"file:///Users/friday/.hermes/profiles/friday/cache/scratch/T17-v6/tmp/T17-real-electron-1nSbci/.vite/build/offline.html?error=server","processId":5,"routingId":1},"byToken":{"id":1,"detached":false,"destroyed":false,"url":"file:///Users/friday/.hermes/profiles/friday/cache/scratch/T17-v6/tmp/T17-real-electron-1nSbci/.vite/build/offline.html?error=server","processId":5,"routingId":1},"hosted":false,"offline":true,"self":true,"sameContents":true,"sameFrame":true,"detached":false,"sender":{"id":1,"detached":false,"destroyed":false,"url":"file:///Users/friday/.hermes/profiles/friday/cache/scratch/T17-v6/tmp/T17-real-electron-1nSbci/.vite/build/offline.html?error=server","processId":5,"routingId":1},"current":{"id":1,"detached":false,"destroyed":false,"url":"file:///Users/friday/.hermes/profiles/friday/cache/scratch/T17-v6/tmp/T17-real-electron-1nSbci/.vite/build/offline.html?error=server","processId":5,"routingId":1}}
AUTHORIZATION {"scenario":"crash-only","mode":"darwin","fixture":1,"action":"close","document":"offline","byIdSame":true,"byTokenSame":true,"byId":{"id":1,"detached":false,"destroyed":false,"url":"file:///Users/friday/.hermes/profiles/friday/cache/scratch/T17-v6/tmp/T17-real-electron-1nSbci/.vite/build/offline.html?error=server","processId":5,"routingId":1},"byToken":{"id":1,"detached":false,"destroyed":false,"url":"file:///Users/friday/.hermes/profiles/friday/cache/scratch/T17-v6/tmp/T17-real-electron-1nSbci/.vite/build/offline.html?error=server","processId":5,"routingId":1},"hosted":false,"offline":true,"self":true,"sameContents":true,"sameFrame":true,"detached":false,"sender":{"id":1,"detached":false,"destroyed":false,"url":"file:///Users/friday/.hermes/profiles/friday/cache/scratch/T17-v6/tmp/T17-real-electron-1nSbci/.vite/build/offline.html?error=server","processId":5,"routingId":1},"current":{"id":1,"detached":false,"destroyed":false,"url":"file:///Users/friday/.hermes/profiles/friday/cache/scratch/T17-v6/tmp/T17-real-electron-1nSbci/.vite/build/offline.html?error=server","processId":5,"routingId":1}}
PASS {"result":"PASS","exit":0,"knownGaps":[],"hardFailures":[]}


{
  "mode": "darwin",
  "scenario": "crash-only",
  "exit": 0,
  "emittedSHA256": "33aba3c676f65b56a45ffcc3dde2a16c75846636717ca280087940f00c0ed712",
  "receipt": {
    "passed": true,
    "result": "PASS",
    "exit": 0,
    "knownGaps": [],
    "hardFailures": [],
    "scenario": "crash-only",
    "port": 49270,
    "fixtures": [
      {
        "id": 1,
        "contentsId": 1,
        "purpose": "offline-caption-lifetime"
      }
    ],
    "authorization": [
      {
        "fixture": 1,
        "action": "maximise",
        "document": "offline",
        "byIdSame": true,
        "byTokenSame": true,
        "byId": {
          "id": 1,
          "detached": false,
          "destroyed": false,
          "url": "file:///Users/friday/.hermes/profiles/friday/cache/scratch/T17-v6/tmp/T17-real-electron-1nSbci/.vite/build/offline.html?error=server",
          "processId": 5,
          "routingId": 1
        },
        "byToken": {
          "id": 1,
          "detached": false,
          "destroyed": false,
          "url": "file:///Users/friday/.hermes/profiles/friday/cache/scratch/T17-v6/tmp/T17-real-electron-1nSbci/.vite/build/offline.html?error=server",
          "processId": 5,
          "routingId": 1
        },
        "hosted": false,
        "offline": true,
        "self": true,
        "sameContents": true,
        "sameFrame": true,
        "detached": false,
        "sender": {
          "id": 1,
          "detached": false,
          "destroyed": false,
          "url": "file:///Users/friday/.hermes/profiles/friday/cache/scratch/T17-v6/tmp/T17-real-electron-1nSbci/.vite/build/offline.html?error=server",
          "processId": 5,
          "routingId": 1
        },
        "current": {
          "id": 1,
          "detached": false,
          "destroyed": false,
          "url": "file:///Users/friday/.hermes/profiles/friday/cache/scratch/T17-v6/tmp/T17-real-electron-1nSbci/.vite/build/offline.html?error=server",
          "processId": 5,
          "routingId": 1
        }
      },
      {
        "fixture": 1,
        "action": "maximise",
        "document": "offline",
        "byIdSame": true,
        "byTokenSame": true,
        "byId": {
          "id": 1,
          "detached": false,
          "destroyed": false,
          "url": "file:///Users/friday/.hermes/profiles/friday/cache/scratch/T17-v6/tmp/T17-real-electron-1nSbci/.vite/build/offline.html?error=server",
          "processId": 5,
          "routingId": 1
        },
        "byToken": {
          "id": 1,
          "detached": false,
          "destroyed": false,
          "url": "file:///Users/friday/.hermes/profiles/friday/cache/scratch/T17-v6/tmp/T17-real-electron-1nSbci/.vite/build/offline.html?error=server",
          "processId": 5,
          "routingId": 1
        },
        "hosted": false,
        "offline": true,
        "self": true,
        "sameContents": true,
        "sameFrame": true,
        "detached": false,
        "sender": {
          "id": 1,
          "detached": false,
          "destroyed": false,
          "url": "file:///Users/friday/.hermes/profiles/friday/cache/scratch/T17-v6/tmp/T17-real-electron-1nSbci/.vite/build/offline.html?error=server",
          "processId": 5,
          "routingId": 1
        },
        "current": {
          "id": 1,
          "detached": false,
          "destroyed": false,
          "url": "file:///Users/friday/.hermes/profiles/friday/cache/scratch/T17-v6/tmp/T17-real-electron-1nSbci/.vite/build/offline.html?error=server",
          "processId": 5,
          "routingId": 1
        }
      },
      {
        "fixture": 1,
        "action": "minimise",
        "document": "offline",
        "byIdSame": true,
        "byTokenSame": true,
        "byId": {
          "id": 1,
          "detached": false,
          "destroyed": false,
          "url": "file:///Users/friday/.hermes/profiles/friday/cache/scratch/T17-v6/tmp/T17-real-electron-1nSbci/.vite/build/offline.html?error=server",
          "processId": 5,
          "routingId": 1
        },
        "byToken": {
          "id": 1,
          "detached": false,
          "destroyed": false,
          "url": "file:///Users/friday/.hermes/profiles/friday/cache/scratch/T17-v6/tmp/T17-real-electron-1nSbci/.vite/build/offline.html?error=server",
          "processId": 5,
          "routingId": 1
        },
        "hosted": false,
        "offline": true,
        "self": true,
        "sameContents": true,
        "sameFrame": true,
        "detached": false,
        "sender": {
          "id": 1,
          "detached": false,
          "destroyed": false,
          "url": "file:///Users/friday/.hermes/profiles/friday/cache/scratch/T17-v6/tmp/T17-real-electron-1nSbci/.vite/build/offline.html?error=server",
          "processId": 5,
          "routingId": 1
        },
        "current": {
          "id": 1,
          "detached": false,
          "destroyed": false,
          "url": "file:///Users/friday/.hermes/profiles/friday/cache/scratch/T17-v6/tmp/T17-real-electron-1nSbci/.vite/build/offline.html?error=server",
          "processId": 5,
          "routingId": 1
        }
      },
      {
        "fixture": 1,
        "action": "close",
        "document": "offline",
        "byIdSame": true,
        "byTokenSame": true,
        "byId": {
          "id": 1,
          "detached": false,
          "destroyed": false,
          "url": "file:///Users/friday/.hermes/profiles/friday/cache/scratch/T17-v6/tmp/T17-real-electron-1nSbci/.vite/build/offline.html?error=server",
          "processId": 5,
          "routingId": 1
        },
        "byToken": {
          "id": 1,
          "detached": false,
          "destroyed": false,
          "url": "file:///Users/friday/.hermes/profiles/friday/cache/scratch/T17-v6/tmp/T17-real-electron-1nSbci/.vite/build/offline.html?error=server",
          "processId": 5,
          "routingId": 1
        },
        "hosted": false,
        "offline": true,
        "self": true,
        "sameContents": true,
        "sameFrame": true,
        "detached": false,
        "sender": {
          "id": 1,
          "detached": false,
          "destroyed": false,
          "url": "file:///Users/friday/.hermes/profiles/friday/cache/scratch/T17-v6/tmp/T17-real-electron-1nSbci/.vite/build/offline.html?error=server",
          "processId": 5,
          "routingId": 1
        },
        "current": {
          "id": 1,
          "detached": false,
          "destroyed": false,
          "url": "file:///Users/friday/.hermes/profiles/friday/cache/scratch/T17-v6/tmp/T17-real-electron-1nSbci/.vite/build/offline.html?error=server",
          "processId": 5,
          "routingId": 1
        }
      }
    ],
    "captionActions": [
      {
        "action": "maximise",
        "document": "offline",
        "delivered": true,
        "tuple": {
          "fixture": 1,
          "action": "maximise",
          "document": "offline",
          "byIdSame": true,
          "byTokenSame": true,
          "byId": {
            "id": 1,
            "detached": false,
            "destroyed": false,
            "url": "file:///Users/friday/.hermes/profiles/friday/cache/scratch/T17-v6/tmp/T17-real-electron-1nSbci/.vite/build/offline.html?error=server",
            "processId": 5,
            "routingId": 1
          },
          "byToken": {
            "id": 1,
            "detached": false,
            "destroyed": false,
            "url": "file:///Users/friday/.hermes/profiles/friday/cache/scratch/T17-v6/tmp/T17-real-electron-1nSbci/.vite/build/offline.html?error=server",
            "processId": 5,
            "routingId": 1
          },
          "hosted": false,
          "offline": true,
          "self": true,
          "sameContents": true,
          "sameFrame": true,
          "detached": false,
          "sender": {
            "id": 1,
            "detached": false,
            "destroyed": false,
            "url": "file:///Users/friday/.hermes/profiles/friday/cache/scratch/T17-v6/tmp/T17-real-electron-1nSbci/.vite/build/offline.html?error=server",
            "processId": 5,
            "routingId": 1
          },
          "current": {
            "id": 1,
            "detached": false,
            "destroyed": false,
            "url": "file:///Users/friday/.hermes/profiles/friday/cache/scratch/T17-v6/tmp/T17-real-electron-1nSbci/.vite/build/offline.html?error=server",
            "processId": 5,
            "routingId": 1
          }
        },
        "native": true,
        "error": null,
        "nativeEvents": [
          "maximize"
        ]
      },
      {
        "action": "maximise",
        "document": "offline",
        "delivered": true,
        "tuple": {
          "fixture": 1,
          "action": "maximise",
          "document": "offline",
          "byIdSame": true,
          "byTokenSame": true,
          "byId": {
            "id": 1,
            "detached": false,
            "destroyed": false,
            "url": "file:///Users/friday/.hermes/profiles/friday/cache/scratch/T17-v6/tmp/T17-real-electron-1nSbci/.vite/build/offline.html?error=server",
            "processId": 5,
            "routingId": 1
          },
          "byToken": {
            "id": 1,
            "detached": false,
            "destroyed": false,
            "url": "file:///Users/friday/.hermes/profiles/friday/cache/scratch/T17-v6/tmp/T17-real-electron-1nSbci/.vite/build/offline.html?error=server",
            "processId": 5,
            "routingId": 1
          },
          "hosted": false,
          "offline": true,
          "self": true,
          "sameContents": true,
          "sameFrame": true,
          "detached": false,
          "sender": {
            "id": 1,
            "detached": false,
            "destroyed": false,
            "url": "file:///Users/friday/.hermes/profiles/friday/cache/scratch/T17-v6/tmp/T17-real-electron-1nSbci/.vite/build/offline.html?error=server",
            "processId": 5,
            "routingId": 1
          },
          "current": {
            "id": 1,
            "detached": false,
            "destroyed": false,
            "url": "file:///Users/friday/.hermes/profiles/friday/cache/scratch/T17-v6/tmp/T17-real-electron-1nSbci/.vite/build/offline.html?error=server",
            "processId": 5,
            "routingId": 1
          }
        },
        "native": true,
        "error": null,
        "nativeEvents": [
          "unmaximize"
        ]
      },
      {
        "action": "minimise",
        "document": "offline",
        "delivered": true,
        "tuple": {
          "fixture": 1,
          "action": "minimise",
          "document": "offline",
          "byIdSame": true,
          "byTokenSame": true,
          "byId": {
            "id": 1,
            "detached": false,
            "destroyed": false,
            "url": "file:///Users/friday/.hermes/profiles/friday/cache/scratch/T17-v6/tmp/T17-real-electron-1nSbci/.vite/build/offline.html?error=server",
            "processId": 5,
            "routingId": 1
          },
          "byToken": {
            "id": 1,
            "detached": false,
            "destroyed": false,
            "url": "file:///Users/friday/.hermes/profiles/friday/cache/scratch/T17-v6/tmp/T17-real-electron-1nSbci/.vite/build/offline.html?error=server",
            "processId": 5,
            "routingId": 1
          },
          "hosted": false,
          "offline": true,
          "self": true,
          "sameContents": true,
          "sameFrame": true,
          "detached": false,
          "sender": {
            "id": 1,
            "detached": false,
            "destroyed": false,
            "url": "file:///Users/friday/.hermes/profiles/friday/cache/scratch/T17-v6/tmp/T17-real-electron-1nSbci/.vite/build/offline.html?error=server",
            "processId": 5,
            "routingId": 1
          },
          "current": {
            "id": 1,
            "detached": false,
            "destroyed": false,
            "url": "file:///Users/friday/.hermes/profiles/friday/cache/scratch/T17-v6/tmp/T17-real-electron-1nSbci/.vite/build/offline.html?error=server",
            "processId": 5,
            "routingId": 1
          }
        },
        "native": true,
        "error": null,
        "nativeEvents": [
          "minimize"
        ]
      },
      {
        "action": "close",
        "document": "offline",
        "delivered": true,
        "tuple": {
          "fixture": 1,
          "action": "close",
          "document": "offline",
          "byIdSame": true,
          "byTokenSame": true,
          "byId": {
            "id": 1,
            "detached": false,
            "destroyed": false,
            "url": "file:///Users/friday/.hermes/profiles/friday/cache/scratch/T17-v6/tmp/T17-real-electron-1nSbci/.vite/build/offline.html?error=server",
            "processId": 5,
            "routingId": 1
          },
          "byToken": {
            "id": 1,
            "detached": false,
            "destroyed": false,
            "url": "file:///Users/friday/.hermes/profiles/friday/cache/scratch/T17-v6/tmp/T17-real-electron-1nSbci/.vite/build/offline.html?error=server",
            "processId": 5,
            "routingId": 1
          },
          "hosted": false,
          "offline": true,
          "self": true,
          "sameContents": true,
          "sameFrame": true,
          "detached": false,
          "sender": {
            "id": 1,
            "detached": false,
            "destroyed": false,
            "url": "file:///Users/friday/.hermes/profiles/friday/cache/scratch/T17-v6/tmp/T17-real-electron-1nSbci/.vite/build/offline.html?error=server",
            "processId": 5,
            "routingId": 1
          },
          "current": {
            "id": 1,
            "detached": false,
            "destroyed": false,
            "url": "file:///Users/friday/.hermes/profiles/friday/cache/scratch/T17-v6/tmp/T17-real-electron-1nSbci/.vite/build/offline.html?error=server",
            "processId": 5,
            "routingId": 1
          }
        },
        "native": true,
        "error": null,
        "nativeEvents": [
          "close",
          "closed"
        ]
      }
    ],
    "characterization": {},
    "retryIntents": [],
    "frameStates": [
      {
        "event": "did-start-navigation",
        "fixture": 1,
        "frame": {
          "id": 1,
          "detached": false,
          "destroyed": false,
          "url": "",
          "processId": 4,
          "routingId": 1
        }
      },
      {
        "event": "did-navigate",
        "fixture": 1,
        "frame": {
          "id": 1,
          "detached": false,
          "destroyed": false,
          "url": "http://127.0.0.1:49270/app?configured=1",
          "processId": 4,
          "routingId": 1
        }
      },
      {
        "event": "dom-ready",
        "fixture": 1,
        "frame": {
          "id": 1,
          "detached": false,
          "destroyed": false,
          "url": "http://127.0.0.1:49270/app?configured=1",
          "processId": 4,
          "routingId": 1
        }
      },
      {
        "event": "did-finish-load",
        "fixture": 1,
        "frame": {
          "id": 1,
          "detached": false,
          "destroyed": false,
          "url": "http://127.0.0.1:49270/app?configured=1",
          "processId": 4,
          "routingId": 1
        }
      },
      {
        "event": "did-start-navigation",
        "fixture": 1,
        "frame": {
          "id": 1,
          "detached": false,
          "destroyed": false,
          "url": "",
          "processId": 5,
          "routingId": 1
        }
      },
      {
        "event": "render-process-gone",
        "fixture": 1,
        "frame": {
          "id": 1,
          "detached": false,
          "destroyed": false,
          "url": "",
          "processId": 5,
          "routingId": 1
        }
      },
      {
        "event": "did-navigate",
        "fixture": 1,
        "frame": {
          "id": 1,
          "detached": false,
          "destroyed": false,
          "url": "file:///Users/friday/.hermes/profiles/friday/cache/scratch/T17-v6/tmp/T17-real-electron-1nSbci/.vite/build/offline.html?error=server",
          "processId": 5,
          "routingId": 1
        }
      },
      {
        "event": "dom-ready",
        "fixture": 1,
        "frame": {
          "id": 1,
          "detached": false,
          "destroyed": false,
          "url": "file:///Users/friday/.hermes/profiles/friday/cache/scratch/T17-v6/tmp/T17-real-electron-1nSbci/.vite/build/offline.html?error=server",
          "processId": 5,
          "routingId": 1
        }
      },
      {
        "event": "did-finish-load",
        "fixture": 1,
        "frame": {
          "id": 1,
          "detached": false,
          "destroyed": false,
          "url": "file:///Users/friday/.hermes/profiles/friday/cache/scratch/T17-v6/tmp/T17-real-electron-1nSbci/.vite/build/offline.html?error=server",
          "processId": 5,
          "routingId": 1
        }
      }
    ],
    "electron": "44.5.1",
    "modules": "149",
    "host": "darwin",
    "presentation": "darwin",
    "finalPage": {
      "title": "Mutiny — Connection interrupted",
      "error": "Server",
      "heading": "Connection interrupted",
      "captionsHidden": true,
      "platform": "darwin",
      "width": 900,
      "height": 600,
      "scrollWidth": 900,
      "bodyWidth": 900,
      "background": "rgb(35, 32, 47)",
      "controls": [
        {
          "id": "minimise",
          "width": 0,
          "height": 0
        },
        {
          "id": "maximise",
          "width": 0,
          "height": 0
        },
        {
          "id": "close",
          "width": 0,
          "height": 0
        },
        {
          "id": "retry",
          "width": 120,
          "height": 44
        }
      ]
    },
    "hits": 1,
    "captions": {
      "minimise": 1,
      "maximise": 2,
      "close": 1
    },
    "events": [
      "renderer:killed",
      "maximize",
      "unmaximize",
      "minimize",
      "restore",
      "close",
      "closed"
    ],
    "requests": [
      "http://127.0.0.1:49270/app?configured=1",
      "file:///Users/friday/.hermes/profiles/friday/cache/scratch/T17-v6/tmp/T17-real-electron-1nSbci/.vite/build/offline.html?error=server"
    ],
    "consoleMessages": [],
    "failures": [],
    "emittedBytes": 4933,
    "emittedFile": "/Users/friday/.hermes/profiles/friday/cache/scratch/T17-v6/tmp/T17-real-electron-1nSbci/.vite/build/offline.html",
    "scope": "Isolated Electron harness only. Windows presentation simulated on macOS; not installed Windows/Linux runtime acceptance."
  }
}
AUTHORIZATION {"scenario":"cdp-only","mode":"darwin","fixture":1,"action":"maximise","document":"offline","byIdSame":true,"byTokenSame":true,"byId":{"id":1,"detached":false,"destroyed":false,"url":"file:///Users/friday/.hermes/profiles/friday/cache/scratch/T17-v6/tmp/T17-real-electron-1nSbci/.vite/build/offline.html?error=offline","processId":6,"routingId":4},"byToken":{"id":1,"detached":false,"destroyed":false,"url":"file:///Users/friday/.hermes/profiles/friday/cache/scratch/T17-v6/tmp/T17-real-electron-1nSbci/.vite/build/offline.html?error=offline","processId":6,"routingId":4},"hosted":false,"offline":true,"self":true,"sameContents":true,"sameFrame":true,"detached":false,"sender":{"id":1,"detached":false,"destroyed":false,"url":"file:///Users/friday/.hermes/profiles/friday/cache/scratch/T17-v6/tmp/T17-real-electron-1nSbci/.vite/build/offline.html?error=offline","processId":6,"routingId":4},"current":{"id":1,"detached":false,"destroyed":false,"url":"file:///Users/friday/.hermes/profiles/friday/cache/scratch/T17-v6/tmp/T17-real-electron-1nSbci/.vite/build/offline.html?error=offline","processId":6,"routingId":4}}
AUTHORIZATION {"scenario":"cdp-only","mode":"darwin","fixture":1,"action":"maximise","document":"offline","byIdSame":true,"byTokenSame":true,"byId":{"id":1,"detached":false,"destroyed":false,"url":"file:///Users/friday/.hermes/profiles/friday/cache/scratch/T17-v6/tmp/T17-real-electron-1nSbci/.vite/build/offline.html?error=offline","processId":6,"routingId":4},"byToken":{"id":1,"detached":false,"destroyed":false,"url":"file:///Users/friday/.hermes/profiles/friday/cache/scratch/T17-v6/tmp/T17-real-electron-1nSbci/.vite/build/offline.html?error=offline","processId":6,"routingId":4},"hosted":false,"offline":true,"self":true,"sameContents":true,"sameFrame":true,"detached":false,"sender":{"id":1,"detached":false,"destroyed":false,"url":"file:///Users/friday/.hermes/profiles/friday/cache/scratch/T17-v6/tmp/T17-real-electron-1nSbci/.vite/build/offline.html?error=offline","processId":6,"routingId":4},"current":{"id":1,"detached":false,"destroyed":false,"url":"file:///Users/friday/.hermes/profiles/friday/cache/scratch/T17-v6/tmp/T17-real-electron-1nSbci/.vite/build/offline.html?error=offline","processId":6,"routingId":4}}
AUTHORIZATION {"scenario":"cdp-only","mode":"darwin","fixture":1,"action":"minimise","document":"offline","byIdSame":true,"byTokenSame":true,"byId":{"id":1,"detached":false,"destroyed":false,"url":"file:///Users/friday/.hermes/profiles/friday/cache/scratch/T17-v6/tmp/T17-real-electron-1nSbci/.vite/build/offline.html?error=offline","processId":6,"routingId":4},"byToken":{"id":1,"detached":false,"destroyed":false,"url":"file:///Users/friday/.hermes/profiles/friday/cache/scratch/T17-v6/tmp/T17-real-electron-1nSbci/.vite/build/offline.html?error=offline","processId":6,"routingId":4},"hosted":false,"offline":true,"self":true,"sameContents":true,"sameFrame":true,"detached":false,"sender":{"id":1,"detached":false,"destroyed":false,"url":"file:///Users/friday/.hermes/profiles/friday/cache/scratch/T17-v6/tmp/T17-real-electron-1nSbci/.vite/build/offline.html?error=offline","processId":6,"routingId":4},"current":{"id":1,"detached":false,"destroyed":false,"url":"file:///Users/friday/.hermes/profiles/friday/cache/scratch/T17-v6/tmp/T17-real-electron-1nSbci/.vite/build/offline.html?error=offline","processId":6,"routingId":4}}
AUTHORIZATION {"scenario":"cdp-only","mode":"darwin","fixture":1,"action":"close","document":"offline","byIdSame":true,"byTokenSame":true,"byId":{"id":1,"detached":false,"destroyed":false,"url":"file:///Users/friday/.hermes/profiles/friday/cache/scratch/T17-v6/tmp/T17-real-electron-1nSbci/.vite/build/offline.html?error=offline","processId":6,"routingId":4},"byToken":{"id":1,"detached":false,"destroyed":false,"url":"file:///Users/friday/.hermes/profiles/friday/cache/scratch/T17-v6/tmp/T17-real-electron-1nSbci/.vite/build/offline.html?error=offline","processId":6,"routingId":4},"hosted":false,"offline":true,"self":true,"sameContents":true,"sameFrame":true,"detached":false,"sender":{"id":1,"detached":false,"destroyed":false,"url":"file:///Users/friday/.hermes/profiles/friday/cache/scratch/T17-v6/tmp/T17-real-electron-1nSbci/.vite/build/offline.html?error=offline","processId":6,"routingId":4},"current":{"id":1,"detached":false,"destroyed":false,"url":"file:///Users/friday/.hermes/profiles/friday/cache/scratch/T17-v6/tmp/T17-real-electron-1nSbci/.vite/build/offline.html?error=offline","processId":6,"routingId":4}}
PASS {"result":"PASS","exit":0,"knownGaps":[],"hardFailures":[]}

(node:66995) electron: Failed to load URL: http://127.0.0.1:49270/app?configured=1 with error: ERR_INTERNET_DISCONNECTED
(Use `Electron --trace-warnings ...` to show where the warning was created)
(electron) 'console-message' arguments are deprecated and will be removed. Please use Event<WebContentsConsoleMessageEventParams> object instead.

{
  "mode": "darwin",
  "scenario": "cdp-only",
  "exit": 0,
  "emittedSHA256": "33aba3c676f65b56a45ffcc3dde2a16c75846636717ca280087940f00c0ed712",
  "receipt": {
    "passed": true,
    "result": "PASS",
    "exit": 0,
    "knownGaps": [],
    "hardFailures": [],
    "scenario": "cdp-only",
    "port": 49270,
    "fixtures": [
      {
        "id": 1,
        "contentsId": 1,
        "purpose": "offline-caption-lifetime"
      }
    ],
    "authorization": [
      {
        "fixture": 1,
        "action": "maximise",
        "document": "offline",
        "byIdSame": true,
        "byTokenSame": true,
        "byId": {
          "id": 1,
          "detached": false,
          "destroyed": false,
          "url": "file:///Users/friday/.hermes/profiles/friday/cache/scratch/T17-v6/tmp/T17-real-electron-1nSbci/.vite/build/offline.html?error=offline",
          "processId": 6,
          "routingId": 4
        },
        "byToken": {
          "id": 1,
          "detached": false,
          "destroyed": false,
          "url": "file:///Users/friday/.hermes/profiles/friday/cache/scratch/T17-v6/tmp/T17-real-electron-1nSbci/.vite/build/offline.html?error=offline",
          "processId": 6,
          "routingId": 4
        },
        "hosted": false,
        "offline": true,
        "self": true,
        "sameContents": true,
        "sameFrame": true,
        "detached": false,
        "sender": {
          "id": 1,
          "detached": false,
          "destroyed": false,
          "url": "file:///Users/friday/.hermes/profiles/friday/cache/scratch/T17-v6/tmp/T17-real-electron-1nSbci/.vite/build/offline.html?error=offline",
          "processId": 6,
          "routingId": 4
        },
        "current": {
          "id": 1,
          "detached": false,
          "destroyed": false,
          "url": "file:///Users/friday/.hermes/profiles/friday/cache/scratch/T17-v6/tmp/T17-real-electron-1nSbci/.vite/build/offline.html?error=offline",
          "processId": 6,
          "routingId": 4
        }
      },
      {
        "fixture": 1,
        "action": "maximise",
        "document": "offline",
        "byIdSame": true,
        "byTokenSame": true,
        "byId": {
          "id": 1,
          "detached": false,
          "destroyed": false,
          "url": "file:///Users/friday/.hermes/profiles/friday/cache/scratch/T17-v6/tmp/T17-real-electron-1nSbci/.vite/build/offline.html?error=offline",
          "processId": 6,
          "routingId": 4
        },
        "byToken": {
          "id": 1,
          "detached": false,
          "destroyed": false,
          "url": "file:///Users/friday/.hermes/profiles/friday/cache/scratch/T17-v6/tmp/T17-real-electron-1nSbci/.vite/build/offline.html?error=offline",
          "processId": 6,
          "routingId": 4
        },
        "hosted": false,
        "offline": true,
        "self": true,
        "sameContents": true,
        "sameFrame": true,
        "detached": false,
        "sender": {
          "id": 1,
          "detached": false,
          "destroyed": false,
          "url": "file:///Users/friday/.hermes/profiles/friday/cache/scratch/T17-v6/tmp/T17-real-electron-1nSbci/.vite/build/offline.html?error=offline",
          "processId": 6,
          "routingId": 4
        },
        "current": {
          "id": 1,
          "detached": false,
          "destroyed": false,
          "url": "file:///Users/friday/.hermes/profiles/friday/cache/scratch/T17-v6/tmp/T17-real-electron-1nSbci/.vite/build/offline.html?error=offline",
          "processId": 6,
          "routingId": 4
        }
      },
      {
        "fixture": 1,
        "action": "minimise",
        "document": "offline",
        "byIdSame": true,
        "byTokenSame": true,
        "byId": {
          "id": 1,
          "detached": false,
          "destroyed": false,
          "url": "file:///Users/friday/.hermes/profiles/friday/cache/scratch/T17-v6/tmp/T17-real-electron-1nSbci/.vite/build/offline.html?error=offline",
          "processId": 6,
          "routingId": 4
        },
        "byToken": {
          "id": 1,
          "detached": false,
          "destroyed": false,
          "url": "file:///Users/friday/.hermes/profiles/friday/cache/scratch/T17-v6/tmp/T17-real-electron-1nSbci/.vite/build/offline.html?error=offline",
          "processId": 6,
          "routingId": 4
        },
        "hosted": false,
        "offline": true,
        "self": true,
        "sameContents": true,
        "sameFrame": true,
        "detached": false,
        "sender": {
          "id": 1,
          "detached": false,
          "destroyed": false,
          "url": "file:///Users/friday/.hermes/profiles/friday/cache/scratch/T17-v6/tmp/T17-real-electron-1nSbci/.vite/build/offline.html?error=offline",
          "processId": 6,
          "routingId": 4
        },
        "current": {
          "id": 1,
          "detached": false,
          "destroyed": false,
          "url": "file:///Users/friday/.hermes/profiles/friday/cache/scratch/T17-v6/tmp/T17-real-electron-1nSbci/.vite/build/offline.html?error=offline",
          "processId": 6,
          "routingId": 4
        }
      },
      {
        "fixture": 1,
        "action": "close",
        "document": "offline",
        "byIdSame": true,
        "byTokenSame": true,
        "byId": {
          "id": 1,
          "detached": false,
          "destroyed": false,
          "url": "file:///Users/friday/.hermes/profiles/friday/cache/scratch/T17-v6/tmp/T17-real-electron-1nSbci/.vite/build/offline.html?error=offline",
          "processId": 6,
          "routingId": 4
        },
        "byToken": {
          "id": 1,
          "detached": false,
          "destroyed": false,
          "url": "file:///Users/friday/.hermes/profiles/friday/cache/scratch/T17-v6/tmp/T17-real-electron-1nSbci/.vite/build/offline.html?error=offline",
          "processId": 6,
          "routingId": 4
        },
        "hosted": false,
        "offline": true,
        "self": true,
        "sameContents": true,
        "sameFrame": true,
        "detached": false,
        "sender": {
          "id": 1,
          "detached": false,
          "destroyed": false,
          "url": "file:///Users/friday/.hermes/profiles/friday/cache/scratch/T17-v6/tmp/T17-real-electron-1nSbci/.vite/build/offline.html?error=offline",
          "processId": 6,
          "routingId": 4
        },
        "current": {
          "id": 1,
          "detached": false,
          "destroyed": false,
          "url": "file:///Users/friday/.hermes/profiles/friday/cache/scratch/T17-v6/tmp/T17-real-electron-1nSbci/.vite/build/offline.html?error=offline",
          "processId": 6,
          "routingId": 4
        }
      }
    ],
    "captionActions": [
      {
        "action": "maximise",
        "document": "offline",
        "delivered": true,
        "tuple": {
          "fixture": 1,
          "action": "maximise",
          "document": "offline",
          "byIdSame": true,
          "byTokenSame": true,
          "byId": {
            "id": 1,
            "detached": false,
            "destroyed": false,
            "url": "file:///Users/friday/.hermes/profiles/friday/cache/scratch/T17-v6/tmp/T17-real-electron-1nSbci/.vite/build/offline.html?error=offline",
            "processId": 6,
            "routingId": 4
          },
          "byToken": {
            "id": 1,
            "detached": false,
            "destroyed": false,
            "url": "file:///Users/friday/.hermes/profiles/friday/cache/scratch/T17-v6/tmp/T17-real-electron-1nSbci/.vite/build/offline.html?error=offline",
            "processId": 6,
            "routingId": 4
          },
          "hosted": false,
          "offline": true,
          "self": true,
          "sameContents": true,
          "sameFrame": true,
          "detached": false,
          "sender": {
            "id": 1,
            "detached": false,
            "destroyed": false,
            "url": "file:///Users/friday/.hermes/profiles/friday/cache/scratch/T17-v6/tmp/T17-real-electron-1nSbci/.vite/build/offline.html?error=offline",
            "processId": 6,
            "routingId": 4
          },
          "current": {
            "id": 1,
            "detached": false,
            "destroyed": false,
            "url": "file:///Users/friday/.hermes/profiles/friday/cache/scratch/T17-v6/tmp/T17-real-electron-1nSbci/.vite/build/offline.html?error=offline",
            "processId": 6,
            "routingId": 4
          }
        },
        "native": true,
        "error": null,
        "nativeEvents": [
          "maximize"
        ]
      },
      {
        "action": "maximise",
        "document": "offline",
        "delivered": true,
        "tuple": {
          "fixture": 1,
          "action": "maximise",
          "document": "offline",
          "byIdSame": true,
          "byTokenSame": true,
          "byId": {
            "id": 1,
            "detached": false,
            "destroyed": false,
            "url": "file:///Users/friday/.hermes/profiles/friday/cache/scratch/T17-v6/tmp/T17-real-electron-1nSbci/.vite/build/offline.html?error=offline",
            "processId": 6,
            "routingId": 4
          },
          "byToken": {
            "id": 1,
            "detached": false,
            "destroyed": false,
            "url": "file:///Users/friday/.hermes/profiles/friday/cache/scratch/T17-v6/tmp/T17-real-electron-1nSbci/.vite/build/offline.html?error=offline",
            "processId": 6,
            "routingId": 4
          },
          "hosted": false,
          "offline": true,
          "self": true,
          "sameContents": true,
          "sameFrame": true,
          "detached": false,
          "sender": {
            "id": 1,
            "detached": false,
            "destroyed": false,
            "url": "file:///Users/friday/.hermes/profiles/friday/cache/scratch/T17-v6/tmp/T17-real-electron-1nSbci/.vite/build/offline.html?error=offline",
            "processId": 6,
            "routingId": 4
          },
          "current": {
            "id": 1,
            "detached": false,
            "destroyed": false,
            "url": "file:///Users/friday/.hermes/profiles/friday/cache/scratch/T17-v6/tmp/T17-real-electron-1nSbci/.vite/build/offline.html?error=offline",
            "processId": 6,
            "routingId": 4
          }
        },
        "native": true,
        "error": null,
        "nativeEvents": [
          "unmaximize"
        ]
      },
      {
        "action": "minimise",
        "document": "offline",
        "delivered": true,
        "tuple": {
          "fixture": 1,
          "action": "minimise",
          "document": "offline",
          "byIdSame": true,
          "byTokenSame": true,
          "byId": {
            "id": 1,
            "detached": false,
            "destroyed": false,
            "url": "file:///Users/friday/.hermes/profiles/friday/cache/scratch/T17-v6/tmp/T17-real-electron-1nSbci/.vite/build/offline.html?error=offline",
            "processId": 6,
            "routingId": 4
          },
          "byToken": {
            "id": 1,
            "detached": false,
            "destroyed": false,
            "url": "file:///Users/friday/.hermes/profiles/friday/cache/scratch/T17-v6/tmp/T17-real-electron-1nSbci/.vite/build/offline.html?error=offline",
            "processId": 6,
            "routingId": 4
          },
          "hosted": false,
          "offline": true,
          "self": true,
          "sameContents": true,
          "sameFrame": true,
          "detached": false,
          "sender": {
            "id": 1,
            "detached": false,
            "destroyed": false,
            "url": "file:///Users/friday/.hermes/profiles/friday/cache/scratch/T17-v6/tmp/T17-real-electron-1nSbci/.vite/build/offline.html?error=offline",
            "processId": 6,
            "routingId": 4
          },
          "current": {
            "id": 1,
            "detached": false,
            "destroyed": false,
            "url": "file:///Users/friday/.hermes/profiles/friday/cache/scratch/T17-v6/tmp/T17-real-electron-1nSbci/.vite/build/offline.html?error=offline",
            "processId": 6,
            "routingId": 4
          }
        },
        "native": true,
        "error": null,
        "nativeEvents": [
          "minimize"
        ]
      },
      {
        "action": "close",
        "document": "offline",
        "delivered": true,
        "tuple": {
          "fixture": 1,
          "action": "close",
          "document": "offline",
          "byIdSame": true,
          "byTokenSame": true,
          "byId": {
            "id": 1,
            "detached": false,
            "destroyed": false,
            "url": "file:///Users/friday/.hermes/profiles/friday/cache/scratch/T17-v6/tmp/T17-real-electron-1nSbci/.vite/build/offline.html?error=offline",
            "processId": 6,
            "routingId": 4
          },
          "byToken": {
            "id": 1,
            "detached": false,
            "destroyed": false,
            "url": "file:///Users/friday/.hermes/profiles/friday/cache/scratch/T17-v6/tmp/T17-real-electron-1nSbci/.vite/build/offline.html?error=offline",
            "processId": 6,
            "routingId": 4
          },
          "hosted": false,
          "offline": true,
          "self": true,
          "sameContents": true,
          "sameFrame": true,
          "detached": false,
          "sender": {
            "id": 1,
            "detached": false,
            "destroyed": false,
            "url": "file:///Users/friday/.hermes/profiles/friday/cache/scratch/T17-v6/tmp/T17-real-electron-1nSbci/.vite/build/offline.html?error=offline",
            "processId": 6,
            "routingId": 4
          },
          "current": {
            "id": 1,
            "detached": false,
            "destroyed": false,
            "url": "file:///Users/friday/.hermes/profiles/friday/cache/scratch/T17-v6/tmp/T17-real-electron-1nSbci/.vite/build/offline.html?error=offline",
            "processId": 6,
            "routingId": 4
          }
        },
        "native": true,
        "error": null,
        "nativeEvents": [
          "close",
          "closed"
        ]
      }
    ],
    "characterization": {},
    "retryIntents": [],
    "frameStates": [
      {
        "event": "did-start-navigation",
        "fixture": 1,
        "frame": {
          "id": 1,
          "detached": false,
          "destroyed": false,
          "url": "",
          "processId": 4,
          "routingId": 1
        }
      },
      {
        "event": "did-navigate",
        "fixture": 1,
        "frame": {
          "id": 1,
          "detached": false,
          "destroyed": false,
          "url": "http://127.0.0.1:49270/app?configured=1",
          "processId": 4,
          "routingId": 1
        }
      },
      {
        "event": "dom-ready",
        "fixture": 1,
        "frame": {
          "id": 1,
          "detached": false,
          "destroyed": false,
          "url": "http://127.0.0.1:49270/app?configured=1",
          "processId": 4,
          "routingId": 1
        }
      },
      {
        "event": "did-finish-load",
        "fixture": 1,
        "frame": {
          "id": 1,
          "detached": false,
          "destroyed": false,
          "url": "http://127.0.0.1:49270/app?configured=1",
          "processId": 4,
          "routingId": 1
        }
      },
      {
        "event": "did-start-navigation",
        "fixture": 1,
        "frame": {
          "id": 1,
          "detached": false,
          "destroyed": false,
          "url": "http://127.0.0.1:49270/app?configured=1",
          "processId": 4,
          "routingId": 1
        }
      },
      {
        "event": "did-start-navigation",
        "fixture": 1,
        "frame": {
          "id": 1,
          "detached": false,
          "destroyed": false,
          "url": "http://127.0.0.1:49270/app?configured=1",
          "processId": 5,
          "routingId": 4
        }
      },
      {
        "event": "dom-ready",
        "fixture": 1,
        "frame": {
          "id": 1,
          "detached": false,
          "destroyed": false,
          "url": "http://127.0.0.1:49270/app?configured=1",
          "processId": 5,
          "routingId": 4
        }
      },
      {
        "event": "did-finish-load",
        "fixture": 1,
        "frame": {
          "id": 1,
          "detached": false,
          "destroyed": false,
          "url": "http://127.0.0.1:49270/app?configured=1",
          "processId": 5,
          "routingId": 4
        }
      },
      {
        "event": "did-navigate",
        "fixture": 1,
        "frame": {
          "id": 1,
          "detached": false,
          "destroyed": false,
          "url": "file:///Users/friday/.hermes/profiles/friday/cache/scratch/T17-v6/tmp/T17-real-electron-1nSbci/.vite/build/offline.html?error=offline",
          "processId": 6,
          "routingId": 4
        }
      },
      {
        "event": "dom-ready",
        "fixture": 1,
        "frame": {
          "id": 1,
          "detached": false,
          "destroyed": false,
          "url": "file:///Users/friday/.hermes/profiles/friday/cache/scratch/T17-v6/tmp/T17-real-electron-1nSbci/.vite/build/offline.html?error=offline",
          "processId": 6,
          "routingId": 4
        }
      },
      {
        "event": "did-finish-load",
        "fixture": 1,
        "frame": {
          "id": 1,
          "detached": false,
          "destroyed": false,
          "url": "file:///Users/friday/.hermes/profiles/friday/cache/scratch/T17-v6/tmp/T17-real-electron-1nSbci/.vite/build/offline.html?error=offline",
          "processId": 6,
          "routingId": 4
        }
      }
    ],
    "electron": "44.5.1",
    "modules": "149",
    "host": "darwin",
    "presentation": "darwin",
    "finalPage": {
      "title": "Mutiny — Connection interrupted",
      "error": "Offline",
      "heading": "Connection interrupted",
      "captionsHidden": true,
      "platform": "darwin",
      "width": 900,
      "height": 600,
      "scrollWidth": 900,
      "bodyWidth": 900,
      "background": "rgb(35, 32, 47)",
      "controls": [
        {
          "id": "minimise",
          "width": 0,
          "height": 0
        },
        {
          "id": "maximise",
          "width": 0,
          "height": 0
        },
        {
          "id": "close",
          "width": 0,
          "height": 0
        },
        {
          "id": "retry",
          "width": 120,
          "height": 44
        }
      ]
    },
    "hits": 1,
    "captions": {
      "minimise": 1,
      "maximise": 2,
      "close": 1
    },
    "events": [
      "maximize",
      "unmaximize",
      "minimize",
      "restore",
      "close",
      "closed"
    ],
    "requests": [
      "http://127.0.0.1:49270/app?configured=1",
      "http://127.0.0.1:49270/app?configured=1",
      "file:///Users/friday/.hermes/profiles/friday/cache/scratch/T17-v6/tmp/T17-real-electron-1nSbci/.vite/build/offline.html?error=offline"
    ],
    "consoleMessages": [
      {
        "level": 2,
        "message": "%cElectron Security Warning (Insecure Content-Security-Policy) font-weight: bold; This renderer process has either no Content Security\n  Policy set or a policy with \"unsafe-eval\" enabled. This exposes users of\n  this app to unnecessary security risks.\n\nFor more information and help, consult\nhttps://electronjs.org/docs/tutorial/security.\nThis warning will not show up\nonce the app is packaged."
      }
    ],
    "failures": [
      {
        "code": -106,
        "description": "ERR_INTERNET_DISCONNECTED",
        "url": "http://127.0.0.1:49270/app?configured=1",
        "main": true
      }
    ],
    "emittedBytes": 4933,
    "emittedFile": "/Users/friday/.hermes/profiles/friday/cache/scratch/T17-v6/tmp/T17-real-electron-1nSbci/.vite/build/offline.html",
    "scope": "Isolated Electron harness only. Windows presentation simulated on macOS; not installed Windows/Linux runtime acceptance."
  }
}
AUTHORIZATION {"scenario":"full-v3","mode":"darwin","fixture":1,"action":"maximise","document":"offline","byIdSame":true,"byTokenSame":true,"byId":{"id":1,"detached":false,"destroyed":false,"url":"file:///Users/friday/.hermes/profiles/friday/cache/scratch/T17-v6/tmp/T17-real-electron-1nSbci/.vite/build/offline.html?error=offline","processId":9,"routingId":12},"byToken":{"id":1,"detached":false,"destroyed":false,"url":"file:///Users/friday/.hermes/profiles/friday/cache/scratch/T17-v6/tmp/T17-real-electron-1nSbci/.vite/build/offline.html?error=offline","processId":9,"routingId":12},"hosted":false,"offline":true,"self":true,"sameContents":true,"sameFrame":true,"detached":false,"sender":{"id":1,"detached":false,"destroyed":false,"url":"file:///Users/friday/.hermes/profiles/friday/cache/scratch/T17-v6/tmp/T17-real-electron-1nSbci/.vite/build/offline.html?error=offline","processId":9,"routingId":12},"current":{"id":1,"detached":false,"destroyed":false,"url":"file:///Users/friday/.hermes/profiles/friday/cache/scratch/T17-v6/tmp/T17-real-electron-1nSbci/.vite/build/offline.html?error=offline","processId":9,"routingId":12}}
AUTHORIZATION {"scenario":"full-v3","mode":"darwin","fixture":1,"action":"maximise","document":"offline","byIdSame":true,"byTokenSame":true,"byId":{"id":1,"detached":false,"destroyed":false,"url":"file:///Users/friday/.hermes/profiles/friday/cache/scratch/T17-v6/tmp/T17-real-electron-1nSbci/.vite/build/offline.html?error=offline","processId":9,"routingId":12},"byToken":{"id":1,"detached":false,"destroyed":false,"url":"file:///Users/friday/.hermes/profiles/friday/cache/scratch/T17-v6/tmp/T17-real-electron-1nSbci/.vite/build/offline.html?error=offline","processId":9,"routingId":12},"hosted":false,"offline":true,"self":true,"sameContents":true,"sameFrame":true,"detached":false,"sender":{"id":1,"detached":false,"destroyed":false,"url":"file:///Users/friday/.hermes/profiles/friday/cache/scratch/T17-v6/tmp/T17-real-electron-1nSbci/.vite/build/offline.html?error=offline","processId":9,"routingId":12},"current":{"id":1,"detached":false,"destroyed":false,"url":"file:///Users/friday/.hermes/profiles/friday/cache/scratch/T17-v6/tmp/T17-real-electron-1nSbci/.vite/build/offline.html?error=offline","processId":9,"routingId":12}}
AUTHORIZATION {"scenario":"full-v3","mode":"darwin","fixture":1,"action":"minimise","document":"offline","byIdSame":true,"byTokenSame":true,"byId":{"id":1,"detached":false,"destroyed":false,"url":"file:///Users/friday/.hermes/profiles/friday/cache/scratch/T17-v6/tmp/T17-real-electron-1nSbci/.vite/build/offline.html?error=offline","processId":9,"routingId":12},"byToken":{"id":1,"detached":false,"destroyed":false,"url":"file:///Users/friday/.hermes/profiles/friday/cache/scratch/T17-v6/tmp/T17-real-electron-1nSbci/.vite/build/offline.html?error=offline","processId":9,"routingId":12},"hosted":false,"offline":true,"self":true,"sameContents":true,"sameFrame":true,"detached":false,"sender":{"id":1,"detached":false,"destroyed":false,"url":"file:///Users/friday/.hermes/profiles/friday/cache/scratch/T17-v6/tmp/T17-real-electron-1nSbci/.vite/build/offline.html?error=offline","processId":9,"routingId":12},"current":{"id":1,"detached":false,"destroyed":false,"url":"file:///Users/friday/.hermes/profiles/friday/cache/scratch/T17-v6/tmp/T17-real-electron-1nSbci/.vite/build/offline.html?error=offline","processId":9,"routingId":12}}
AUTHORIZATION {"scenario":"full-v3","mode":"darwin","fixture":1,"action":"close","document":"offline","byIdSame":true,"byTokenSame":true,"byId":{"id":1,"detached":false,"destroyed":false,"url":"file:///Users/friday/.hermes/profiles/friday/cache/scratch/T17-v6/tmp/T17-real-electron-1nSbci/.vite/build/offline.html?error=offline","processId":9,"routingId":12},"byToken":{"id":1,"detached":false,"destroyed":false,"url":"file:///Users/friday/.hermes/profiles/friday/cache/scratch/T17-v6/tmp/T17-real-electron-1nSbci/.vite/build/offline.html?error=offline","processId":9,"routingId":12},"hosted":false,"offline":true,"self":true,"sameContents":true,"sameFrame":true,"detached":false,"sender":{"id":1,"detached":false,"destroyed":false,"url":"file:///Users/friday/.hermes/profiles/friday/cache/scratch/T17-v6/tmp/T17-real-electron-1nSbci/.vite/build/offline.html?error=offline","processId":9,"routingId":12},"current":{"id":1,"detached":false,"destroyed":false,"url":"file:///Users/friday/.hermes/profiles/friday/cache/scratch/T17-v6/tmp/T17-real-electron-1nSbci/.vite/build/offline.html?error=offline","processId":9,"routingId":12}}
PASS {"result":"PASS","exit":0,"knownGaps":[],"hardFailures":[]}

(node:67003) electron: Failed to load URL: http://127.0.0.1:49270/app?configured=1 with error: ERR_INTERNET_DISCONNECTED
(Use `Electron --trace-warnings ...` to show where the warning was created)
(electron) 'console-message' arguments are deprecated and will be removed. Please use Event<WebContentsConsoleMessageEventParams> object instead.

{
  "mode": "darwin",
  "scenario": "full-v3",
  "exit": 0,
  "emittedSHA256": "33aba3c676f65b56a45ffcc3dde2a16c75846636717ca280087940f00c0ed712",
  "receipt": {
    "passed": true,
    "result": "PASS",
    "exit": 0,
    "knownGaps": [],
    "hardFailures": [],
    "scenario": "full-v3",
    "port": 49270,
    "fixtures": [
      {
        "id": 1,
        "contentsId": 1,
        "purpose": "offline-caption-lifetime"
      }
    ],
    "authorization": [
      {
        "fixture": 1,
        "action": "maximise",
        "document": "offline",
        "byIdSame": true,
        "byTokenSame": true,
        "byId": {
          "id": 1,
          "detached": false,
          "destroyed": false,
          "url": "file:///Users/friday/.hermes/profiles/friday/cache/scratch/T17-v6/tmp/T17-real-electron-1nSbci/.vite/build/offline.html?error=offline",
          "processId": 9,
          "routingId": 12
        },
        "byToken": {
          "id": 1,
          "detached": false,
          "destroyed": false,
          "url": "file:///Users/friday/.hermes/profiles/friday/cache/scratch/T17-v6/tmp/T17-real-electron-1nSbci/.vite/build/offline.html?error=offline",
          "processId": 9,
          "routingId": 12
        },
        "hosted": false,
        "offline": true,
        "self": true,
        "sameContents": true,
        "sameFrame": true,
        "detached": false,
        "sender": {
          "id": 1,
          "detached": false,
          "destroyed": false,
          "url": "file:///Users/friday/.hermes/profiles/friday/cache/scratch/T17-v6/tmp/T17-real-electron-1nSbci/.vite/build/offline.html?error=offline",
          "processId": 9,
          "routingId": 12
        },
        "current": {
          "id": 1,
          "detached": false,
          "destroyed": false,
          "url": "file:///Users/friday/.hermes/profiles/friday/cache/scratch/T17-v6/tmp/T17-real-electron-1nSbci/.vite/build/offline.html?error=offline",
          "processId": 9,
          "routingId": 12
        }
      },
      {
        "fixture": 1,
        "action": "maximise",
        "document": "offline",
        "byIdSame": true,
        "byTokenSame": true,
        "byId": {
          "id": 1,
          "detached": false,
          "destroyed": false,
          "url": "file:///Users/friday/.hermes/profiles/friday/cache/scratch/T17-v6/tmp/T17-real-electron-1nSbci/.vite/build/offline.html?error=offline",
          "processId": 9,
          "routingId": 12
        },
        "byToken": {
          "id": 1,
          "detached": false,
          "destroyed": false,
          "url": "file:///Users/friday/.hermes/profiles/friday/cache/scratch/T17-v6/tmp/T17-real-electron-1nSbci/.vite/build/offline.html?error=offline",
          "processId": 9,
          "routingId": 12
        },
        "hosted": false,
        "offline": true,
        "self": true,
        "sameContents": true,
        "sameFrame": true,
        "detached": false,
        "sender": {
          "id": 1,
          "detached": false,
          "destroyed": false,
          "url": "file:///Users/friday/.hermes/profiles/friday/cache/scratch/T17-v6/tmp/T17-real-electron-1nSbci/.vite/build/offline.html?error=offline",
          "processId": 9,
          "routingId": 12
        },
        "current": {
          "id": 1,
          "detached": false,
          "destroyed": false,
          "url": "file:///Users/friday/.hermes/profiles/friday/cache/scratch/T17-v6/tmp/T17-real-electron-1nSbci/.vite/build/offline.html?error=offline",
          "processId": 9,
          "routingId": 12
        }
      },
      {
        "fixture": 1,
        "action": "minimise",
        "document": "offline",
        "byIdSame": true,
        "byTokenSame": true,
        "byId": {
          "id": 1,
          "detached": false,
          "destroyed": false,
          "url": "file:///Users/friday/.hermes/profiles/friday/cache/scratch/T17-v6/tmp/T17-real-electron-1nSbci/.vite/build/offline.html?error=offline",
          "processId": 9,
          "routingId": 12
        },
        "byToken": {
          "id": 1,
          "detached": false,
          "destroyed": false,
          "url": "file:///Users/friday/.hermes/profiles/friday/cache/scratch/T17-v6/tmp/T17-real-electron-1nSbci/.vite/build/offline.html?error=offline",
          "processId": 9,
          "routingId": 12
        },
        "hosted": false,
        "offline": true,
        "self": true,
        "sameContents": true,
        "sameFrame": true,
        "detached": false,
        "sender": {
          "id": 1,
          "detached": false,
          "destroyed": false,
          "url": "file:///Users/friday/.hermes/profiles/friday/cache/scratch/T17-v6/tmp/T17-real-electron-1nSbci/.vite/build/offline.html?error=offline",
          "processId": 9,
          "routingId": 12
        },
        "current": {
          "id": 1,
          "detached": false,
          "destroyed": false,
          "url": "file:///Users/friday/.hermes/profiles/friday/cache/scratch/T17-v6/tmp/T17-real-electron-1nSbci/.vite/build/offline.html?error=offline",
          "processId": 9,
          "routingId": 12
        }
      },
      {
        "fixture": 1,
        "action": "close",
        "document": "offline",
        "byIdSame": true,
        "byTokenSame": true,
        "byId": {
          "id": 1,
          "detached": false,
          "destroyed": false,
          "url": "file:///Users/friday/.hermes/profiles/friday/cache/scratch/T17-v6/tmp/T17-real-electron-1nSbci/.vite/build/offline.html?error=offline",
          "processId": 9,
          "routingId": 12
        },
        "byToken": {
          "id": 1,
          "detached": false,
          "destroyed": false,
          "url": "file:///Users/friday/.hermes/profiles/friday/cache/scratch/T17-v6/tmp/T17-real-electron-1nSbci/.vite/build/offline.html?error=offline",
          "processId": 9,
          "routingId": 12
        },
        "hosted": false,
        "offline": true,
        "self": true,
        "sameContents": true,
        "sameFrame": true,
        "detached": false,
        "sender": {
          "id": 1,
          "detached": false,
          "destroyed": false,
          "url": "file:///Users/friday/.hermes/profiles/friday/cache/scratch/T17-v6/tmp/T17-real-electron-1nSbci/.vite/build/offline.html?error=offline",
          "processId": 9,
          "routingId": 12
        },
        "current": {
          "id": 1,
          "detached": false,
          "destroyed": false,
          "url": "file:///Users/friday/.hermes/profiles/friday/cache/scratch/T17-v6/tmp/T17-real-electron-1nSbci/.vite/build/offline.html?error=offline",
          "processId": 9,
          "routingId": 12
        }
      }
    ],
    "captionActions": [
      {
        "action": "maximise",
        "document": "offline",
        "delivered": true,
        "tuple": {
          "fixture": 1,
          "action": "maximise",
          "document": "offline",
          "byIdSame": true,
          "byTokenSame": true,
          "byId": {
            "id": 1,
            "detached": false,
            "destroyed": false,
            "url": "file:///Users/friday/.hermes/profiles/friday/cache/scratch/T17-v6/tmp/T17-real-electron-1nSbci/.vite/build/offline.html?error=offline",
            "processId": 9,
            "routingId": 12
          },
          "byToken": {
            "id": 1,
            "detached": false,
            "destroyed": false,
            "url": "file:///Users/friday/.hermes/profiles/friday/cache/scratch/T17-v6/tmp/T17-real-electron-1nSbci/.vite/build/offline.html?error=offline",
            "processId": 9,
            "routingId": 12
          },
          "hosted": false,
          "offline": true,
          "self": true,
          "sameContents": true,
          "sameFrame": true,
          "detached": false,
          "sender": {
            "id": 1,
            "detached": false,
            "destroyed": false,
            "url": "file:///Users/friday/.hermes/profiles/friday/cache/scratch/T17-v6/tmp/T17-real-electron-1nSbci/.vite/build/offline.html?error=offline",
            "processId": 9,
            "routingId": 12
          },
          "current": {
            "id": 1,
            "detached": false,
            "destroyed": false,
            "url": "file:///Users/friday/.hermes/profiles/friday/cache/scratch/T17-v6/tmp/T17-real-electron-1nSbci/.vite/build/offline.html?error=offline",
            "processId": 9,
            "routingId": 12
          }
        },
        "native": true,
        "error": null,
        "nativeEvents": [
          "maximize"
        ]
      },
      {
        "action": "maximise",
        "document": "offline",
        "delivered": true,
        "tuple": {
          "fixture": 1,
          "action": "maximise",
          "document": "offline",
          "byIdSame": true,
          "byTokenSame": true,
          "byId": {
            "id": 1,
            "detached": false,
            "destroyed": false,
            "url": "file:///Users/friday/.hermes/profiles/friday/cache/scratch/T17-v6/tmp/T17-real-electron-1nSbci/.vite/build/offline.html?error=offline",
            "processId": 9,
            "routingId": 12
          },
          "byToken": {
            "id": 1,
            "detached": false,
            "destroyed": false,
            "url": "file:///Users/friday/.hermes/profiles/friday/cache/scratch/T17-v6/tmp/T17-real-electron-1nSbci/.vite/build/offline.html?error=offline",
            "processId": 9,
            "routingId": 12
          },
          "hosted": false,
          "offline": true,
          "self": true,
          "sameContents": true,
          "sameFrame": true,
          "detached": false,
          "sender": {
            "id": 1,
            "detached": false,
            "destroyed": false,
            "url": "file:///Users/friday/.hermes/profiles/friday/cache/scratch/T17-v6/tmp/T17-real-electron-1nSbci/.vite/build/offline.html?error=offline",
            "processId": 9,
            "routingId": 12
          },
          "current": {
            "id": 1,
            "detached": false,
            "destroyed": false,
            "url": "file:///Users/friday/.hermes/profiles/friday/cache/scratch/T17-v6/tmp/T17-real-electron-1nSbci/.vite/build/offline.html?error=offline",
            "processId": 9,
            "routingId": 12
          }
        },
        "native": true,
        "error": null,
        "nativeEvents": [
          "unmaximize"
        ]
      },
      {
        "action": "minimise",
        "document": "offline",
        "delivered": true,
        "tuple": {
          "fixture": 1,
          "action": "minimise",
          "document": "offline",
          "byIdSame": true,
          "byTokenSame": true,
          "byId": {
            "id": 1,
            "detached": false,
            "destroyed": false,
            "url": "file:///Users/friday/.hermes/profiles/friday/cache/scratch/T17-v6/tmp/T17-real-electron-1nSbci/.vite/build/offline.html?error=offline",
            "processId": 9,
            "routingId": 12
          },
          "byToken": {
            "id": 1,
            "detached": false,
            "destroyed": false,
            "url": "file:///Users/friday/.hermes/profiles/friday/cache/scratch/T17-v6/tmp/T17-real-electron-1nSbci/.vite/build/offline.html?error=offline",
            "processId": 9,
            "routingId": 12
          },
          "hosted": false,
          "offline": true,
          "self": true,
          "sameContents": true,
          "sameFrame": true,
          "detached": false,
          "sender": {
            "id": 1,
            "detached": false,
            "destroyed": false,
            "url": "file:///Users/friday/.hermes/profiles/friday/cache/scratch/T17-v6/tmp/T17-real-electron-1nSbci/.vite/build/offline.html?error=offline",
            "processId": 9,
            "routingId": 12
          },
          "current": {
            "id": 1,
            "detached": false,
            "destroyed": false,
            "url": "file:///Users/friday/.hermes/profiles/friday/cache/scratch/T17-v6/tmp/T17-real-electron-1nSbci/.vite/build/offline.html?error=offline",
            "processId": 9,
            "routingId": 12
          }
        },
        "native": true,
        "error": null,
        "nativeEvents": [
          "minimize"
        ]
      },
      {
        "action": "close",
        "document": "offline",
        "delivered": true,
        "tuple": {
          "fixture": 1,
          "action": "close",
          "document": "offline",
          "byIdSame": true,
          "byTokenSame": true,
          "byId": {
            "id": 1,
            "detached": false,
            "destroyed": false,
            "url": "file:///Users/friday/.hermes/profiles/friday/cache/scratch/T17-v6/tmp/T17-real-electron-1nSbci/.vite/build/offline.html?error=offline",
            "processId": 9,
            "routingId": 12
          },
          "byToken": {
            "id": 1,
            "detached": false,
            "destroyed": false,
            "url": "file:///Users/friday/.hermes/profiles/friday/cache/scratch/T17-v6/tmp/T17-real-electron-1nSbci/.vite/build/offline.html?error=offline",
            "processId": 9,
            "routingId": 12
          },
          "hosted": false,
          "offline": true,
          "self": true,
          "sameContents": true,
          "sameFrame": true,
          "detached": false,
          "sender": {
            "id": 1,
            "detached": false,
            "destroyed": false,
            "url": "file:///Users/friday/.hermes/profiles/friday/cache/scratch/T17-v6/tmp/T17-real-electron-1nSbci/.vite/build/offline.html?error=offline",
            "processId": 9,
            "routingId": 12
          },
          "current": {
            "id": 1,
            "detached": false,
            "destroyed": false,
            "url": "file:///Users/friday/.hermes/profiles/friday/cache/scratch/T17-v6/tmp/T17-real-electron-1nSbci/.vite/build/offline.html?error=offline",
            "processId": 9,
            "routingId": 12
          }
        },
        "native": true,
        "error": null,
        "nativeEvents": [
          "close",
          "closed"
        ]
      }
    ],
    "characterization": {},
    "retryIntents": [
      {
        "action": "Retry",
        "destination": "file:///Users/friday/.hermes/profiles/friday/cache/scratch/T17-v6/tmp/T17-real-electron-1nSbci/.vite/build/offline.html?error=server&retry=1",
        "defaultPrevented": true,
        "hosted": false,
        "offline": true,
        "self": true,
        "sameContents": true,
        "sameFrame": true,
        "eventFrameSame": true,
        "isMainFrame": true,
        "detached": false,
        "current": {
          "id": 1,
          "detached": false,
          "destroyed": false,
          "url": "file:///Users/friday/.hermes/profiles/friday/cache/scratch/T17-v6/tmp/T17-real-electron-1nSbci/.vite/build/offline.html?error=server",
          "processId": 7,
          "routingId": 4
        }
      },
      {
        "action": "Retry",
        "destination": "file:///Users/friday/.hermes/profiles/friday/cache/scratch/T17-v6/tmp/T17-real-electron-1nSbci/.vite/build/offline.html?error=server&retry=1",
        "defaultPrevented": true,
        "hosted": false,
        "offline": true,
        "self": true,
        "sameContents": true,
        "sameFrame": true,
        "eventFrameSame": true,
        "isMainFrame": true,
        "detached": false,
        "current": {
          "id": 1,
          "detached": false,
          "destroyed": false,
          "url": "file:///Users/friday/.hermes/profiles/friday/cache/scratch/T17-v6/tmp/T17-real-electron-1nSbci/.vite/build/offline.html?error=server",
          "processId": 9,
          "routingId": 1
        }
      }
    ],
    "frameStates": [
      {
        "event": "did-start-navigation",
        "fixture": 1,
        "frame": {
          "id": 1,
          "detached": false,
          "destroyed": false,
          "url": "",
          "processId": 4,
          "routingId": 1
        }
      },
      {
        "event": "did-start-navigation",
        "fixture": 1,
        "frame": {
          "id": 1,
          "detached": false,
          "destroyed": false,
          "url": "http://127.0.0.1:49270/app?configured=1",
          "processId": 4,
          "routingId": 1
        }
      },
      {
        "event": "did-navigate",
        "fixture": 1,
        "frame": {
          "id": 1,
          "detached": false,
          "destroyed": false,
          "url": "http://127.0.0.1:49270/app?configured=1",
          "processId": 4,
          "routingId": 1
        }
      },
      {
        "event": "dom-ready",
        "fixture": 1,
        "frame": {
          "id": 1,
          "detached": false,
          "destroyed": false,
          "url": "http://127.0.0.1:49270/app?configured=1",
          "processId": 4,
          "routingId": 1
        }
      },
      {
        "event": "did-finish-load",
        "fixture": 1,
        "frame": {
          "id": 1,
          "detached": false,
          "destroyed": false,
          "url": "http://127.0.0.1:49270/app?configured=1",
          "processId": 4,
          "routingId": 1
        }
      },
      {
        "event": "did-navigate",
        "fixture": 1,
        "frame": {
          "id": 1,
          "detached": false,
          "destroyed": false,
          "url": "file:///Users/friday/.hermes/profiles/friday/cache/scratch/T17-v6/tmp/T17-real-electron-1nSbci/.vite/build/offline.html?error=server",
          "processId": 5,
          "routingId": 4
        }
      },
      {
        "event": "dom-ready",
        "fixture": 1,
        "frame": {
          "id": 1,
          "detached": false,
          "destroyed": false,
          "url": "file:///Users/friday/.hermes/profiles/friday/cache/scratch/T17-v6/tmp/T17-real-electron-1nSbci/.vite/build/offline.html?error=server",
          "processId": 5,
          "routingId": 4
        }
      },
      {
        "event": "did-finish-load",
        "fixture": 1,
        "frame": {
          "id": 1,
          "detached": false,
          "destroyed": false,
          "url": "file:///Users/friday/.hermes/profiles/friday/cache/scratch/T17-v6/tmp/T17-real-electron-1nSbci/.vite/build/offline.html?error=server",
          "processId": 5,
          "routingId": 4
        }
      },
      {
        "event": "did-start-navigation",
        "fixture": 1,
        "frame": {
          "id": 1,
          "detached": false,
          "destroyed": false,
          "url": "file:///Users/friday/.hermes/profiles/friday/cache/scratch/T17-v6/tmp/T17-real-electron-1nSbci/.vite/build/offline.html?error=server",
          "processId": 5,
          "routingId": 4
        }
      },
      {
        "event": "did-start-navigation",
        "fixture": 1,
        "frame": {
          "id": 1,
          "detached": false,
          "destroyed": false,
          "url": "http://127.0.0.1:49270/app?configured=1",
          "processId": 6,
          "routingId": 4
        }
      },
      {
        "event": "did-navigate",
        "fixture": 1,
        "frame": {
          "id": 1,
          "detached": false,
          "destroyed": false,
          "url": "http://127.0.0.1:49270/app?configured=1",
          "processId": 6,
          "routingId": 4
        }
      },
      {
        "event": "dom-ready",
        "fixture": 1,
        "frame": {
          "id": 1,
          "detached": false,
          "destroyed": false,
          "url": "http://127.0.0.1:49270/app?configured=1",
          "processId": 6,
          "routingId": 4
        }
      },
      {
        "event": "did-finish-load",
        "fixture": 1,
        "frame": {
          "id": 1,
          "detached": false,
          "destroyed": false,
          "url": "http://127.0.0.1:49270/app?configured=1",
          "processId": 6,
          "routingId": 4
        }
      },
      {
        "event": "did-navigate",
        "fixture": 1,
        "frame": {
          "id": 1,
          "detached": false,
          "destroyed": false,
          "url": "file:///Users/friday/.hermes/profiles/friday/cache/scratch/T17-v6/tmp/T17-real-electron-1nSbci/.vite/build/offline.html?error=server",
          "processId": 7,
          "routingId": 4
        }
      },
      {
        "event": "dom-ready",
        "fixture": 1,
        "frame": {
          "id": 1,
          "detached": false,
          "destroyed": false,
          "url": "file:///Users/friday/.hermes/profiles/friday/cache/scratch/T17-v6/tmp/T17-real-electron-1nSbci/.vite/build/offline.html?error=server",
          "processId": 7,
          "routingId": 4
        }
      },
      {
        "event": "did-finish-load",
        "fixture": 1,
        "frame": {
          "id": 1,
          "detached": false,
          "destroyed": false,
          "url": "file:///Users/friday/.hermes/profiles/friday/cache/scratch/T17-v6/tmp/T17-real-electron-1nSbci/.vite/build/offline.html?error=server",
          "processId": 7,
          "routingId": 4
        }
      },
      {
        "event": "did-start-navigation",
        "fixture": 1,
        "frame": {
          "id": 1,
          "detached": false,
          "destroyed": false,
          "url": "file:///Users/friday/.hermes/profiles/friday/cache/scratch/T17-v6/tmp/T17-real-electron-1nSbci/.vite/build/offline.html?error=server",
          "processId": 7,
          "routingId": 4
        }
      },
      {
        "event": "did-start-navigation",
        "fixture": 1,
        "frame": {
          "id": 1,
          "detached": false,
          "destroyed": false,
          "url": "file:///Users/friday/.hermes/profiles/friday/cache/scratch/T17-v6/tmp/T17-real-electron-1nSbci/.vite/build/offline.html?error=server",
          "processId": 7,
          "routingId": 4
        }
      },
      {
        "event": "did-navigate",
        "fixture": 1,
        "frame": {
          "id": 1,
          "detached": false,
          "destroyed": false,
          "url": "http://127.0.0.1:49270/app?configured=1",
          "processId": 8,
          "routingId": 4
        }
      },
      {
        "event": "dom-ready",
        "fixture": 1,
        "frame": {
          "id": 1,
          "detached": false,
          "destroyed": false,
          "url": "http://127.0.0.1:49270/app?configured=1",
          "processId": 8,
          "routingId": 4
        }
      },
      {
        "event": "did-finish-load",
        "fixture": 1,
        "frame": {
          "id": 1,
          "detached": false,
          "destroyed": false,
          "url": "http://127.0.0.1:49270/app?configured=1",
          "processId": 8,
          "routingId": 4
        }
      },
      {
        "event": "did-start-navigation",
        "fixture": 1,
        "frame": {
          "id": 1,
          "detached": false,
          "destroyed": false,
          "url": "",
          "processId": 9,
          "routingId": 1
        }
      },
      {
        "event": "render-process-gone",
        "fixture": 1,
        "frame": {
          "id": 1,
          "detached": false,
          "destroyed": false,
          "url": "",
          "processId": 9,
          "routingId": 1
        }
      },
      {
        "event": "did-navigate",
        "fixture": 1,
        "frame": {
          "id": 1,
          "detached": false,
          "destroyed": false,
          "url": "file:///Users/friday/.hermes/profiles/friday/cache/scratch/T17-v6/tmp/T17-real-electron-1nSbci/.vite/build/offline.html?error=server",
          "processId": 9,
          "routingId": 1
        }
      },
      {
        "event": "dom-ready",
        "fixture": 1,
        "frame": {
          "id": 1,
          "detached": false,
          "destroyed": false,
          "url": "file:///Users/friday/.hermes/profiles/friday/cache/scratch/T17-v6/tmp/T17-real-electron-1nSbci/.vite/build/offline.html?error=server",
          "processId": 9,
          "routingId": 1
        }
      },
      {
        "event": "did-finish-load",
        "fixture": 1,
        "frame": {
          "id": 1,
          "detached": false,
          "destroyed": false,
          "url": "file:///Users/friday/.hermes/profiles/friday/cache/scratch/T17-v6/tmp/T17-real-electron-1nSbci/.vite/build/offline.html?error=server",
          "processId": 9,
          "routingId": 1
        }
      },
      {
        "event": "did-start-navigation",
        "fixture": 1,
        "frame": {
          "id": 1,
          "detached": false,
          "destroyed": false,
          "url": "file:///Users/friday/.hermes/profiles/friday/cache/scratch/T17-v6/tmp/T17-real-electron-1nSbci/.vite/build/offline.html?error=server",
          "processId": 9,
          "routingId": 1
        }
      },
      {
        "event": "did-start-navigation",
        "fixture": 1,
        "frame": {
          "id": 1,
          "detached": false,
          "destroyed": false,
          "url": "file:///Users/friday/.hermes/profiles/friday/cache/scratch/T17-v6/tmp/T17-real-electron-1nSbci/.vite/build/offline.html?error=server",
          "processId": 9,
          "routingId": 1
        }
      },
      {
        "event": "did-start-navigation",
        "fixture": 1,
        "frame": {
          "id": 1,
          "detached": false,
          "destroyed": false,
          "url": "http://127.0.0.1:49270/app?configured=1",
          "processId": 11,
          "routingId": 4
        }
      },
      {
        "event": "dom-ready",
        "fixture": 1,
        "frame": {
          "id": 1,
          "detached": false,
          "destroyed": false,
          "url": "http://127.0.0.1:49270/app?configured=1",
          "processId": 11,
          "routingId": 4
        }
      },
      {
        "event": "did-finish-load",
        "fixture": 1,
        "frame": {
          "id": 1,
          "detached": false,
          "destroyed": false,
          "url": "http://127.0.0.1:49270/app?configured=1",
          "processId": 11,
          "routingId": 4
        }
      },
      {
        "event": "did-navigate",
        "fixture": 1,
        "frame": {
          "id": 1,
          "detached": false,
          "destroyed": false,
          "url": "file:///Users/friday/.hermes/profiles/friday/cache/scratch/T17-v6/tmp/T17-real-electron-1nSbci/.vite/build/offline.html?error=offline",
          "processId": 9,
          "routingId": 12
        }
      },
      {
        "event": "dom-ready",
        "fixture": 1,
        "frame": {
          "id": 1,
          "detached": false,
          "destroyed": false,
          "url": "file:///Users/friday/.hermes/profiles/friday/cache/scratch/T17-v6/tmp/T17-real-electron-1nSbci/.vite/build/offline.html?error=offline",
          "processId": 9,
          "routingId": 12
        }
      },
      {
        "event": "did-finish-load",
        "fixture": 1,
        "frame": {
          "id": 1,
          "detached": false,
          "destroyed": false,
          "url": "file:///Users/friday/.hermes/profiles/friday/cache/scratch/T17-v6/tmp/T17-real-electron-1nSbci/.vite/build/offline.html?error=offline",
          "processId": 9,
          "routingId": 12
        }
      }
    ],
    "electron": "44.5.1",
    "modules": "149",
    "host": "darwin",
    "presentation": "darwin",
    "finalPage": {
      "title": "Mutiny — Connection interrupted",
      "error": "Offline",
      "heading": "Connection interrupted",
      "captionsHidden": true,
      "platform": "darwin",
      "width": 900,
      "height": 600,
      "scrollWidth": 900,
      "bodyWidth": 900,
      "background": "rgb(35, 32, 47)",
      "controls": [
        {
          "id": "minimise",
          "width": 0,
          "height": 0
        },
        {
          "id": "maximise",
          "width": 0,
          "height": 0
        },
        {
          "id": "close",
          "width": 0,
          "height": 0
        },
        {
          "id": "retry",
          "width": 120,
          "height": 44
        }
      ]
    },
    "hits": 3,
    "captions": {
      "minimise": 1,
      "maximise": 2,
      "close": 1
    },
    "events": [
      "renderer:killed",
      "maximize",
      "unmaximize",
      "minimize",
      "restore",
      "close",
      "closed"
    ],
    "requests": [
      "http://127.0.0.1:49270/app?configured=1",
      "file:///Users/friday/.hermes/profiles/friday/cache/scratch/T17-v6/tmp/T17-real-electron-1nSbci/.vite/build/offline.html?error=server",
      "http://127.0.0.1:49270/app?configured=1",
      "file:///Users/friday/.hermes/profiles/friday/cache/scratch/T17-v6/tmp/T17-real-electron-1nSbci/.vite/build/offline.html?error=server",
      "http://127.0.0.1:49270/app?configured=1",
      "file:///Users/friday/.hermes/profiles/friday/cache/scratch/T17-v6/tmp/T17-real-electron-1nSbci/.vite/build/offline.html?error=server",
      "http://127.0.0.1:49270/app?configured=1",
      "file:///Users/friday/.hermes/profiles/friday/cache/scratch/T17-v6/tmp/T17-real-electron-1nSbci/.vite/build/offline.html?error=offline"
    ],
    "consoleMessages": [
      {
        "level": 2,
        "message": "%cElectron Security Warning (Insecure Content-Security-Policy) font-weight: bold; This renderer process has either no Content Security\n  Policy set or a policy with \"unsafe-eval\" enabled. This exposes users of\n  this app to unnecessary security risks.\n\nFor more information and help, consult\nhttps://electronjs.org/docs/tutorial/security.\nThis warning will not show up\nonce the app is packaged."
      }
    ],
    "failures": [
      {
        "code": -106,
        "description": "ERR_INTERNET_DISCONNECTED",
        "url": "http://127.0.0.1:49270/app?configured=1",
        "main": true
      }
    ],
    "emittedBytes": 4933,
    "emittedFile": "/Users/friday/.hermes/profiles/friday/cache/scratch/T17-v6/tmp/T17-real-electron-1nSbci/.vite/build/offline.html",
    "scope": "Isolated Electron harness only. Windows presentation simulated on macOS; not installed Windows/Linux runtime acceptance."
  }
}
AUTHORIZATION {"scenario":"crash-retry-hosted","mode":"darwin","fixture":1,"action":"maximise","document":"offline","byIdSame":true,"byTokenSame":true,"byId":{"id":1,"detached":false,"destroyed":false,"url":"file:///Users/friday/.hermes/profiles/friday/cache/scratch/T17-v6/tmp/T17-real-electron-1nSbci/.vite/build/offline.html?error=server","processId":5,"routingId":1},"byToken":{"id":1,"detached":false,"destroyed":false,"url":"file:///Users/friday/.hermes/profiles/friday/cache/scratch/T17-v6/tmp/T17-real-electron-1nSbci/.vite/build/offline.html?error=server","processId":5,"routingId":1},"hosted":false,"offline":true,"self":true,"sameContents":true,"sameFrame":true,"detached":false,"sender":{"id":1,"detached":false,"destroyed":false,"url":"file:///Users/friday/.hermes/profiles/friday/cache/scratch/T17-v6/tmp/T17-real-electron-1nSbci/.vite/build/offline.html?error=server","processId":5,"routingId":1},"current":{"id":1,"detached":false,"destroyed":false,"url":"file:///Users/friday/.hermes/profiles/friday/cache/scratch/T17-v6/tmp/T17-real-electron-1nSbci/.vite/build/offline.html?error=server","processId":5,"routingId":1}}
AUTHORIZATION {"scenario":"crash-retry-hosted","mode":"darwin","fixture":1,"action":"maximise","document":"offline","byIdSame":true,"byTokenSame":true,"byId":{"id":1,"detached":false,"destroyed":false,"url":"file:///Users/friday/.hermes/profiles/friday/cache/scratch/T17-v6/tmp/T17-real-electron-1nSbci/.vite/build/offline.html?error=server","processId":5,"routingId":1},"byToken":{"id":1,"detached":false,"destroyed":false,"url":"file:///Users/friday/.hermes/profiles/friday/cache/scratch/T17-v6/tmp/T17-real-electron-1nSbci/.vite/build/offline.html?error=server","processId":5,"routingId":1},"hosted":false,"offline":true,"self":true,"sameContents":true,"sameFrame":true,"detached":false,"sender":{"id":1,"detached":false,"destroyed":false,"url":"file:///Users/friday/.hermes/profiles/friday/cache/scratch/T17-v6/tmp/T17-real-electron-1nSbci/.vite/build/offline.html?error=server","processId":5,"routingId":1},"current":{"id":1,"detached":false,"destroyed":false,"url":"file:///Users/friday/.hermes/profiles/friday/cache/scratch/T17-v6/tmp/T17-real-electron-1nSbci/.vite/build/offline.html?error=server","processId":5,"routingId":1}}
AUTHORIZATION {"scenario":"crash-retry-hosted","mode":"darwin","fixture":1,"action":"minimise","document":"offline","byIdSame":true,"byTokenSame":true,"byId":{"id":1,"detached":false,"destroyed":false,"url":"file:///Users/friday/.hermes/profiles/friday/cache/scratch/T17-v6/tmp/T17-real-electron-1nSbci/.vite/build/offline.html?error=server","processId":5,"routingId":1},"byToken":{"id":1,"detached":false,"destroyed":false,"url":"file:///Users/friday/.hermes/profiles/friday/cache/scratch/T17-v6/tmp/T17-real-electron-1nSbci/.vite/build/offline.html?error=server","processId":5,"routingId":1},"hosted":false,"offline":true,"self":true,"sameContents":true,"sameFrame":true,"detached":false,"sender":{"id":1,"detached":false,"destroyed":false,"url":"file:///Users/friday/.hermes/profiles/friday/cache/scratch/T17-v6/tmp/T17-real-electron-1nSbci/.vite/build/offline.html?error=server","processId":5,"routingId":1},"current":{"id":1,"detached":false,"destroyed":false,"url":"file:///Users/friday/.hermes/profiles/friday/cache/scratch/T17-v6/tmp/T17-real-electron-1nSbci/.vite/build/offline.html?error=server","processId":5,"routingId":1}}
AUTHORIZATION {"scenario":"crash-retry-hosted","mode":"darwin","fixture":1,"action":"close","document":"offline","byIdSame":true,"byTokenSame":true,"byId":{"id":1,"detached":false,"destroyed":false,"url":"file:///Users/friday/.hermes/profiles/friday/cache/scratch/T17-v6/tmp/T17-real-electron-1nSbci/.vite/build/offline.html?error=server","processId":5,"routingId":1},"byToken":{"id":1,"detached":false,"destroyed":false,"url":"file:///Users/friday/.hermes/profiles/friday/cache/scratch/T17-v6/tmp/T17-real-electron-1nSbci/.vite/build/offline.html?error=server","processId":5,"routingId":1},"hosted":false,"offline":true,"self":true,"sameContents":true,"sameFrame":true,"detached":false,"sender":{"id":1,"detached":false,"destroyed":false,"url":"file:///Users/friday/.hermes/profiles/friday/cache/scratch/T17-v6/tmp/T17-real-electron-1nSbci/.vite/build/offline.html?error=server","processId":5,"routingId":1},"current":{"id":1,"detached":false,"destroyed":false,"url":"file:///Users/friday/.hermes/profiles/friday/cache/scratch/T17-v6/tmp/T17-real-electron-1nSbci/.vite/build/offline.html?error=server","processId":5,"routingId":1}}
AUTHORIZATION {"scenario":"crash-retry-hosted","mode":"darwin","fixture":2,"action":"maximise","document":"hosted-restored","byIdSame":true,"byTokenSame":true,"byId":{"id":2,"detached":false,"destroyed":false,"url":"http://127.0.0.1:49270/app?configured=1","processId":8,"routingId":4},"byToken":{"id":2,"detached":false,"destroyed":false,"url":"http://127.0.0.1:49270/app?configured=1","processId":8,"routingId":4},"hosted":true,"offline":false,"self":false,"sameContents":true,"sameFrame":true,"detached":false,"sender":{"id":2,"detached":false,"destroyed":false,"url":"http://127.0.0.1:49270/app?configured=1","processId":8,"routingId":4},"current":{"id":2,"detached":false,"destroyed":false,"url":"http://127.0.0.1:49270/app?configured=1","processId":8,"routingId":4}}
AUTHORIZATION {"scenario":"crash-retry-hosted","mode":"darwin","fixture":2,"action":"maximise","document":"hosted-restored","byIdSame":true,"byTokenSame":true,"byId":{"id":2,"detached":false,"destroyed":false,"url":"http://127.0.0.1:49270/app?configured=1","processId":8,"routingId":4},"byToken":{"id":2,"detached":false,"destroyed":false,"url":"http://127.0.0.1:49270/app?configured=1","processId":8,"routingId":4},"hosted":true,"offline":false,"self":false,"sameContents":true,"sameFrame":true,"detached":false,"sender":{"id":2,"detached":false,"destroyed":false,"url":"http://127.0.0.1:49270/app?configured=1","processId":8,"routingId":4},"current":{"id":2,"detached":false,"destroyed":false,"url":"http://127.0.0.1:49270/app?configured=1","processId":8,"routingId":4}}
AUTHORIZATION {"scenario":"crash-retry-hosted","mode":"darwin","fixture":2,"action":"minimise","document":"hosted-restored","byIdSame":true,"byTokenSame":true,"byId":{"id":2,"detached":false,"destroyed":false,"url":"http://127.0.0.1:49270/app?configured=1","processId":8,"routingId":4},"byToken":{"id":2,"detached":false,"destroyed":false,"url":"http://127.0.0.1:49270/app?configured=1","processId":8,"routingId":4},"hosted":true,"offline":false,"self":false,"sameContents":true,"sameFrame":true,"detached":false,"sender":{"id":2,"detached":false,"destroyed":false,"url":"http://127.0.0.1:49270/app?configured=1","processId":8,"routingId":4},"current":{"id":2,"detached":false,"destroyed":false,"url":"http://127.0.0.1:49270/app?configured=1","processId":8,"routingId":4}}
AUTHORIZATION {"scenario":"crash-retry-hosted","mode":"darwin","fixture":2,"action":"close","document":"hosted-restored","byIdSame":true,"byTokenSame":true,"byId":{"id":2,"detached":false,"destroyed":false,"url":"http://127.0.0.1:49270/app?configured=1","processId":8,"routingId":4},"byToken":{"id":2,"detached":false,"destroyed":false,"url":"http://127.0.0.1:49270/app?configured=1","processId":8,"routingId":4},"hosted":true,"offline":false,"self":false,"sameContents":true,"sameFrame":true,"detached":false,"sender":{"id":2,"detached":false,"destroyed":false,"url":"http://127.0.0.1:49270/app?configured=1","processId":8,"routingId":4},"current":{"id":2,"detached":false,"destroyed":false,"url":"http://127.0.0.1:49270/app?configured=1","processId":8,"routingId":4}}
PASS {"result":"PASS","exit":0,"knownGaps":[],"hardFailures":[]}


{
  "mode": "darwin",
  "scenario": "crash-retry-hosted",
  "exit": 0,
  "emittedSHA256": "33aba3c676f65b56a45ffcc3dde2a16c75846636717ca280087940f00c0ed712",
  "receipt": {
    "passed": true,
    "result": "PASS",
    "exit": 0,
    "knownGaps": [],
    "hardFailures": [],
    "scenario": "crash-retry-hosted",
    "port": 49270,
    "fixtures": [
      {
        "id": 1,
        "contentsId": 1,
        "purpose": "offline-caption-lifetime",
        "closedByCaption": true
      },
      {
        "id": 2,
        "contentsId": 2,
        "purpose": "crash-retry-hosted-independent-lifetime"
      }
    ],
    "authorization": [
      {
        "fixture": 1,
        "action": "maximise",
        "document": "offline",
        "byIdSame": true,
        "byTokenSame": true,
        "byId": {
          "id": 1,
          "detached": false,
          "destroyed": false,
          "url": "file:///Users/friday/.hermes/profiles/friday/cache/scratch/T17-v6/tmp/T17-real-electron-1nSbci/.vite/build/offline.html?error=server",
          "processId": 5,
          "routingId": 1
        },
        "byToken": {
          "id": 1,
          "detached": false,
          "destroyed": false,
          "url": "file:///Users/friday/.hermes/profiles/friday/cache/scratch/T17-v6/tmp/T17-real-electron-1nSbci/.vite/build/offline.html?error=server",
          "processId": 5,
          "routingId": 1
        },
        "hosted": false,
        "offline": true,
        "self": true,
        "sameContents": true,
        "sameFrame": true,
        "detached": false,
        "sender": {
          "id": 1,
          "detached": false,
          "destroyed": false,
          "url": "file:///Users/friday/.hermes/profiles/friday/cache/scratch/T17-v6/tmp/T17-real-electron-1nSbci/.vite/build/offline.html?error=server",
          "processId": 5,
          "routingId": 1
        },
        "current": {
          "id": 1,
          "detached": false,
          "destroyed": false,
          "url": "file:///Users/friday/.hermes/profiles/friday/cache/scratch/T17-v6/tmp/T17-real-electron-1nSbci/.vite/build/offline.html?error=server",
          "processId": 5,
          "routingId": 1
        }
      },
      {
        "fixture": 1,
        "action": "maximise",
        "document": "offline",
        "byIdSame": true,
        "byTokenSame": true,
        "byId": {
          "id": 1,
          "detached": false,
          "destroyed": false,
          "url": "file:///Users/friday/.hermes/profiles/friday/cache/scratch/T17-v6/tmp/T17-real-electron-1nSbci/.vite/build/offline.html?error=server",
          "processId": 5,
          "routingId": 1
        },
        "byToken": {
          "id": 1,
          "detached": false,
          "destroyed": false,
          "url": "file:///Users/friday/.hermes/profiles/friday/cache/scratch/T17-v6/tmp/T17-real-electron-1nSbci/.vite/build/offline.html?error=server",
          "processId": 5,
          "routingId": 1
        },
        "hosted": false,
        "offline": true,
        "self": true,
        "sameContents": true,
        "sameFrame": true,
        "detached": false,
        "sender": {
          "id": 1,
          "detached": false,
          "destroyed": false,
          "url": "file:///Users/friday/.hermes/profiles/friday/cache/scratch/T17-v6/tmp/T17-real-electron-1nSbci/.vite/build/offline.html?error=server",
          "processId": 5,
          "routingId": 1
        },
        "current": {
          "id": 1,
          "detached": false,
          "destroyed": false,
          "url": "file:///Users/friday/.hermes/profiles/friday/cache/scratch/T17-v6/tmp/T17-real-electron-1nSbci/.vite/build/offline.html?error=server",
          "processId": 5,
          "routingId": 1
        }
      },
      {
        "fixture": 1,
        "action": "minimise",
        "document": "offline",
        "byIdSame": true,
        "byTokenSame": true,
        "byId": {
          "id": 1,
          "detached": false,
          "destroyed": false,
          "url": "file:///Users/friday/.hermes/profiles/friday/cache/scratch/T17-v6/tmp/T17-real-electron-1nSbci/.vite/build/offline.html?error=server",
          "processId": 5,
          "routingId": 1
        },
        "byToken": {
          "id": 1,
          "detached": false,
          "destroyed": false,
          "url": "file:///Users/friday/.hermes/profiles/friday/cache/scratch/T17-v6/tmp/T17-real-electron-1nSbci/.vite/build/offline.html?error=server",
          "processId": 5,
          "routingId": 1
        },
        "hosted": false,
        "offline": true,
        "self": true,
        "sameContents": true,
        "sameFrame": true,
        "detached": false,
        "sender": {
          "id": 1,
          "detached": false,
          "destroyed": false,
          "url": "file:///Users/friday/.hermes/profiles/friday/cache/scratch/T17-v6/tmp/T17-real-electron-1nSbci/.vite/build/offline.html?error=server",
          "processId": 5,
          "routingId": 1
        },
        "current": {
          "id": 1,
          "detached": false,
          "destroyed": false,
          "url": "file:///Users/friday/.hermes/profiles/friday/cache/scratch/T17-v6/tmp/T17-real-electron-1nSbci/.vite/build/offline.html?error=server",
          "processId": 5,
          "routingId": 1
        }
      },
      {
        "fixture": 1,
        "action": "close",
        "document": "offline",
        "byIdSame": true,
        "byTokenSame": true,
        "byId": {
          "id": 1,
          "detached": false,
          "destroyed": false,
          "url": "file:///Users/friday/.hermes/profiles/friday/cache/scratch/T17-v6/tmp/T17-real-electron-1nSbci/.vite/build/offline.html?error=server",
          "processId": 5,
          "routingId": 1
        },
        "byToken": {
          "id": 1,
          "detached": false,
          "destroyed": false,
          "url": "file:///Users/friday/.hermes/profiles/friday/cache/scratch/T17-v6/tmp/T17-real-electron-1nSbci/.vite/build/offline.html?error=server",
          "processId": 5,
          "routingId": 1
        },
        "hosted": false,
        "offline": true,
        "self": true,
        "sameContents": true,
        "sameFrame": true,
        "detached": false,
        "sender": {
          "id": 1,
          "detached": false,
          "destroyed": false,
          "url": "file:///Users/friday/.hermes/profiles/friday/cache/scratch/T17-v6/tmp/T17-real-electron-1nSbci/.vite/build/offline.html?error=server",
          "processId": 5,
          "routingId": 1
        },
        "current": {
          "id": 1,
          "detached": false,
          "destroyed": false,
          "url": "file:///Users/friday/.hermes/profiles/friday/cache/scratch/T17-v6/tmp/T17-real-electron-1nSbci/.vite/build/offline.html?error=server",
          "processId": 5,
          "routingId": 1
        }
      },
      {
        "fixture": 2,
        "action": "maximise",
        "document": "hosted-restored",
        "byIdSame": true,
        "byTokenSame": true,
        "byId": {
          "id": 2,
          "detached": false,
          "destroyed": false,
          "url": "http://127.0.0.1:49270/app?configured=1",
          "processId": 8,
          "routingId": 4
        },
        "byToken": {
          "id": 2,
          "detached": false,
          "destroyed": false,
          "url": "http://127.0.0.1:49270/app?configured=1",
          "processId": 8,
          "routingId": 4
        },
        "hosted": true,
        "offline": false,
        "self": false,
        "sameContents": true,
        "sameFrame": true,
        "detached": false,
        "sender": {
          "id": 2,
          "detached": false,
          "destroyed": false,
          "url": "http://127.0.0.1:49270/app?configured=1",
          "processId": 8,
          "routingId": 4
        },
        "current": {
          "id": 2,
          "detached": false,
          "destroyed": false,
          "url": "http://127.0.0.1:49270/app?configured=1",
          "processId": 8,
          "routingId": 4
        }
      },
      {
        "fixture": 2,
        "action": "maximise",
        "document": "hosted-restored",
        "byIdSame": true,
        "byTokenSame": true,
        "byId": {
          "id": 2,
          "detached": false,
          "destroyed": false,
          "url": "http://127.0.0.1:49270/app?configured=1",
          "processId": 8,
          "routingId": 4
        },
        "byToken": {
          "id": 2,
          "detached": false,
          "destroyed": false,
          "url": "http://127.0.0.1:49270/app?configured=1",
          "processId": 8,
          "routingId": 4
        },
        "hosted": true,
        "offline": false,
        "self": false,
        "sameContents": true,
        "sameFrame": true,
        "detached": false,
        "sender": {
          "id": 2,
          "detached": false,
          "destroyed": false,
          "url": "http://127.0.0.1:49270/app?configured=1",
          "processId": 8,
          "routingId": 4
        },
        "current": {
          "id": 2,
          "detached": false,
          "destroyed": false,
          "url": "http://127.0.0.1:49270/app?configured=1",
          "processId": 8,
          "routingId": 4
        }
      },
      {
        "fixture": 2,
        "action": "minimise",
        "document": "hosted-restored",
        "byIdSame": true,
        "byTokenSame": true,
        "byId": {
          "id": 2,
          "detached": false,
          "destroyed": false,
          "url": "http://127.0.0.1:49270/app?configured=1",
          "processId": 8,
          "routingId": 4
        },
        "byToken": {
          "id": 2,
          "detached": false,
          "destroyed": false,
          "url": "http://127.0.0.1:49270/app?configured=1",
          "processId": 8,
          "routingId": 4
        },
        "hosted": true,
        "offline": false,
        "self": false,
        "sameContents": true,
        "sameFrame": true,
        "detached": false,
        "sender": {
          "id": 2,
          "detached": false,
          "destroyed": false,
          "url": "http://127.0.0.1:49270/app?configured=1",
          "processId": 8,
          "routingId": 4
        },
        "current": {
          "id": 2,
          "detached": false,
          "destroyed": false,
          "url": "http://127.0.0.1:49270/app?configured=1",
          "processId": 8,
          "routingId": 4
        }
      },
      {
        "fixture": 2,
        "action": "close",
        "document": "hosted-restored",
        "byIdSame": true,
        "byTokenSame": true,
        "byId": {
          "id": 2,
          "detached": false,
          "destroyed": false,
          "url": "http://127.0.0.1:49270/app?configured=1",
          "processId": 8,
          "routingId": 4
        },
        "byToken": {
          "id": 2,
          "detached": false,
          "destroyed": false,
          "url": "http://127.0.0.1:49270/app?configured=1",
          "processId": 8,
          "routingId": 4
        },
        "hosted": true,
        "offline": false,
        "self": false,
        "sameContents": true,
        "sameFrame": true,
        "detached": false,
        "sender": {
          "id": 2,
          "detached": false,
          "destroyed": false,
          "url": "http://127.0.0.1:49270/app?configured=1",
          "processId": 8,
          "routingId": 4
        },
        "current": {
          "id": 2,
          "detached": false,
          "destroyed": false,
          "url": "http://127.0.0.1:49270/app?configured=1",
          "processId": 8,
          "routingId": 4
        }
      }
    ],
    "captionActions": [
      {
        "action": "maximise",
        "document": "offline",
        "delivered": true,
        "tuple": {
          "fixture": 1,
          "action": "maximise",
          "document": "offline",
          "byIdSame": true,
          "byTokenSame": true,
          "byId": {
            "id": 1,
            "detached": false,
            "destroyed": false,
            "url": "file:///Users/friday/.hermes/profiles/friday/cache/scratch/T17-v6/tmp/T17-real-electron-1nSbci/.vite/build/offline.html?error=server",
            "processId": 5,
            "routingId": 1
          },
          "byToken": {
            "id": 1,
            "detached": false,
            "destroyed": false,
            "url": "file:///Users/friday/.hermes/profiles/friday/cache/scratch/T17-v6/tmp/T17-real-electron-1nSbci/.vite/build/offline.html?error=server",
            "processId": 5,
            "routingId": 1
          },
          "hosted": false,
          "offline": true,
          "self": true,
          "sameContents": true,
          "sameFrame": true,
          "detached": false,
          "sender": {
            "id": 1,
            "detached": false,
            "destroyed": false,
            "url": "file:///Users/friday/.hermes/profiles/friday/cache/scratch/T17-v6/tmp/T17-real-electron-1nSbci/.vite/build/offline.html?error=server",
            "processId": 5,
            "routingId": 1
          },
          "current": {
            "id": 1,
            "detached": false,
            "destroyed": false,
            "url": "file:///Users/friday/.hermes/profiles/friday/cache/scratch/T17-v6/tmp/T17-real-electron-1nSbci/.vite/build/offline.html?error=server",
            "processId": 5,
            "routingId": 1
          }
        },
        "native": true,
        "error": null,
        "nativeEvents": [
          "maximize"
        ]
      },
      {
        "action": "maximise",
        "document": "offline",
        "delivered": true,
        "tuple": {
          "fixture": 1,
          "action": "maximise",
          "document": "offline",
          "byIdSame": true,
          "byTokenSame": true,
          "byId": {
            "id": 1,
            "detached": false,
            "destroyed": false,
            "url": "file:///Users/friday/.hermes/profiles/friday/cache/scratch/T17-v6/tmp/T17-real-electron-1nSbci/.vite/build/offline.html?error=server",
            "processId": 5,
            "routingId": 1
          },
          "byToken": {
            "id": 1,
            "detached": false,
            "destroyed": false,
            "url": "file:///Users/friday/.hermes/profiles/friday/cache/scratch/T17-v6/tmp/T17-real-electron-1nSbci/.vite/build/offline.html?error=server",
            "processId": 5,
            "routingId": 1
          },
          "hosted": false,
          "offline": true,
          "self": true,
          "sameContents": true,
          "sameFrame": true,
          "detached": false,
          "sender": {
            "id": 1,
            "detached": false,
            "destroyed": false,
            "url": "file:///Users/friday/.hermes/profiles/friday/cache/scratch/T17-v6/tmp/T17-real-electron-1nSbci/.vite/build/offline.html?error=server",
            "processId": 5,
            "routingId": 1
          },
          "current": {
            "id": 1,
            "detached": false,
            "destroyed": false,
            "url": "file:///Users/friday/.hermes/profiles/friday/cache/scratch/T17-v6/tmp/T17-real-electron-1nSbci/.vite/build/offline.html?error=server",
            "processId": 5,
            "routingId": 1
          }
        },
        "native": true,
        "error": null,
        "nativeEvents": [
          "unmaximize"
        ]
      },
      {
        "action": "minimise",
        "document": "offline",
        "delivered": true,
        "tuple": {
          "fixture": 1,
          "action": "minimise",
          "document": "offline",
          "byIdSame": true,
          "byTokenSame": true,
          "byId": {
            "id": 1,
            "detached": false,
            "destroyed": false,
            "url": "file:///Users/friday/.hermes/profiles/friday/cache/scratch/T17-v6/tmp/T17-real-electron-1nSbci/.vite/build/offline.html?error=server",
            "processId": 5,
            "routingId": 1
          },
          "byToken": {
            "id": 1,
            "detached": false,
            "destroyed": false,
            "url": "file:///Users/friday/.hermes/profiles/friday/cache/scratch/T17-v6/tmp/T17-real-electron-1nSbci/.vite/build/offline.html?error=server",
            "processId": 5,
            "routingId": 1
          },
          "hosted": false,
          "offline": true,
          "self": true,
          "sameContents": true,
          "sameFrame": true,
          "detached": false,
          "sender": {
            "id": 1,
            "detached": false,
            "destroyed": false,
            "url": "file:///Users/friday/.hermes/profiles/friday/cache/scratch/T17-v6/tmp/T17-real-electron-1nSbci/.vite/build/offline.html?error=server",
            "processId": 5,
            "routingId": 1
          },
          "current": {
            "id": 1,
            "detached": false,
            "destroyed": false,
            "url": "file:///Users/friday/.hermes/profiles/friday/cache/scratch/T17-v6/tmp/T17-real-electron-1nSbci/.vite/build/offline.html?error=server",
            "processId": 5,
            "routingId": 1
          }
        },
        "native": true,
        "error": null,
        "nativeEvents": [
          "minimize"
        ]
      },
      {
        "action": "close",
        "document": "offline",
        "delivered": true,
        "tuple": {
          "fixture": 1,
          "action": "close",
          "document": "offline",
          "byIdSame": true,
          "byTokenSame": true,
          "byId": {
            "id": 1,
            "detached": false,
            "destroyed": false,
            "url": "file:///Users/friday/.hermes/profiles/friday/cache/scratch/T17-v6/tmp/T17-real-electron-1nSbci/.vite/build/offline.html?error=server",
            "processId": 5,
            "routingId": 1
          },
          "byToken": {
            "id": 1,
            "detached": false,
            "destroyed": false,
            "url": "file:///Users/friday/.hermes/profiles/friday/cache/scratch/T17-v6/tmp/T17-real-electron-1nSbci/.vite/build/offline.html?error=server",
            "processId": 5,
            "routingId": 1
          },
          "hosted": false,
          "offline": true,
          "self": true,
          "sameContents": true,
          "sameFrame": true,
          "detached": false,
          "sender": {
            "id": 1,
            "detached": false,
            "destroyed": false,
            "url": "file:///Users/friday/.hermes/profiles/friday/cache/scratch/T17-v6/tmp/T17-real-electron-1nSbci/.vite/build/offline.html?error=server",
            "processId": 5,
            "routingId": 1
          },
          "current": {
            "id": 1,
            "detached": false,
            "destroyed": false,
            "url": "file:///Users/friday/.hermes/profiles/friday/cache/scratch/T17-v6/tmp/T17-real-electron-1nSbci/.vite/build/offline.html?error=server",
            "processId": 5,
            "routingId": 1
          }
        },
        "native": true,
        "error": null,
        "nativeEvents": [
          "close",
          "closed"
        ]
      },
      {
        "action": "maximise",
        "document": "hosted-restored",
        "delivered": true,
        "tuple": {
          "fixture": 2,
          "action": "maximise",
          "document": "hosted-restored",
          "byIdSame": true,
          "byTokenSame": true,
          "byId": {
            "id": 2,
            "detached": false,
            "destroyed": false,
            "url": "http://127.0.0.1:49270/app?configured=1",
            "processId": 8,
            "routingId": 4
          },
          "byToken": {
            "id": 2,
            "detached": false,
            "destroyed": false,
            "url": "http://127.0.0.1:49270/app?configured=1",
            "processId": 8,
            "routingId": 4
          },
          "hosted": true,
          "offline": false,
          "self": false,
          "sameContents": true,
          "sameFrame": true,
          "detached": false,
          "sender": {
            "id": 2,
            "detached": false,
            "destroyed": false,
            "url": "http://127.0.0.1:49270/app?configured=1",
            "processId": 8,
            "routingId": 4
          },
          "current": {
            "id": 2,
            "detached": false,
            "destroyed": false,
            "url": "http://127.0.0.1:49270/app?configured=1",
            "processId": 8,
            "routingId": 4
          }
        },
        "native": true,
        "error": null,
        "nativeEvents": [
          "maximize"
        ]
      },
      {
        "action": "maximise",
        "document": "hosted-restored",
        "delivered": true,
        "tuple": {
          "fixture": 2,
          "action": "maximise",
          "document": "hosted-restored",
          "byIdSame": true,
          "byTokenSame": true,
          "byId": {
            "id": 2,
            "detached": false,
            "destroyed": false,
            "url": "http://127.0.0.1:49270/app?configured=1",
            "processId": 8,
            "routingId": 4
          },
          "byToken": {
            "id": 2,
            "detached": false,
            "destroyed": false,
            "url": "http://127.0.0.1:49270/app?configured=1",
            "processId": 8,
            "routingId": 4
          },
          "hosted": true,
          "offline": false,
          "self": false,
          "sameContents": true,
          "sameFrame": true,
          "detached": false,
          "sender": {
            "id": 2,
            "detached": false,
            "destroyed": false,
            "url": "http://127.0.0.1:49270/app?configured=1",
            "processId": 8,
            "routingId": 4
          },
          "current": {
            "id": 2,
            "detached": false,
            "destroyed": false,
            "url": "http://127.0.0.1:49270/app?configured=1",
            "processId": 8,
            "routingId": 4
          }
        },
        "native": true,
        "error": null,
        "nativeEvents": [
          "unmaximize"
        ]
      },
      {
        "action": "minimise",
        "document": "hosted-restored",
        "delivered": true,
        "tuple": {
          "fixture": 2,
          "action": "minimise",
          "document": "hosted-restored",
          "byIdSame": true,
          "byTokenSame": true,
          "byId": {
            "id": 2,
            "detached": false,
            "destroyed": false,
            "url": "http://127.0.0.1:49270/app?configured=1",
            "processId": 8,
            "routingId": 4
          },
          "byToken": {
            "id": 2,
            "detached": false,
            "destroyed": false,
            "url": "http://127.0.0.1:49270/app?configured=1",
            "processId": 8,
            "routingId": 4
          },
          "hosted": true,
          "offline": false,
          "self": false,
          "sameContents": true,
          "sameFrame": true,
          "detached": false,
          "sender": {
            "id": 2,
            "detached": false,
            "destroyed": false,
            "url": "http://127.0.0.1:49270/app?configured=1",
            "processId": 8,
            "routingId": 4
          },
          "current": {
            "id": 2,
            "detached": false,
            "destroyed": false,
            "url": "http://127.0.0.1:49270/app?configured=1",
            "processId": 8,
            "routingId": 4
          }
        },
        "native": true,
        "error": null,
        "nativeEvents": [
          "minimize"
        ]
      },
      {
        "action": "close",
        "document": "hosted-restored",
        "delivered": true,
        "tuple": {
          "fixture": 2,
          "action": "close",
          "document": "hosted-restored",
          "byIdSame": true,
          "byTokenSame": true,
          "byId": {
            "id": 2,
            "detached": false,
            "destroyed": false,
            "url": "http://127.0.0.1:49270/app?configured=1",
            "processId": 8,
            "routingId": 4
          },
          "byToken": {
            "id": 2,
            "detached": false,
            "destroyed": false,
            "url": "http://127.0.0.1:49270/app?configured=1",
            "processId": 8,
            "routingId": 4
          },
          "hosted": true,
          "offline": false,
          "self": false,
          "sameContents": true,
          "sameFrame": true,
          "detached": false,
          "sender": {
            "id": 2,
            "detached": false,
            "destroyed": false,
            "url": "http://127.0.0.1:49270/app?configured=1",
            "processId": 8,
            "routingId": 4
          },
          "current": {
            "id": 2,
            "detached": false,
            "destroyed": false,
            "url": "http://127.0.0.1:49270/app?configured=1",
            "processId": 8,
            "routingId": 4
          }
        },
        "native": true,
        "error": null,
        "nativeEvents": [
          "close",
          "closed"
        ]
      }
    ],
    "characterization": {
      "manualRetry": {
        "worked": true,
        "elapsed": 1008,
        "hitsBefore": 2,
        "hitsAfter": 3,
        "requests": [
          "http://127.0.0.1:49270/app?configured=1"
        ],
        "automaticRetryPaused": true,
        "intents": [
          {
            "action": "Retry",
            "destination": "file:///Users/friday/.hermes/profiles/friday/cache/scratch/T17-v6/tmp/T17-real-electron-1nSbci/.vite/build/offline.html?error=server&retry=1",
            "defaultPrevented": true,
            "hosted": false,
            "offline": true,
            "self": true,
            "sameContents": true,
            "sameFrame": true,
            "eventFrameSame": true,
            "isMainFrame": true,
            "detached": false,
            "current": {
              "id": 2,
              "detached": false,
              "destroyed": false,
              "url": "file:///Users/friday/.hermes/profiles/friday/cache/scratch/T17-v6/tmp/T17-real-electron-1nSbci/.vite/build/offline.html?error=server",
              "processId": 7,
              "routingId": 1
            }
          }
        ]
      },
      "hostedRestoration": {
        "mechanism": "manual Retry",
        "url": "http://127.0.0.1:49270/app?configured=1",
        "frame": {
          "id": 2,
          "detached": false,
          "destroyed": false,
          "url": "http://127.0.0.1:49270/app?configured=1",
          "processId": 8,
          "routingId": 4
        }
      },
      "hostedCaptionsAuthorized": true,
      "stopBeforeReadyUpdate": false
    },
    "retryIntents": [
      {
        "action": "Retry",
        "destination": "file:///Users/friday/.hermes/profiles/friday/cache/scratch/T17-v6/tmp/T17-real-electron-1nSbci/.vite/build/offline.html?error=server&retry=1",
        "defaultPrevented": true,
        "hosted": false,
        "offline": true,
        "self": true,
        "sameContents": true,
        "sameFrame": true,
        "eventFrameSame": true,
        "isMainFrame": true,
        "detached": false,
        "current": {
          "id": 2,
          "detached": false,
          "destroyed": false,
          "url": "file:///Users/friday/.hermes/profiles/friday/cache/scratch/T17-v6/tmp/T17-real-electron-1nSbci/.vite/build/offline.html?error=server",
          "processId": 7,
          "routingId": 1
        }
      }
    ],
    "frameStates": [
      {
        "event": "did-start-navigation",
        "fixture": 1,
        "frame": {
          "id": 1,
          "detached": false,
          "destroyed": false,
          "url": "",
          "processId": 4,
          "routingId": 1
        }
      },
      {
        "event": "did-navigate",
        "fixture": 1,
        "frame": {
          "id": 1,
          "detached": false,
          "destroyed": false,
          "url": "http://127.0.0.1:49270/app?configured=1",
          "processId": 4,
          "routingId": 1
        }
      },
      {
        "event": "dom-ready",
        "fixture": 1,
        "frame": {
          "id": 1,
          "detached": false,
          "destroyed": false,
          "url": "http://127.0.0.1:49270/app?configured=1",
          "processId": 4,
          "routingId": 1
        }
      },
      {
        "event": "did-finish-load",
        "fixture": 1,
        "frame": {
          "id": 1,
          "detached": false,
          "destroyed": false,
          "url": "http://127.0.0.1:49270/app?configured=1",
          "processId": 4,
          "routingId": 1
        }
      },
      {
        "event": "did-start-navigation",
        "fixture": 1,
        "frame": {
          "id": 1,
          "detached": false,
          "destroyed": false,
          "url": "",
          "processId": 5,
          "routingId": 1
        }
      },
      {
        "event": "render-process-gone",
        "fixture": 1,
        "frame": {
          "id": 1,
          "detached": false,
          "destroyed": false,
          "url": "",
          "processId": 5,
          "routingId": 1
        }
      },
      {
        "event": "did-navigate",
        "fixture": 1,
        "frame": {
          "id": 1,
          "detached": false,
          "destroyed": false,
          "url": "file:///Users/friday/.hermes/profiles/friday/cache/scratch/T17-v6/tmp/T17-real-electron-1nSbci/.vite/build/offline.html?error=server",
          "processId": 5,
          "routingId": 1
        }
      },
      {
        "event": "dom-ready",
        "fixture": 1,
        "frame": {
          "id": 1,
          "detached": false,
          "destroyed": false,
          "url": "file:///Users/friday/.hermes/profiles/friday/cache/scratch/T17-v6/tmp/T17-real-electron-1nSbci/.vite/build/offline.html?error=server",
          "processId": 5,
          "routingId": 1
        }
      },
      {
        "event": "did-finish-load",
        "fixture": 1,
        "frame": {
          "id": 1,
          "detached": false,
          "destroyed": false,
          "url": "file:///Users/friday/.hermes/profiles/friday/cache/scratch/T17-v6/tmp/T17-real-electron-1nSbci/.vite/build/offline.html?error=server",
          "processId": 5,
          "routingId": 1
        }
      },
      {
        "event": "did-start-navigation",
        "fixture": 2,
        "frame": {
          "id": 2,
          "detached": false,
          "destroyed": false,
          "url": "",
          "processId": 6,
          "routingId": 1
        }
      },
      {
        "event": "did-navigate",
        "fixture": 2,
        "frame": {
          "id": 2,
          "detached": false,
          "destroyed": false,
          "url": "http://127.0.0.1:49270/app?configured=1",
          "processId": 6,
          "routingId": 1
        }
      },
      {
        "event": "dom-ready",
        "fixture": 2,
        "frame": {
          "id": 2,
          "detached": false,
          "destroyed": false,
          "url": "http://127.0.0.1:49270/app?configured=1",
          "processId": 6,
          "routingId": 1
        }
      },
      {
        "event": "did-finish-load",
        "fixture": 2,
        "frame": {
          "id": 2,
          "detached": false,
          "destroyed": false,
          "url": "http://127.0.0.1:49270/app?configured=1",
          "processId": 6,
          "routingId": 1
        }
      },
      {
        "event": "did-start-navigation",
        "fixture": 2,
        "frame": {
          "id": 2,
          "detached": false,
          "destroyed": false,
          "url": "",
          "processId": 7,
          "routingId": 1
        }
      },
      {
        "event": "render-process-gone",
        "fixture": 2,
        "frame": {
          "id": 2,
          "detached": false,
          "destroyed": false,
          "url": "",
          "processId": 7,
          "routingId": 1
        }
      },
      {
        "event": "did-navigate",
        "fixture": 2,
        "frame": {
          "id": 2,
          "detached": false,
          "destroyed": false,
          "url": "file:///Users/friday/.hermes/profiles/friday/cache/scratch/T17-v6/tmp/T17-real-electron-1nSbci/.vite/build/offline.html?error=server",
          "processId": 7,
          "routingId": 1
        }
      },
      {
        "event": "dom-ready",
        "fixture": 2,
        "frame": {
          "id": 2,
          "detached": false,
          "destroyed": false,
          "url": "file:///Users/friday/.hermes/profiles/friday/cache/scratch/T17-v6/tmp/T17-real-electron-1nSbci/.vite/build/offline.html?error=server",
          "processId": 7,
          "routingId": 1
        }
      },
      {
        "event": "did-finish-load",
        "fixture": 2,
        "frame": {
          "id": 2,
          "detached": false,
          "destroyed": false,
          "url": "file:///Users/friday/.hermes/profiles/friday/cache/scratch/T17-v6/tmp/T17-real-electron-1nSbci/.vite/build/offline.html?error=server",
          "processId": 7,
          "routingId": 1
        }
      },
      {
        "event": "did-start-navigation",
        "fixture": 2,
        "frame": {
          "id": 2,
          "detached": false,
          "destroyed": false,
          "url": "file:///Users/friday/.hermes/profiles/friday/cache/scratch/T17-v6/tmp/T17-real-electron-1nSbci/.vite/build/offline.html?error=server",
          "processId": 7,
          "routingId": 1
        }
      },
      {
        "event": "did-start-navigation",
        "fixture": 2,
        "frame": {
          "id": 2,
          "detached": false,
          "destroyed": false,
          "url": "file:///Users/friday/.hermes/profiles/friday/cache/scratch/T17-v6/tmp/T17-real-electron-1nSbci/.vite/build/offline.html?error=server",
          "processId": 7,
          "routingId": 1
        }
      },
      {
        "event": "did-navigate",
        "fixture": 2,
        "frame": {
          "id": 2,
          "detached": false,
          "destroyed": false,
          "url": "http://127.0.0.1:49270/app?configured=1",
          "processId": 8,
          "routingId": 4
        }
      },
      {
        "event": "dom-ready",
        "fixture": 2,
        "frame": {
          "id": 2,
          "detached": false,
          "destroyed": false,
          "url": "http://127.0.0.1:49270/app?configured=1",
          "processId": 8,
          "routingId": 4
        }
      },
      {
        "event": "did-finish-load",
        "fixture": 2,
        "frame": {
          "id": 2,
          "detached": false,
          "destroyed": false,
          "url": "http://127.0.0.1:49270/app?configured=1",
          "processId": 8,
          "routingId": 4
        }
      }
    ],
    "electron": "44.5.1",
    "modules": "149",
    "host": "darwin",
    "presentation": "darwin",
    "finalPage": {
      "title": "Recovered",
      "heading": "Recovered without restart",
      "platform": "darwin",
      "width": 900,
      "height": 600,
      "scrollWidth": 900,
      "bodyWidth": 884,
      "background": "rgba(0, 0, 0, 0)",
      "controls": [
        {
          "id": "maximise",
          "width": 72.2890625,
          "height": 21.5
        },
        {
          "id": "minimise",
          "width": 68.5859375,
          "height": 21.5
        },
        {
          "id": "close",
          "width": 50.0859375,
          "height": 21.5
        }
      ]
    },
    "hits": 3,
    "captions": {
      "minimise": 2,
      "maximise": 4,
      "close": 2
    },
    "events": [
      "renderer:killed",
      "maximize",
      "unmaximize",
      "minimize",
      "restore",
      "close",
      "closed",
      "renderer:killed",
      "maximize",
      "unmaximize",
      "minimize",
      "restore",
      "close",
      "closed"
    ],
    "requests": [
      "http://127.0.0.1:49270/app?configured=1",
      "file:///Users/friday/.hermes/profiles/friday/cache/scratch/T17-v6/tmp/T17-real-electron-1nSbci/.vite/build/offline.html?error=server",
      "http://127.0.0.1:49270/app?configured=1",
      "file:///Users/friday/.hermes/profiles/friday/cache/scratch/T17-v6/tmp/T17-real-electron-1nSbci/.vite/build/offline.html?error=server",
      "http://127.0.0.1:49270/app?configured=1"
    ],
    "consoleMessages": [],
    "failures": [],
    "emittedBytes": 4933,
    "emittedFile": "/Users/friday/.hermes/profiles/friday/cache/scratch/T17-v6/tmp/T17-real-electron-1nSbci/.vite/build/offline.html",
    "scope": "Isolated Electron harness only. Windows presentation simulated on macOS; not installed Windows/Linux runtime acceptance."
  }
}
AUTHORIZATION {"scenario":"crash-native-os","mode":"darwin","fixture":1,"action":"maximise","document":"offline","byIdSame":true,"byTokenSame":true,"byId":{"id":1,"detached":false,"destroyed":false,"url":"file:///Users/friday/.hermes/profiles/friday/cache/scratch/T17-v6/tmp/T17-real-electron-1nSbci/.vite/build/offline.html?error=server","processId":5,"routingId":1},"byToken":{"id":1,"detached":false,"destroyed":false,"url":"file:///Users/friday/.hermes/profiles/friday/cache/scratch/T17-v6/tmp/T17-real-electron-1nSbci/.vite/build/offline.html?error=server","processId":5,"routingId":1},"hosted":false,"offline":true,"self":true,"sameContents":true,"sameFrame":true,"detached":false,"sender":{"id":1,"detached":false,"destroyed":false,"url":"file:///Users/friday/.hermes/profiles/friday/cache/scratch/T17-v6/tmp/T17-real-electron-1nSbci/.vite/build/offline.html?error=server","processId":5,"routingId":1},"current":{"id":1,"detached":false,"destroyed":false,"url":"file:///Users/friday/.hermes/profiles/friday/cache/scratch/T17-v6/tmp/T17-real-electron-1nSbci/.vite/build/offline.html?error=server","processId":5,"routingId":1}}
AUTHORIZATION {"scenario":"crash-native-os","mode":"darwin","fixture":1,"action":"maximise","document":"offline","byIdSame":true,"byTokenSame":true,"byId":{"id":1,"detached":false,"destroyed":false,"url":"file:///Users/friday/.hermes/profiles/friday/cache/scratch/T17-v6/tmp/T17-real-electron-1nSbci/.vite/build/offline.html?error=server","processId":5,"routingId":1},"byToken":{"id":1,"detached":false,"destroyed":false,"url":"file:///Users/friday/.hermes/profiles/friday/cache/scratch/T17-v6/tmp/T17-real-electron-1nSbci/.vite/build/offline.html?error=server","processId":5,"routingId":1},"hosted":false,"offline":true,"self":true,"sameContents":true,"sameFrame":true,"detached":false,"sender":{"id":1,"detached":false,"destroyed":false,"url":"file:///Users/friday/.hermes/profiles/friday/cache/scratch/T17-v6/tmp/T17-real-electron-1nSbci/.vite/build/offline.html?error=server","processId":5,"routingId":1},"current":{"id":1,"detached":false,"destroyed":false,"url":"file:///Users/friday/.hermes/profiles/friday/cache/scratch/T17-v6/tmp/T17-real-electron-1nSbci/.vite/build/offline.html?error=server","processId":5,"routingId":1}}
AUTHORIZATION {"scenario":"crash-native-os","mode":"darwin","fixture":1,"action":"minimise","document":"offline","byIdSame":true,"byTokenSame":true,"byId":{"id":1,"detached":false,"destroyed":false,"url":"file:///Users/friday/.hermes/profiles/friday/cache/scratch/T17-v6/tmp/T17-real-electron-1nSbci/.vite/build/offline.html?error=server","processId":5,"routingId":1},"byToken":{"id":1,"detached":false,"destroyed":false,"url":"file:///Users/friday/.hermes/profiles/friday/cache/scratch/T17-v6/tmp/T17-real-electron-1nSbci/.vite/build/offline.html?error=server","processId":5,"routingId":1},"hosted":false,"offline":true,"self":true,"sameContents":true,"sameFrame":true,"detached":false,"sender":{"id":1,"detached":false,"destroyed":false,"url":"file:///Users/friday/.hermes/profiles/friday/cache/scratch/T17-v6/tmp/T17-real-electron-1nSbci/.vite/build/offline.html?error=server","processId":5,"routingId":1},"current":{"id":1,"detached":false,"destroyed":false,"url":"file:///Users/friday/.hermes/profiles/friday/cache/scratch/T17-v6/tmp/T17-real-electron-1nSbci/.vite/build/offline.html?error=server","processId":5,"routingId":1}}
AUTHORIZATION {"scenario":"crash-native-os","mode":"darwin","fixture":1,"action":"close","document":"offline","byIdSame":true,"byTokenSame":true,"byId":{"id":1,"detached":false,"destroyed":false,"url":"file:///Users/friday/.hermes/profiles/friday/cache/scratch/T17-v6/tmp/T17-real-electron-1nSbci/.vite/build/offline.html?error=server","processId":5,"routingId":1},"byToken":{"id":1,"detached":false,"destroyed":false,"url":"file:///Users/friday/.hermes/profiles/friday/cache/scratch/T17-v6/tmp/T17-real-electron-1nSbci/.vite/build/offline.html?error=server","processId":5,"routingId":1},"hosted":false,"offline":true,"self":true,"sameContents":true,"sameFrame":true,"detached":false,"sender":{"id":1,"detached":false,"destroyed":false,"url":"file:///Users/friday/.hermes/profiles/friday/cache/scratch/T17-v6/tmp/T17-real-electron-1nSbci/.vite/build/offline.html?error=server","processId":5,"routingId":1},"current":{"id":1,"detached":false,"destroyed":false,"url":"file:///Users/friday/.hermes/profiles/friday/cache/scratch/T17-v6/tmp/T17-real-electron-1nSbci/.vite/build/offline.html?error=server","processId":5,"routingId":1}}
PASS {"result":"PASS","exit":0,"knownGaps":[],"hardFailures":[]}


{
  "mode": "darwin",
  "scenario": "crash-native-os",
  "exit": 0,
  "emittedSHA256": "33aba3c676f65b56a45ffcc3dde2a16c75846636717ca280087940f00c0ed712",
  "receipt": {
    "passed": true,
    "result": "PASS",
    "exit": 0,
    "knownGaps": [],
    "hardFailures": [],
    "scenario": "crash-native-os",
    "port": 49270,
    "fixtures": [
      {
        "id": 1,
        "contentsId": 1,
        "purpose": "offline-caption-lifetime",
        "closedByCaption": true
      },
      {
        "id": 2,
        "contentsId": 2,
        "purpose": "crash-native-os-independent-lifetime"
      }
    ],
    "authorization": [
      {
        "fixture": 1,
        "action": "maximise",
        "document": "offline",
        "byIdSame": true,
        "byTokenSame": true,
        "byId": {
          "id": 1,
          "detached": false,
          "destroyed": false,
          "url": "file:///Users/friday/.hermes/profiles/friday/cache/scratch/T17-v6/tmp/T17-real-electron-1nSbci/.vite/build/offline.html?error=server",
          "processId": 5,
          "routingId": 1
        },
        "byToken": {
          "id": 1,
          "detached": false,
          "destroyed": false,
          "url": "file:///Users/friday/.hermes/profiles/friday/cache/scratch/T17-v6/tmp/T17-real-electron-1nSbci/.vite/build/offline.html?error=server",
          "processId": 5,
          "routingId": 1
        },
        "hosted": false,
        "offline": true,
        "self": true,
        "sameContents": true,
        "sameFrame": true,
        "detached": false,
        "sender": {
          "id": 1,
          "detached": false,
          "destroyed": false,
          "url": "file:///Users/friday/.hermes/profiles/friday/cache/scratch/T17-v6/tmp/T17-real-electron-1nSbci/.vite/build/offline.html?error=server",
          "processId": 5,
          "routingId": 1
        },
        "current": {
          "id": 1,
          "detached": false,
          "destroyed": false,
          "url": "file:///Users/friday/.hermes/profiles/friday/cache/scratch/T17-v6/tmp/T17-real-electron-1nSbci/.vite/build/offline.html?error=server",
          "processId": 5,
          "routingId": 1
        }
      },
      {
        "fixture": 1,
        "action": "maximise",
        "document": "offline",
        "byIdSame": true,
        "byTokenSame": true,
        "byId": {
          "id": 1,
          "detached": false,
          "destroyed": false,
          "url": "file:///Users/friday/.hermes/profiles/friday/cache/scratch/T17-v6/tmp/T17-real-electron-1nSbci/.vite/build/offline.html?error=server",
          "processId": 5,
          "routingId": 1
        },
        "byToken": {
          "id": 1,
          "detached": false,
          "destroyed": false,
          "url": "file:///Users/friday/.hermes/profiles/friday/cache/scratch/T17-v6/tmp/T17-real-electron-1nSbci/.vite/build/offline.html?error=server",
          "processId": 5,
          "routingId": 1
        },
        "hosted": false,
        "offline": true,
        "self": true,
        "sameContents": true,
        "sameFrame": true,
        "detached": false,
        "sender": {
          "id": 1,
          "detached": false,
          "destroyed": false,
          "url": "file:///Users/friday/.hermes/profiles/friday/cache/scratch/T17-v6/tmp/T17-real-electron-1nSbci/.vite/build/offline.html?error=server",
          "processId": 5,
          "routingId": 1
        },
        "current": {
          "id": 1,
          "detached": false,
          "destroyed": false,
          "url": "file:///Users/friday/.hermes/profiles/friday/cache/scratch/T17-v6/tmp/T17-real-electron-1nSbci/.vite/build/offline.html?error=server",
          "processId": 5,
          "routingId": 1
        }
      },
      {
        "fixture": 1,
        "action": "minimise",
        "document": "offline",
        "byIdSame": true,
        "byTokenSame": true,
        "byId": {
          "id": 1,
          "detached": false,
          "destroyed": false,
          "url": "file:///Users/friday/.hermes/profiles/friday/cache/scratch/T17-v6/tmp/T17-real-electron-1nSbci/.vite/build/offline.html?error=server",
          "processId": 5,
          "routingId": 1
        },
        "byToken": {
          "id": 1,
          "detached": false,
          "destroyed": false,
          "url": "file:///Users/friday/.hermes/profiles/friday/cache/scratch/T17-v6/tmp/T17-real-electron-1nSbci/.vite/build/offline.html?error=server",
          "processId": 5,
          "routingId": 1
        },
        "hosted": false,
        "offline": true,
        "self": true,
        "sameContents": true,
        "sameFrame": true,
        "detached": false,
        "sender": {
          "id": 1,
          "detached": false,
          "destroyed": false,
          "url": "file:///Users/friday/.hermes/profiles/friday/cache/scratch/T17-v6/tmp/T17-real-electron-1nSbci/.vite/build/offline.html?error=server",
          "processId": 5,
          "routingId": 1
        },
        "current": {
          "id": 1,
          "detached": false,
          "destroyed": false,
          "url": "file:///Users/friday/.hermes/profiles/friday/cache/scratch/T17-v6/tmp/T17-real-electron-1nSbci/.vite/build/offline.html?error=server",
          "processId": 5,
          "routingId": 1
        }
      },
      {
        "fixture": 1,
        "action": "close",
        "document": "offline",
        "byIdSame": true,
        "byTokenSame": true,
        "byId": {
          "id": 1,
          "detached": false,
          "destroyed": false,
          "url": "file:///Users/friday/.hermes/profiles/friday/cache/scratch/T17-v6/tmp/T17-real-electron-1nSbci/.vite/build/offline.html?error=server",
          "processId": 5,
          "routingId": 1
        },
        "byToken": {
          "id": 1,
          "detached": false,
          "destroyed": false,
          "url": "file:///Users/friday/.hermes/profiles/friday/cache/scratch/T17-v6/tmp/T17-real-electron-1nSbci/.vite/build/offline.html?error=server",
          "processId": 5,
          "routingId": 1
        },
        "hosted": false,
        "offline": true,
        "self": true,
        "sameContents": true,
        "sameFrame": true,
        "detached": false,
        "sender": {
          "id": 1,
          "detached": false,
          "destroyed": false,
          "url": "file:///Users/friday/.hermes/profiles/friday/cache/scratch/T17-v6/tmp/T17-real-electron-1nSbci/.vite/build/offline.html?error=server",
          "processId": 5,
          "routingId": 1
        },
        "current": {
          "id": 1,
          "detached": false,
          "destroyed": false,
          "url": "file:///Users/friday/.hermes/profiles/friday/cache/scratch/T17-v6/tmp/T17-real-electron-1nSbci/.vite/build/offline.html?error=server",
          "processId": 5,
          "routingId": 1
        }
      }
    ],
    "captionActions": [
      {
        "action": "maximise",
        "document": "offline",
        "delivered": true,
        "tuple": {
          "fixture": 1,
          "action": "maximise",
          "document": "offline",
          "byIdSame": true,
          "byTokenSame": true,
          "byId": {
            "id": 1,
            "detached": false,
            "destroyed": false,
            "url": "file:///Users/friday/.hermes/profiles/friday/cache/scratch/T17-v6/tmp/T17-real-electron-1nSbci/.vite/build/offline.html?error=server",
            "processId": 5,
            "routingId": 1
          },
          "byToken": {
            "id": 1,
            "detached": false,
            "destroyed": false,
            "url": "file:///Users/friday/.hermes/profiles/friday/cache/scratch/T17-v6/tmp/T17-real-electron-1nSbci/.vite/build/offline.html?error=server",
            "processId": 5,
            "routingId": 1
          },
          "hosted": false,
          "offline": true,
          "self": true,
          "sameContents": true,
          "sameFrame": true,
          "detached": false,
          "sender": {
            "id": 1,
            "detached": false,
            "destroyed": false,
            "url": "file:///Users/friday/.hermes/profiles/friday/cache/scratch/T17-v6/tmp/T17-real-electron-1nSbci/.vite/build/offline.html?error=server",
            "processId": 5,
            "routingId": 1
          },
          "current": {
            "id": 1,
            "detached": false,
            "destroyed": false,
            "url": "file:///Users/friday/.hermes/profiles/friday/cache/scratch/T17-v6/tmp/T17-real-electron-1nSbci/.vite/build/offline.html?error=server",
            "processId": 5,
            "routingId": 1
          }
        },
        "native": true,
        "error": null,
        "nativeEvents": [
          "maximize"
        ]
      },
      {
        "action": "maximise",
        "document": "offline",
        "delivered": true,
        "tuple": {
          "fixture": 1,
          "action": "maximise",
          "document": "offline",
          "byIdSame": true,
          "byTokenSame": true,
          "byId": {
            "id": 1,
            "detached": false,
            "destroyed": false,
            "url": "file:///Users/friday/.hermes/profiles/friday/cache/scratch/T17-v6/tmp/T17-real-electron-1nSbci/.vite/build/offline.html?error=server",
            "processId": 5,
            "routingId": 1
          },
          "byToken": {
            "id": 1,
            "detached": false,
            "destroyed": false,
            "url": "file:///Users/friday/.hermes/profiles/friday/cache/scratch/T17-v6/tmp/T17-real-electron-1nSbci/.vite/build/offline.html?error=server",
            "processId": 5,
            "routingId": 1
          },
          "hosted": false,
          "offline": true,
          "self": true,
          "sameContents": true,
          "sameFrame": true,
          "detached": false,
          "sender": {
            "id": 1,
            "detached": false,
            "destroyed": false,
            "url": "file:///Users/friday/.hermes/profiles/friday/cache/scratch/T17-v6/tmp/T17-real-electron-1nSbci/.vite/build/offline.html?error=server",
            "processId": 5,
            "routingId": 1
          },
          "current": {
            "id": 1,
            "detached": false,
            "destroyed": false,
            "url": "file:///Users/friday/.hermes/profiles/friday/cache/scratch/T17-v6/tmp/T17-real-electron-1nSbci/.vite/build/offline.html?error=server",
            "processId": 5,
            "routingId": 1
          }
        },
        "native": true,
        "error": null,
        "nativeEvents": [
          "unmaximize"
        ]
      },
      {
        "action": "minimise",
        "document": "offline",
        "delivered": true,
        "tuple": {
          "fixture": 1,
          "action": "minimise",
          "document": "offline",
          "byIdSame": true,
          "byTokenSame": true,
          "byId": {
            "id": 1,
            "detached": false,
            "destroyed": false,
            "url": "file:///Users/friday/.hermes/profiles/friday/cache/scratch/T17-v6/tmp/T17-real-electron-1nSbci/.vite/build/offline.html?error=server",
            "processId": 5,
            "routingId": 1
          },
          "byToken": {
            "id": 1,
            "detached": false,
            "destroyed": false,
            "url": "file:///Users/friday/.hermes/profiles/friday/cache/scratch/T17-v6/tmp/T17-real-electron-1nSbci/.vite/build/offline.html?error=server",
            "processId": 5,
            "routingId": 1
          },
          "hosted": false,
          "offline": true,
          "self": true,
          "sameContents": true,
          "sameFrame": true,
          "detached": false,
          "sender": {
            "id": 1,
            "detached": false,
            "destroyed": false,
            "url": "file:///Users/friday/.hermes/profiles/friday/cache/scratch/T17-v6/tmp/T17-real-electron-1nSbci/.vite/build/offline.html?error=server",
            "processId": 5,
            "routingId": 1
          },
          "current": {
            "id": 1,
            "detached": false,
            "destroyed": false,
            "url": "file:///Users/friday/.hermes/profiles/friday/cache/scratch/T17-v6/tmp/T17-real-electron-1nSbci/.vite/build/offline.html?error=server",
            "processId": 5,
            "routingId": 1
          }
        },
        "native": true,
        "error": null,
        "nativeEvents": [
          "minimize"
        ]
      },
      {
        "action": "close",
        "document": "offline",
        "delivered": true,
        "tuple": {
          "fixture": 1,
          "action": "close",
          "document": "offline",
          "byIdSame": true,
          "byTokenSame": true,
          "byId": {
            "id": 1,
            "detached": false,
            "destroyed": false,
            "url": "file:///Users/friday/.hermes/profiles/friday/cache/scratch/T17-v6/tmp/T17-real-electron-1nSbci/.vite/build/offline.html?error=server",
            "processId": 5,
            "routingId": 1
          },
          "byToken": {
            "id": 1,
            "detached": false,
            "destroyed": false,
            "url": "file:///Users/friday/.hermes/profiles/friday/cache/scratch/T17-v6/tmp/T17-real-electron-1nSbci/.vite/build/offline.html?error=server",
            "processId": 5,
            "routingId": 1
          },
          "hosted": false,
          "offline": true,
          "self": true,
          "sameContents": true,
          "sameFrame": true,
          "detached": false,
          "sender": {
            "id": 1,
            "detached": false,
            "destroyed": false,
            "url": "file:///Users/friday/.hermes/profiles/friday/cache/scratch/T17-v6/tmp/T17-real-electron-1nSbci/.vite/build/offline.html?error=server",
            "processId": 5,
            "routingId": 1
          },
          "current": {
            "id": 1,
            "detached": false,
            "destroyed": false,
            "url": "file:///Users/friday/.hermes/profiles/friday/cache/scratch/T17-v6/tmp/T17-real-electron-1nSbci/.vite/build/offline.html?error=server",
            "processId": 5,
            "routingId": 1
          }
        },
        "native": true,
        "error": null,
        "nativeEvents": [
          "close",
          "closed"
        ]
      }
    ],
    "characterization": {
      "nativeOS": {
        "minimize": true,
        "restore": true,
        "close": true,
        "closed": true,
        "events": [
          "minimize",
          "restore",
          "close",
          "closed"
        ],
        "ipcUnchanged": true,
        "authorization": "not applicable: native main-process path, no renderer authority"
      }
    },
    "retryIntents": [],
    "frameStates": [
      {
        "event": "did-start-navigation",
        "fixture": 1,
        "frame": {
          "id": 1,
          "detached": false,
          "destroyed": false,
          "url": "",
          "processId": 4,
          "routingId": 1
        }
      },
      {
        "event": "did-navigate",
        "fixture": 1,
        "frame": {
          "id": 1,
          "detached": false,
          "destroyed": false,
          "url": "http://127.0.0.1:49270/app?configured=1",
          "processId": 4,
          "routingId": 1
        }
      },
      {
        "event": "dom-ready",
        "fixture": 1,
        "frame": {
          "id": 1,
          "detached": false,
          "destroyed": false,
          "url": "http://127.0.0.1:49270/app?configured=1",
          "processId": 4,
          "routingId": 1
        }
      },
      {
        "event": "did-finish-load",
        "fixture": 1,
        "frame": {
          "id": 1,
          "detached": false,
          "destroyed": false,
          "url": "http://127.0.0.1:49270/app?configured=1",
          "processId": 4,
          "routingId": 1
        }
      },
      {
        "event": "did-start-navigation",
        "fixture": 1,
        "frame": {
          "id": 1,
          "detached": false,
          "destroyed": false,
          "url": "",
          "processId": 5,
          "routingId": 1
        }
      },
      {
        "event": "render-process-gone",
        "fixture": 1,
        "frame": {
          "id": 1,
          "detached": false,
          "destroyed": false,
          "url": "",
          "processId": 5,
          "routingId": 1
        }
      },
      {
        "event": "did-navigate",
        "fixture": 1,
        "frame": {
          "id": 1,
          "detached": false,
          "destroyed": false,
          "url": "file:///Users/friday/.hermes/profiles/friday/cache/scratch/T17-v6/tmp/T17-real-electron-1nSbci/.vite/build/offline.html?error=server",
          "processId": 5,
          "routingId": 1
        }
      },
      {
        "event": "dom-ready",
        "fixture": 1,
        "frame": {
          "id": 1,
          "detached": false,
          "destroyed": false,
          "url": "file:///Users/friday/.hermes/profiles/friday/cache/scratch/T17-v6/tmp/T17-real-electron-1nSbci/.vite/build/offline.html?error=server",
          "processId": 5,
          "routingId": 1
        }
      },
      {
        "event": "did-finish-load",
        "fixture": 1,
        "frame": {
          "id": 1,
          "detached": false,
          "destroyed": false,
          "url": "file:///Users/friday/.hermes/profiles/friday/cache/scratch/T17-v6/tmp/T17-real-electron-1nSbci/.vite/build/offline.html?error=server",
          "processId": 5,
          "routingId": 1
        }
      },
      {
        "event": "did-start-navigation",
        "fixture": 2,
        "frame": {
          "id": 2,
          "detached": false,
          "destroyed": false,
          "url": "",
          "processId": 6,
          "routingId": 1
        }
      },
      {
        "event": "did-navigate",
        "fixture": 2,
        "frame": {
          "id": 2,
          "detached": false,
          "destroyed": false,
          "url": "http://127.0.0.1:49270/app?configured=1",
          "processId": 6,
          "routingId": 1
        }
      },
      {
        "event": "dom-ready",
        "fixture": 2,
        "frame": {
          "id": 2,
          "detached": false,
          "destroyed": false,
          "url": "http://127.0.0.1:49270/app?configured=1",
          "processId": 6,
          "routingId": 1
        }
      },
      {
        "event": "did-finish-load",
        "fixture": 2,
        "frame": {
          "id": 2,
          "detached": false,
          "destroyed": false,
          "url": "http://127.0.0.1:49270/app?configured=1",
          "processId": 6,
          "routingId": 1
        }
      },
      {
        "event": "did-start-navigation",
        "fixture": 2,
        "frame": {
          "id": 2,
          "detached": false,
          "destroyed": false,
          "url": "",
          "processId": 7,
          "routingId": 1
        }
      },
      {
        "event": "render-process-gone",
        "fixture": 2,
        "frame": {
          "id": 2,
          "detached": false,
          "destroyed": false,
          "url": "",
          "processId": 7,
          "routingId": 1
        }
      },
      {
        "event": "did-navigate",
        "fixture": 2,
        "frame": {
          "id": 2,
          "detached": false,
          "destroyed": false,
          "url": "file:///Users/friday/.hermes/profiles/friday/cache/scratch/T17-v6/tmp/T17-real-electron-1nSbci/.vite/build/offline.html?error=server",
          "processId": 7,
          "routingId": 1
        }
      },
      {
        "event": "dom-ready",
        "fixture": 2,
        "frame": {
          "id": 2,
          "detached": false,
          "destroyed": false,
          "url": "file:///Users/friday/.hermes/profiles/friday/cache/scratch/T17-v6/tmp/T17-real-electron-1nSbci/.vite/build/offline.html?error=server",
          "processId": 7,
          "routingId": 1
        }
      },
      {
        "event": "did-finish-load",
        "fixture": 2,
        "frame": {
          "id": 2,
          "detached": false,
          "destroyed": false,
          "url": "file:///Users/friday/.hermes/profiles/friday/cache/scratch/T17-v6/tmp/T17-real-electron-1nSbci/.vite/build/offline.html?error=server",
          "processId": 7,
          "routingId": 1
        }
      }
    ],
    "electron": "44.5.1",
    "modules": "149",
    "host": "darwin",
    "presentation": "darwin",
    "finalPage": {
      "title": "Mutiny — Connection interrupted",
      "error": "Server",
      "heading": "Connection interrupted",
      "captionsHidden": true,
      "platform": "darwin",
      "width": 900,
      "height": 600,
      "scrollWidth": 900,
      "bodyWidth": 900,
      "background": "rgb(35, 32, 47)",
      "controls": [
        {
          "id": "minimise",
          "width": 0,
          "height": 0
        },
        {
          "id": "maximise",
          "width": 0,
          "height": 0
        },
        {
          "id": "close",
          "width": 0,
          "height": 0
        },
        {
          "id": "retry",
          "width": 120,
          "height": 44
        }
      ]
    },
    "hits": 2,
    "captions": {
      "minimise": 1,
      "maximise": 2,
      "close": 1
    },
    "events": [
      "renderer:killed",
      "maximize",
      "unmaximize",
      "minimize",
      "restore",
      "close",
      "closed",
      "renderer:killed",
      "minimize",
      "restore",
      "close",
      "closed"
    ],
    "requests": [
      "http://127.0.0.1:49270/app?configured=1",
      "file:///Users/friday/.hermes/profiles/friday/cache/scratch/T17-v6/tmp/T17-real-electron-1nSbci/.vite/build/offline.html?error=server",
      "http://127.0.0.1:49270/app?configured=1",
      "file:///Users/friday/.hermes/profiles/friday/cache/scratch/T17-v6/tmp/T17-real-electron-1nSbci/.vite/build/offline.html?error=server"
    ],
    "consoleMessages": [],
    "failures": [],
    "emittedBytes": 4933,
    "emittedFile": "/Users/friday/.hermes/profiles/friday/cache/scratch/T17-v6/tmp/T17-real-electron-1nSbci/.vite/build/offline.html",
    "scope": "Isolated Electron harness only. Windows presentation simulated on macOS; not installed Windows/Linux runtime acceptance."
  }
}
AUTHORIZATION {"scenario":"no-crash-retry-hosted","mode":"darwin","fixture":1,"action":"maximise","document":"hosted-restored","byIdSame":true,"byTokenSame":true,"byId":{"id":1,"detached":false,"destroyed":false,"url":"http://127.0.0.1:49270/app?configured=1","processId":6,"routingId":4},"byToken":{"id":1,"detached":false,"destroyed":false,"url":"http://127.0.0.1:49270/app?configured=1","processId":6,"routingId":4},"hosted":true,"offline":false,"self":false,"sameContents":true,"sameFrame":true,"detached":false,"sender":{"id":1,"detached":false,"destroyed":false,"url":"http://127.0.0.1:49270/app?configured=1","processId":6,"routingId":4},"current":{"id":1,"detached":false,"destroyed":false,"url":"http://127.0.0.1:49270/app?configured=1","processId":6,"routingId":4}}
AUTHORIZATION {"scenario":"no-crash-retry-hosted","mode":"darwin","fixture":1,"action":"maximise","document":"hosted-restored","byIdSame":true,"byTokenSame":true,"byId":{"id":1,"detached":false,"destroyed":false,"url":"http://127.0.0.1:49270/app?configured=1","processId":6,"routingId":4},"byToken":{"id":1,"detached":false,"destroyed":false,"url":"http://127.0.0.1:49270/app?configured=1","processId":6,"routingId":4},"hosted":true,"offline":false,"self":false,"sameContents":true,"sameFrame":true,"detached":false,"sender":{"id":1,"detached":false,"destroyed":false,"url":"http://127.0.0.1:49270/app?configured=1","processId":6,"routingId":4},"current":{"id":1,"detached":false,"destroyed":false,"url":"http://127.0.0.1:49270/app?configured=1","processId":6,"routingId":4}}
AUTHORIZATION {"scenario":"no-crash-retry-hosted","mode":"darwin","fixture":1,"action":"minimise","document":"hosted-restored","byIdSame":true,"byTokenSame":true,"byId":{"id":1,"detached":false,"destroyed":false,"url":"http://127.0.0.1:49270/app?configured=1","processId":6,"routingId":4},"byToken":{"id":1,"detached":false,"destroyed":false,"url":"http://127.0.0.1:49270/app?configured=1","processId":6,"routingId":4},"hosted":true,"offline":false,"self":false,"sameContents":true,"sameFrame":true,"detached":false,"sender":{"id":1,"detached":false,"destroyed":false,"url":"http://127.0.0.1:49270/app?configured=1","processId":6,"routingId":4},"current":{"id":1,"detached":false,"destroyed":false,"url":"http://127.0.0.1:49270/app?configured=1","processId":6,"routingId":4}}
AUTHORIZATION {"scenario":"no-crash-retry-hosted","mode":"darwin","fixture":1,"action":"close","document":"hosted-restored","byIdSame":true,"byTokenSame":true,"byId":{"id":1,"detached":false,"destroyed":false,"url":"http://127.0.0.1:49270/app?configured=1","processId":6,"routingId":4},"byToken":{"id":1,"detached":false,"destroyed":false,"url":"http://127.0.0.1:49270/app?configured=1","processId":6,"routingId":4},"hosted":true,"offline":false,"self":false,"sameContents":true,"sameFrame":true,"detached":false,"sender":{"id":1,"detached":false,"destroyed":false,"url":"http://127.0.0.1:49270/app?configured=1","processId":6,"routingId":4},"current":{"id":1,"detached":false,"destroyed":false,"url":"http://127.0.0.1:49270/app?configured=1","processId":6,"routingId":4}}
PASS {"result":"PASS","exit":0,"knownGaps":[],"hardFailures":[]}


{
  "mode": "darwin",
  "scenario": "no-crash-retry-hosted",
  "exit": 0,
  "emittedSHA256": "33aba3c676f65b56a45ffcc3dde2a16c75846636717ca280087940f00c0ed712",
  "receipt": {
    "passed": true,
    "result": "PASS",
    "exit": 0,
    "knownGaps": [],
    "hardFailures": [],
    "scenario": "no-crash-retry-hosted",
    "port": 49270,
    "fixtures": [
      {
        "id": 1,
        "contentsId": 1,
        "purpose": "offline-caption-lifetime"
      }
    ],
    "authorization": [
      {
        "fixture": 1,
        "action": "maximise",
        "document": "hosted-restored",
        "byIdSame": true,
        "byTokenSame": true,
        "byId": {
          "id": 1,
          "detached": false,
          "destroyed": false,
          "url": "http://127.0.0.1:49270/app?configured=1",
          "processId": 6,
          "routingId": 4
        },
        "byToken": {
          "id": 1,
          "detached": false,
          "destroyed": false,
          "url": "http://127.0.0.1:49270/app?configured=1",
          "processId": 6,
          "routingId": 4
        },
        "hosted": true,
        "offline": false,
        "self": false,
        "sameContents": true,
        "sameFrame": true,
        "detached": false,
        "sender": {
          "id": 1,
          "detached": false,
          "destroyed": false,
          "url": "http://127.0.0.1:49270/app?configured=1",
          "processId": 6,
          "routingId": 4
        },
        "current": {
          "id": 1,
          "detached": false,
          "destroyed": false,
          "url": "http://127.0.0.1:49270/app?configured=1",
          "processId": 6,
          "routingId": 4
        }
      },
      {
        "fixture": 1,
        "action": "maximise",
        "document": "hosted-restored",
        "byIdSame": true,
        "byTokenSame": true,
        "byId": {
          "id": 1,
          "detached": false,
          "destroyed": false,
          "url": "http://127.0.0.1:49270/app?configured=1",
          "processId": 6,
          "routingId": 4
        },
        "byToken": {
          "id": 1,
          "detached": false,
          "destroyed": false,
          "url": "http://127.0.0.1:49270/app?configured=1",
          "processId": 6,
          "routingId": 4
        },
        "hosted": true,
        "offline": false,
        "self": false,
        "sameContents": true,
        "sameFrame": true,
        "detached": false,
        "sender": {
          "id": 1,
          "detached": false,
          "destroyed": false,
          "url": "http://127.0.0.1:49270/app?configured=1",
          "processId": 6,
          "routingId": 4
        },
        "current": {
          "id": 1,
          "detached": false,
          "destroyed": false,
          "url": "http://127.0.0.1:49270/app?configured=1",
          "processId": 6,
          "routingId": 4
        }
      },
      {
        "fixture": 1,
        "action": "minimise",
        "document": "hosted-restored",
        "byIdSame": true,
        "byTokenSame": true,
        "byId": {
          "id": 1,
          "detached": false,
          "destroyed": false,
          "url": "http://127.0.0.1:49270/app?configured=1",
          "processId": 6,
          "routingId": 4
        },
        "byToken": {
          "id": 1,
          "detached": false,
          "destroyed": false,
          "url": "http://127.0.0.1:49270/app?configured=1",
          "processId": 6,
          "routingId": 4
        },
        "hosted": true,
        "offline": false,
        "self": false,
        "sameContents": true,
        "sameFrame": true,
        "detached": false,
        "sender": {
          "id": 1,
          "detached": false,
          "destroyed": false,
          "url": "http://127.0.0.1:49270/app?configured=1",
          "processId": 6,
          "routingId": 4
        },
        "current": {
          "id": 1,
          "detached": false,
          "destroyed": false,
          "url": "http://127.0.0.1:49270/app?configured=1",
          "processId": 6,
          "routingId": 4
        }
      },
      {
        "fixture": 1,
        "action": "close",
        "document": "hosted-restored",
        "byIdSame": true,
        "byTokenSame": true,
        "byId": {
          "id": 1,
          "detached": false,
          "destroyed": false,
          "url": "http://127.0.0.1:49270/app?configured=1",
          "processId": 6,
          "routingId": 4
        },
        "byToken": {
          "id": 1,
          "detached": false,
          "destroyed": false,
          "url": "http://127.0.0.1:49270/app?configured=1",
          "processId": 6,
          "routingId": 4
        },
        "hosted": true,
        "offline": false,
        "self": false,
        "sameContents": true,
        "sameFrame": true,
        "detached": false,
        "sender": {
          "id": 1,
          "detached": false,
          "destroyed": false,
          "url": "http://127.0.0.1:49270/app?configured=1",
          "processId": 6,
          "routingId": 4
        },
        "current": {
          "id": 1,
          "detached": false,
          "destroyed": false,
          "url": "http://127.0.0.1:49270/app?configured=1",
          "processId": 6,
          "routingId": 4
        }
      }
    ],
    "captionActions": [
      {
        "action": "maximise",
        "document": "hosted-restored",
        "delivered": true,
        "tuple": {
          "fixture": 1,
          "action": "maximise",
          "document": "hosted-restored",
          "byIdSame": true,
          "byTokenSame": true,
          "byId": {
            "id": 1,
            "detached": false,
            "destroyed": false,
            "url": "http://127.0.0.1:49270/app?configured=1",
            "processId": 6,
            "routingId": 4
          },
          "byToken": {
            "id": 1,
            "detached": false,
            "destroyed": false,
            "url": "http://127.0.0.1:49270/app?configured=1",
            "processId": 6,
            "routingId": 4
          },
          "hosted": true,
          "offline": false,
          "self": false,
          "sameContents": true,
          "sameFrame": true,
          "detached": false,
          "sender": {
            "id": 1,
            "detached": false,
            "destroyed": false,
            "url": "http://127.0.0.1:49270/app?configured=1",
            "processId": 6,
            "routingId": 4
          },
          "current": {
            "id": 1,
            "detached": false,
            "destroyed": false,
            "url": "http://127.0.0.1:49270/app?configured=1",
            "processId": 6,
            "routingId": 4
          }
        },
        "native": true,
        "error": null,
        "nativeEvents": [
          "maximize"
        ]
      },
      {
        "action": "maximise",
        "document": "hosted-restored",
        "delivered": true,
        "tuple": {
          "fixture": 1,
          "action": "maximise",
          "document": "hosted-restored",
          "byIdSame": true,
          "byTokenSame": true,
          "byId": {
            "id": 1,
            "detached": false,
            "destroyed": false,
            "url": "http://127.0.0.1:49270/app?configured=1",
            "processId": 6,
            "routingId": 4
          },
          "byToken": {
            "id": 1,
            "detached": false,
            "destroyed": false,
            "url": "http://127.0.0.1:49270/app?configured=1",
            "processId": 6,
            "routingId": 4
          },
          "hosted": true,
          "offline": false,
          "self": false,
          "sameContents": true,
          "sameFrame": true,
          "detached": false,
          "sender": {
            "id": 1,
            "detached": false,
            "destroyed": false,
            "url": "http://127.0.0.1:49270/app?configured=1",
            "processId": 6,
            "routingId": 4
          },
          "current": {
            "id": 1,
            "detached": false,
            "destroyed": false,
            "url": "http://127.0.0.1:49270/app?configured=1",
            "processId": 6,
            "routingId": 4
          }
        },
        "native": true,
        "error": null,
        "nativeEvents": [
          "unmaximize"
        ]
      },
      {
        "action": "minimise",
        "document": "hosted-restored",
        "delivered": true,
        "tuple": {
          "fixture": 1,
          "action": "minimise",
          "document": "hosted-restored",
          "byIdSame": true,
          "byTokenSame": true,
          "byId": {
            "id": 1,
            "detached": false,
            "destroyed": false,
            "url": "http://127.0.0.1:49270/app?configured=1",
            "processId": 6,
            "routingId": 4
          },
          "byToken": {
            "id": 1,
            "detached": false,
            "destroyed": false,
            "url": "http://127.0.0.1:49270/app?configured=1",
            "processId": 6,
            "routingId": 4
          },
          "hosted": true,
          "offline": false,
          "self": false,
          "sameContents": true,
          "sameFrame": true,
          "detached": false,
          "sender": {
            "id": 1,
            "detached": false,
            "destroyed": false,
            "url": "http://127.0.0.1:49270/app?configured=1",
            "processId": 6,
            "routingId": 4
          },
          "current": {
            "id": 1,
            "detached": false,
            "destroyed": false,
            "url": "http://127.0.0.1:49270/app?configured=1",
            "processId": 6,
            "routingId": 4
          }
        },
        "native": true,
        "error": null,
        "nativeEvents": [
          "minimize"
        ]
      },
      {
        "action": "close",
        "document": "hosted-restored",
        "delivered": true,
        "tuple": {
          "fixture": 1,
          "action": "close",
          "document": "hosted-restored",
          "byIdSame": true,
          "byTokenSame": true,
          "byId": {
            "id": 1,
            "detached": false,
            "destroyed": false,
            "url": "http://127.0.0.1:49270/app?configured=1",
            "processId": 6,
            "routingId": 4
          },
          "byToken": {
            "id": 1,
            "detached": false,
            "destroyed": false,
            "url": "http://127.0.0.1:49270/app?configured=1",
            "processId": 6,
            "routingId": 4
          },
          "hosted": true,
          "offline": false,
          "self": false,
          "sameContents": true,
          "sameFrame": true,
          "detached": false,
          "sender": {
            "id": 1,
            "detached": false,
            "destroyed": false,
            "url": "http://127.0.0.1:49270/app?configured=1",
            "processId": 6,
            "routingId": 4
          },
          "current": {
            "id": 1,
            "detached": false,
            "destroyed": false,
            "url": "http://127.0.0.1:49270/app?configured=1",
            "processId": 6,
            "routingId": 4
          }
        },
        "native": true,
        "error": null,
        "nativeEvents": [
          "close",
          "closed"
        ]
      }
    ],
    "characterization": {
      "manualRetry": {
        "worked": true,
        "elapsed": 1007,
        "hitsBefore": 1,
        "hitsAfter": 2,
        "requests": [
          "http://127.0.0.1:49270/app?configured=1"
        ],
        "automaticRetryPaused": true,
        "intents": [
          {
            "action": "Retry",
            "destination": "file:///Users/friday/.hermes/profiles/friday/cache/scratch/T17-v6/tmp/T17-real-electron-1nSbci/.vite/build/offline.html?error=server&retry=1",
            "defaultPrevented": true,
            "hosted": false,
            "offline": true,
            "self": true,
            "sameContents": true,
            "sameFrame": true,
            "eventFrameSame": true,
            "isMainFrame": true,
            "detached": false,
            "current": {
              "id": 1,
              "detached": false,
              "destroyed": false,
              "url": "file:///Users/friday/.hermes/profiles/friday/cache/scratch/T17-v6/tmp/T17-real-electron-1nSbci/.vite/build/offline.html?error=server",
              "processId": 5,
              "routingId": 4
            }
          }
        ]
      },
      "hostedRestoration": {
        "mechanism": "manual Retry",
        "url": "http://127.0.0.1:49270/app?configured=1",
        "frame": {
          "id": 1,
          "detached": false,
          "destroyed": false,
          "url": "http://127.0.0.1:49270/app?configured=1",
          "processId": 6,
          "routingId": 4
        }
      },
      "hostedCaptionsAuthorized": true,
      "stopBeforeReadyUpdate": false
    },
    "retryIntents": [
      {
        "action": "Retry",
        "destination": "file:///Users/friday/.hermes/profiles/friday/cache/scratch/T17-v6/tmp/T17-real-electron-1nSbci/.vite/build/offline.html?error=server&retry=1",
        "defaultPrevented": true,
        "hosted": false,
        "offline": true,
        "self": true,
        "sameContents": true,
        "sameFrame": true,
        "eventFrameSame": true,
        "isMainFrame": true,
        "detached": false,
        "current": {
          "id": 1,
          "detached": false,
          "destroyed": false,
          "url": "file:///Users/friday/.hermes/profiles/friday/cache/scratch/T17-v6/tmp/T17-real-electron-1nSbci/.vite/build/offline.html?error=server",
          "processId": 5,
          "routingId": 4
        }
      }
    ],
    "frameStates": [
      {
        "event": "did-start-navigation",
        "fixture": 1,
        "frame": {
          "id": 1,
          "detached": false,
          "destroyed": false,
          "url": "",
          "processId": 4,
          "routingId": 1
        }
      },
      {
        "event": "did-start-navigation",
        "fixture": 1,
        "frame": {
          "id": 1,
          "detached": false,
          "destroyed": false,
          "url": "http://127.0.0.1:49270/app?configured=1",
          "processId": 4,
          "routingId": 1
        }
      },
      {
        "event": "did-navigate",
        "fixture": 1,
        "frame": {
          "id": 1,
          "detached": false,
          "destroyed": false,
          "url": "http://127.0.0.1:49270/app?configured=1",
          "processId": 4,
          "routingId": 1
        }
      },
      {
        "event": "dom-ready",
        "fixture": 1,
        "frame": {
          "id": 1,
          "detached": false,
          "destroyed": false,
          "url": "http://127.0.0.1:49270/app?configured=1",
          "processId": 4,
          "routingId": 1
        }
      },
      {
        "event": "did-finish-load",
        "fixture": 1,
        "frame": {
          "id": 1,
          "detached": false,
          "destroyed": false,
          "url": "http://127.0.0.1:49270/app?configured=1",
          "processId": 4,
          "routingId": 1
        }
      },
      {
        "event": "did-navigate",
        "fixture": 1,
        "frame": {
          "id": 1,
          "detached": false,
          "destroyed": false,
          "url": "file:///Users/friday/.hermes/profiles/friday/cache/scratch/T17-v6/tmp/T17-real-electron-1nSbci/.vite/build/offline.html?error=server",
          "processId": 5,
          "routingId": 4
        }
      },
      {
        "event": "dom-ready",
        "fixture": 1,
        "frame": {
          "id": 1,
          "detached": false,
          "destroyed": false,
          "url": "file:///Users/friday/.hermes/profiles/friday/cache/scratch/T17-v6/tmp/T17-real-electron-1nSbci/.vite/build/offline.html?error=server",
          "processId": 5,
          "routingId": 4
        }
      },
      {
        "event": "did-finish-load",
        "fixture": 1,
        "frame": {
          "id": 1,
          "detached": false,
          "destroyed": false,
          "url": "file:///Users/friday/.hermes/profiles/friday/cache/scratch/T17-v6/tmp/T17-real-electron-1nSbci/.vite/build/offline.html?error=server",
          "processId": 5,
          "routingId": 4
        }
      },
      {
        "event": "did-start-navigation",
        "fixture": 1,
        "frame": {
          "id": 1,
          "detached": false,
          "destroyed": false,
          "url": "file:///Users/friday/.hermes/profiles/friday/cache/scratch/T17-v6/tmp/T17-real-electron-1nSbci/.vite/build/offline.html?error=server",
          "processId": 5,
          "routingId": 4
        }
      },
      {
        "event": "did-start-navigation",
        "fixture": 1,
        "frame": {
          "id": 1,
          "detached": false,
          "destroyed": false,
          "url": "file:///Users/friday/.hermes/profiles/friday/cache/scratch/T17-v6/tmp/T17-real-electron-1nSbci/.vite/build/offline.html?error=server",
          "processId": 5,
          "routingId": 4
        }
      },
      {
        "event": "did-navigate",
        "fixture": 1,
        "frame": {
          "id": 1,
          "detached": false,
          "destroyed": false,
          "url": "http://127.0.0.1:49270/app?configured=1",
          "processId": 6,
          "routingId": 4
        }
      },
      {
        "event": "dom-ready",
        "fixture": 1,
        "frame": {
          "id": 1,
          "detached": false,
          "destroyed": false,
          "url": "http://127.0.0.1:49270/app?configured=1",
          "processId": 6,
          "routingId": 4
        }
      },
      {
        "event": "did-finish-load",
        "fixture": 1,
        "frame": {
          "id": 1,
          "detached": false,
          "destroyed": false,
          "url": "http://127.0.0.1:49270/app?configured=1",
          "processId": 6,
          "routingId": 4
        }
      }
    ],
    "electron": "44.5.1",
    "modules": "149",
    "host": "darwin",
    "presentation": "darwin",
    "finalPage": {
      "title": "Recovered",
      "heading": "Recovered without restart",
      "platform": "darwin",
      "width": 900,
      "height": 600,
      "scrollWidth": 900,
      "bodyWidth": 884,
      "background": "rgba(0, 0, 0, 0)",
      "controls": [
        {
          "id": "maximise",
          "width": 72.2890625,
          "height": 21.5
        },
        {
          "id": "minimise",
          "width": 68.5859375,
          "height": 21.5
        },
        {
          "id": "close",
          "width": 50.0859375,
          "height": 21.5
        }
      ]
    },
    "hits": 2,
    "captions": {
      "minimise": 1,
      "maximise": 2,
      "close": 1
    },
    "events": [
      "maximize",
      "unmaximize",
      "minimize",
      "restore",
      "close",
      "closed"
    ],
    "requests": [
      "http://127.0.0.1:49270/app?configured=1",
      "file:///Users/friday/.hermes/profiles/friday/cache/scratch/T17-v6/tmp/T17-real-electron-1nSbci/.vite/build/offline.html?error=server",
      "http://127.0.0.1:49270/app?configured=1"
    ],
    "consoleMessages": [],
    "failures": [],
    "emittedBytes": 4933,
    "emittedFile": "/Users/friday/.hermes/profiles/friday/cache/scratch/T17-v6/tmp/T17-real-electron-1nSbci/.vite/build/offline.html",
    "scope": "Isolated Electron harness only. Windows presentation simulated on macOS; not installed Windows/Linux runtime acceptance."
  }
}
AUTHORIZATION {"scenario":"no-crash-no-cdp","mode":"win32","fixture":1,"action":"maximise","document":"offline","byIdSame":true,"byTokenSame":true,"byId":{"id":1,"detached":false,"destroyed":false,"url":"file:///Users/friday/.hermes/profiles/friday/cache/scratch/T17-v6/tmp/T17-real-electron-1nSbci/.vite/build/offline.html?error=server","processId":5,"routingId":4},"byToken":{"id":1,"detached":false,"destroyed":false,"url":"file:///Users/friday/.hermes/profiles/friday/cache/scratch/T17-v6/tmp/T17-real-electron-1nSbci/.vite/build/offline.html?error=server","processId":5,"routingId":4},"hosted":false,"offline":true,"self":true,"sameContents":true,"sameFrame":true,"detached":false,"sender":{"id":1,"detached":false,"destroyed":false,"url":"file:///Users/friday/.hermes/profiles/friday/cache/scratch/T17-v6/tmp/T17-real-electron-1nSbci/.vite/build/offline.html?error=server","processId":5,"routingId":4},"current":{"id":1,"detached":false,"destroyed":false,"url":"file:///Users/friday/.hermes/profiles/friday/cache/scratch/T17-v6/tmp/T17-real-electron-1nSbci/.vite/build/offline.html?error=server","processId":5,"routingId":4}}
AUTHORIZATION {"scenario":"no-crash-no-cdp","mode":"win32","fixture":1,"action":"maximise","document":"offline","byIdSame":true,"byTokenSame":true,"byId":{"id":1,"detached":false,"destroyed":false,"url":"file:///Users/friday/.hermes/profiles/friday/cache/scratch/T17-v6/tmp/T17-real-electron-1nSbci/.vite/build/offline.html?error=server","processId":5,"routingId":4},"byToken":{"id":1,"detached":false,"destroyed":false,"url":"file:///Users/friday/.hermes/profiles/friday/cache/scratch/T17-v6/tmp/T17-real-electron-1nSbci/.vite/build/offline.html?error=server","processId":5,"routingId":4},"hosted":false,"offline":true,"self":true,"sameContents":true,"sameFrame":true,"detached":false,"sender":{"id":1,"detached":false,"destroyed":false,"url":"file:///Users/friday/.hermes/profiles/friday/cache/scratch/T17-v6/tmp/T17-real-electron-1nSbci/.vite/build/offline.html?error=server","processId":5,"routingId":4},"current":{"id":1,"detached":false,"destroyed":false,"url":"file:///Users/friday/.hermes/profiles/friday/cache/scratch/T17-v6/tmp/T17-real-electron-1nSbci/.vite/build/offline.html?error=server","processId":5,"routingId":4}}
AUTHORIZATION {"scenario":"no-crash-no-cdp","mode":"win32","fixture":1,"action":"minimise","document":"offline","byIdSame":true,"byTokenSame":true,"byId":{"id":1,"detached":false,"destroyed":false,"url":"file:///Users/friday/.hermes/profiles/friday/cache/scratch/T17-v6/tmp/T17-real-electron-1nSbci/.vite/build/offline.html?error=server","processId":5,"routingId":4},"byToken":{"id":1,"detached":false,"destroyed":false,"url":"file:///Users/friday/.hermes/profiles/friday/cache/scratch/T17-v6/tmp/T17-real-electron-1nSbci/.vite/build/offline.html?error=server","processId":5,"routingId":4},"hosted":false,"offline":true,"self":true,"sameContents":true,"sameFrame":true,"detached":false,"sender":{"id":1,"detached":false,"destroyed":false,"url":"file:///Users/friday/.hermes/profiles/friday/cache/scratch/T17-v6/tmp/T17-real-electron-1nSbci/.vite/build/offline.html?error=server","processId":5,"routingId":4},"current":{"id":1,"detached":false,"destroyed":false,"url":"file:///Users/friday/.hermes/profiles/friday/cache/scratch/T17-v6/tmp/T17-real-electron-1nSbci/.vite/build/offline.html?error=server","processId":5,"routingId":4}}
AUTHORIZATION {"scenario":"no-crash-no-cdp","mode":"win32","fixture":1,"action":"close","document":"offline","byIdSame":true,"byTokenSame":true,"byId":{"id":1,"detached":false,"destroyed":false,"url":"file:///Users/friday/.hermes/profiles/friday/cache/scratch/T17-v6/tmp/T17-real-electron-1nSbci/.vite/build/offline.html?error=server","processId":5,"routingId":4},"byToken":{"id":1,"detached":false,"destroyed":false,"url":"file:///Users/friday/.hermes/profiles/friday/cache/scratch/T17-v6/tmp/T17-real-electron-1nSbci/.vite/build/offline.html?error=server","processId":5,"routingId":4},"hosted":false,"offline":true,"self":true,"sameContents":true,"sameFrame":true,"detached":false,"sender":{"id":1,"detached":false,"destroyed":false,"url":"file:///Users/friday/.hermes/profiles/friday/cache/scratch/T17-v6/tmp/T17-real-electron-1nSbci/.vite/build/offline.html?error=server","processId":5,"routingId":4},"current":{"id":1,"detached":false,"destroyed":false,"url":"file:///Users/friday/.hermes/profiles/friday/cache/scratch/T17-v6/tmp/T17-real-electron-1nSbci/.vite/build/offline.html?error=server","processId":5,"routingId":4}}
PASS {"result":"PASS","exit":0,"knownGaps":[],"hardFailures":[]}


{
  "mode": "win32",
  "scenario": "no-crash-no-cdp",
  "exit": 0,
  "emittedSHA256": "33aba3c676f65b56a45ffcc3dde2a16c75846636717ca280087940f00c0ed712",
  "receipt": {
    "passed": true,
    "result": "PASS",
    "exit": 0,
    "knownGaps": [],
    "hardFailures": [],
    "scenario": "no-crash-no-cdp",
    "port": 49270,
    "fixtures": [
      {
        "id": 1,
        "contentsId": 1,
        "purpose": "offline-caption-lifetime"
      }
    ],
    "authorization": [
      {
        "fixture": 1,
        "action": "maximise",
        "document": "offline",
        "byIdSame": true,
        "byTokenSame": true,
        "byId": {
          "id": 1,
          "detached": false,
          "destroyed": false,
          "url": "file:///Users/friday/.hermes/profiles/friday/cache/scratch/T17-v6/tmp/T17-real-electron-1nSbci/.vite/build/offline.html?error=server",
          "processId": 5,
          "routingId": 4
        },
        "byToken": {
          "id": 1,
          "detached": false,
          "destroyed": false,
          "url": "file:///Users/friday/.hermes/profiles/friday/cache/scratch/T17-v6/tmp/T17-real-electron-1nSbci/.vite/build/offline.html?error=server",
          "processId": 5,
          "routingId": 4
        },
        "hosted": false,
        "offline": true,
        "self": true,
        "sameContents": true,
        "sameFrame": true,
        "detached": false,
        "sender": {
          "id": 1,
          "detached": false,
          "destroyed": false,
          "url": "file:///Users/friday/.hermes/profiles/friday/cache/scratch/T17-v6/tmp/T17-real-electron-1nSbci/.vite/build/offline.html?error=server",
          "processId": 5,
          "routingId": 4
        },
        "current": {
          "id": 1,
          "detached": false,
          "destroyed": false,
          "url": "file:///Users/friday/.hermes/profiles/friday/cache/scratch/T17-v6/tmp/T17-real-electron-1nSbci/.vite/build/offline.html?error=server",
          "processId": 5,
          "routingId": 4
        }
      },
      {
        "fixture": 1,
        "action": "maximise",
        "document": "offline",
        "byIdSame": true,
        "byTokenSame": true,
        "byId": {
          "id": 1,
          "detached": false,
          "destroyed": false,
          "url": "file:///Users/friday/.hermes/profiles/friday/cache/scratch/T17-v6/tmp/T17-real-electron-1nSbci/.vite/build/offline.html?error=server",
          "processId": 5,
          "routingId": 4
        },
        "byToken": {
          "id": 1,
          "detached": false,
          "destroyed": false,
          "url": "file:///Users/friday/.hermes/profiles/friday/cache/scratch/T17-v6/tmp/T17-real-electron-1nSbci/.vite/build/offline.html?error=server",
          "processId": 5,
          "routingId": 4
        },
        "hosted": false,
        "offline": true,
        "self": true,
        "sameContents": true,
        "sameFrame": true,
        "detached": false,
        "sender": {
          "id": 1,
          "detached": false,
          "destroyed": false,
          "url": "file:///Users/friday/.hermes/profiles/friday/cache/scratch/T17-v6/tmp/T17-real-electron-1nSbci/.vite/build/offline.html?error=server",
          "processId": 5,
          "routingId": 4
        },
        "current": {
          "id": 1,
          "detached": false,
          "destroyed": false,
          "url": "file:///Users/friday/.hermes/profiles/friday/cache/scratch/T17-v6/tmp/T17-real-electron-1nSbci/.vite/build/offline.html?error=server",
          "processId": 5,
          "routingId": 4
        }
      },
      {
        "fixture": 1,
        "action": "minimise",
        "document": "offline",
        "byIdSame": true,
        "byTokenSame": true,
        "byId": {
          "id": 1,
          "detached": false,
          "destroyed": false,
          "url": "file:///Users/friday/.hermes/profiles/friday/cache/scratch/T17-v6/tmp/T17-real-electron-1nSbci/.vite/build/offline.html?error=server",
          "processId": 5,
          "routingId": 4
        },
        "byToken": {
          "id": 1,
          "detached": false,
          "destroyed": false,
          "url": "file:///Users/friday/.hermes/profiles/friday/cache/scratch/T17-v6/tmp/T17-real-electron-1nSbci/.vite/build/offline.html?error=server",
          "processId": 5,
          "routingId": 4
        },
        "hosted": false,
        "offline": true,
        "self": true,
        "sameContents": true,
        "sameFrame": true,
        "detached": false,
        "sender": {
          "id": 1,
          "detached": false,
          "destroyed": false,
          "url": "file:///Users/friday/.hermes/profiles/friday/cache/scratch/T17-v6/tmp/T17-real-electron-1nSbci/.vite/build/offline.html?error=server",
          "processId": 5,
          "routingId": 4
        },
        "current": {
          "id": 1,
          "detached": false,
          "destroyed": false,
          "url": "file:///Users/friday/.hermes/profiles/friday/cache/scratch/T17-v6/tmp/T17-real-electron-1nSbci/.vite/build/offline.html?error=server",
          "processId": 5,
          "routingId": 4
        }
      },
      {
        "fixture": 1,
        "action": "close",
        "document": "offline",
        "byIdSame": true,
        "byTokenSame": true,
        "byId": {
          "id": 1,
          "detached": false,
          "destroyed": false,
          "url": "file:///Users/friday/.hermes/profiles/friday/cache/scratch/T17-v6/tmp/T17-real-electron-1nSbci/.vite/build/offline.html?error=server",
          "processId": 5,
          "routingId": 4
        },
        "byToken": {
          "id": 1,
          "detached": false,
          "destroyed": false,
          "url": "file:///Users/friday/.hermes/profiles/friday/cache/scratch/T17-v6/tmp/T17-real-electron-1nSbci/.vite/build/offline.html?error=server",
          "processId": 5,
          "routingId": 4
        },
        "hosted": false,
        "offline": true,
        "self": true,
        "sameContents": true,
        "sameFrame": true,
        "detached": false,
        "sender": {
          "id": 1,
          "detached": false,
          "destroyed": false,
          "url": "file:///Users/friday/.hermes/profiles/friday/cache/scratch/T17-v6/tmp/T17-real-electron-1nSbci/.vite/build/offline.html?error=server",
          "processId": 5,
          "routingId": 4
        },
        "current": {
          "id": 1,
          "detached": false,
          "destroyed": false,
          "url": "file:///Users/friday/.hermes/profiles/friday/cache/scratch/T17-v6/tmp/T17-real-electron-1nSbci/.vite/build/offline.html?error=server",
          "processId": 5,
          "routingId": 4
        }
      }
    ],
    "captionActions": [
      {
        "action": "maximise",
        "document": "offline",
        "delivered": true,
        "tuple": {
          "fixture": 1,
          "action": "maximise",
          "document": "offline",
          "byIdSame": true,
          "byTokenSame": true,
          "byId": {
            "id": 1,
            "detached": false,
            "destroyed": false,
            "url": "file:///Users/friday/.hermes/profiles/friday/cache/scratch/T17-v6/tmp/T17-real-electron-1nSbci/.vite/build/offline.html?error=server",
            "processId": 5,
            "routingId": 4
          },
          "byToken": {
            "id": 1,
            "detached": false,
            "destroyed": false,
            "url": "file:///Users/friday/.hermes/profiles/friday/cache/scratch/T17-v6/tmp/T17-real-electron-1nSbci/.vite/build/offline.html?error=server",
            "processId": 5,
            "routingId": 4
          },
          "hosted": false,
          "offline": true,
          "self": true,
          "sameContents": true,
          "sameFrame": true,
          "detached": false,
          "sender": {
            "id": 1,
            "detached": false,
            "destroyed": false,
            "url": "file:///Users/friday/.hermes/profiles/friday/cache/scratch/T17-v6/tmp/T17-real-electron-1nSbci/.vite/build/offline.html?error=server",
            "processId": 5,
            "routingId": 4
          },
          "current": {
            "id": 1,
            "detached": false,
            "destroyed": false,
            "url": "file:///Users/friday/.hermes/profiles/friday/cache/scratch/T17-v6/tmp/T17-real-electron-1nSbci/.vite/build/offline.html?error=server",
            "processId": 5,
            "routingId": 4
          }
        },
        "native": true,
        "error": null,
        "nativeEvents": [
          "maximize"
        ]
      },
      {
        "action": "maximise",
        "document": "offline",
        "delivered": true,
        "tuple": {
          "fixture": 1,
          "action": "maximise",
          "document": "offline",
          "byIdSame": true,
          "byTokenSame": true,
          "byId": {
            "id": 1,
            "detached": false,
            "destroyed": false,
            "url": "file:///Users/friday/.hermes/profiles/friday/cache/scratch/T17-v6/tmp/T17-real-electron-1nSbci/.vite/build/offline.html?error=server",
            "processId": 5,
            "routingId": 4
          },
          "byToken": {
            "id": 1,
            "detached": false,
            "destroyed": false,
            "url": "file:///Users/friday/.hermes/profiles/friday/cache/scratch/T17-v6/tmp/T17-real-electron-1nSbci/.vite/build/offline.html?error=server",
            "processId": 5,
            "routingId": 4
          },
          "hosted": false,
          "offline": true,
          "self": true,
          "sameContents": true,
          "sameFrame": true,
          "detached": false,
          "sender": {
            "id": 1,
            "detached": false,
            "destroyed": false,
            "url": "file:///Users/friday/.hermes/profiles/friday/cache/scratch/T17-v6/tmp/T17-real-electron-1nSbci/.vite/build/offline.html?error=server",
            "processId": 5,
            "routingId": 4
          },
          "current": {
            "id": 1,
            "detached": false,
            "destroyed": false,
            "url": "file:///Users/friday/.hermes/profiles/friday/cache/scratch/T17-v6/tmp/T17-real-electron-1nSbci/.vite/build/offline.html?error=server",
            "processId": 5,
            "routingId": 4
          }
        },
        "native": true,
        "error": null,
        "nativeEvents": [
          "unmaximize"
        ]
      },
      {
        "action": "minimise",
        "document": "offline",
        "delivered": true,
        "tuple": {
          "fixture": 1,
          "action": "minimise",
          "document": "offline",
          "byIdSame": true,
          "byTokenSame": true,
          "byId": {
            "id": 1,
            "detached": false,
            "destroyed": false,
            "url": "file:///Users/friday/.hermes/profiles/friday/cache/scratch/T17-v6/tmp/T17-real-electron-1nSbci/.vite/build/offline.html?error=server",
            "processId": 5,
            "routingId": 4
          },
          "byToken": {
            "id": 1,
            "detached": false,
            "destroyed": false,
            "url": "file:///Users/friday/.hermes/profiles/friday/cache/scratch/T17-v6/tmp/T17-real-electron-1nSbci/.vite/build/offline.html?error=server",
            "processId": 5,
            "routingId": 4
          },
          "hosted": false,
          "offline": true,
          "self": true,
          "sameContents": true,
          "sameFrame": true,
          "detached": false,
          "sender": {
            "id": 1,
            "detached": false,
            "destroyed": false,
            "url": "file:///Users/friday/.hermes/profiles/friday/cache/scratch/T17-v6/tmp/T17-real-electron-1nSbci/.vite/build/offline.html?error=server",
            "processId": 5,
            "routingId": 4
          },
          "current": {
            "id": 1,
            "detached": false,
            "destroyed": false,
            "url": "file:///Users/friday/.hermes/profiles/friday/cache/scratch/T17-v6/tmp/T17-real-electron-1nSbci/.vite/build/offline.html?error=server",
            "processId": 5,
            "routingId": 4
          }
        },
        "native": true,
        "error": null,
        "nativeEvents": [
          "minimize"
        ]
      },
      {
        "action": "close",
        "document": "offline",
        "delivered": true,
        "tuple": {
          "fixture": 1,
          "action": "close",
          "document": "offline",
          "byIdSame": true,
          "byTokenSame": true,
          "byId": {
            "id": 1,
            "detached": false,
            "destroyed": false,
            "url": "file:///Users/friday/.hermes/profiles/friday/cache/scratch/T17-v6/tmp/T17-real-electron-1nSbci/.vite/build/offline.html?error=server",
            "processId": 5,
            "routingId": 4
          },
          "byToken": {
            "id": 1,
            "detached": false,
            "destroyed": false,
            "url": "file:///Users/friday/.hermes/profiles/friday/cache/scratch/T17-v6/tmp/T17-real-electron-1nSbci/.vite/build/offline.html?error=server",
            "processId": 5,
            "routingId": 4
          },
          "hosted": false,
          "offline": true,
          "self": true,
          "sameContents": true,
          "sameFrame": true,
          "detached": false,
          "sender": {
            "id": 1,
            "detached": false,
            "destroyed": false,
            "url": "file:///Users/friday/.hermes/profiles/friday/cache/scratch/T17-v6/tmp/T17-real-electron-1nSbci/.vite/build/offline.html?error=server",
            "processId": 5,
            "routingId": 4
          },
          "current": {
            "id": 1,
            "detached": false,
            "destroyed": false,
            "url": "file:///Users/friday/.hermes/profiles/friday/cache/scratch/T17-v6/tmp/T17-real-electron-1nSbci/.vite/build/offline.html?error=server",
            "processId": 5,
            "routingId": 4
          }
        },
        "native": true,
        "error": null,
        "nativeEvents": [
          "close",
          "closed"
        ]
      }
    ],
    "characterization": {},
    "retryIntents": [],
    "frameStates": [
      {
        "event": "did-start-navigation",
        "fixture": 1,
        "frame": {
          "id": 1,
          "detached": false,
          "destroyed": false,
          "url": "",
          "processId": 4,
          "routingId": 1
        }
      },
      {
        "event": "did-start-navigation",
        "fixture": 1,
        "frame": {
          "id": 1,
          "detached": false,
          "destroyed": false,
          "url": "http://127.0.0.1:49270/app?configured=1",
          "processId": 4,
          "routingId": 1
        }
      },
      {
        "event": "did-navigate",
        "fixture": 1,
        "frame": {
          "id": 1,
          "detached": false,
          "destroyed": false,
          "url": "http://127.0.0.1:49270/app?configured=1",
          "processId": 4,
          "routingId": 1
        }
      },
      {
        "event": "dom-ready",
        "fixture": 1,
        "frame": {
          "id": 1,
          "detached": false,
          "destroyed": false,
          "url": "http://127.0.0.1:49270/app?configured=1",
          "processId": 4,
          "routingId": 1
        }
      },
      {
        "event": "did-finish-load",
        "fixture": 1,
        "frame": {
          "id": 1,
          "detached": false,
          "destroyed": false,
          "url": "http://127.0.0.1:49270/app?configured=1",
          "processId": 4,
          "routingId": 1
        }
      },
      {
        "event": "did-navigate",
        "fixture": 1,
        "frame": {
          "id": 1,
          "detached": false,
          "destroyed": false,
          "url": "file:///Users/friday/.hermes/profiles/friday/cache/scratch/T17-v6/tmp/T17-real-electron-1nSbci/.vite/build/offline.html?error=server",
          "processId": 5,
          "routingId": 4
        }
      },
      {
        "event": "dom-ready",
        "fixture": 1,
        "frame": {
          "id": 1,
          "detached": false,
          "destroyed": false,
          "url": "file:///Users/friday/.hermes/profiles/friday/cache/scratch/T17-v6/tmp/T17-real-electron-1nSbci/.vite/build/offline.html?error=server",
          "processId": 5,
          "routingId": 4
        }
      },
      {
        "event": "did-finish-load",
        "fixture": 1,
        "frame": {
          "id": 1,
          "detached": false,
          "destroyed": false,
          "url": "file:///Users/friday/.hermes/profiles/friday/cache/scratch/T17-v6/tmp/T17-real-electron-1nSbci/.vite/build/offline.html?error=server",
          "processId": 5,
          "routingId": 4
        }
      }
    ],
    "electron": "44.5.1",
    "modules": "149",
    "host": "darwin",
    "presentation": "win32",
    "finalPage": {
      "title": "Mutiny — Connection interrupted",
      "error": "Server",
      "heading": "Connection interrupted",
      "captionsHidden": false,
      "platform": "win32",
      "width": 900,
      "height": 600,
      "scrollWidth": 900,
      "bodyWidth": 900,
      "background": "rgb(35, 32, 47)",
      "controls": [
        {
          "id": "minimise",
          "width": 48,
          "height": 44
        },
        {
          "id": "maximise",
          "width": 48,
          "height": 44
        },
        {
          "id": "close",
          "width": 48,
          "height": 44
        },
        {
          "id": "retry",
          "width": 120,
          "height": 44
        }
      ]
    },
    "hits": 1,
    "captions": {
      "minimise": 1,
      "maximise": 2,
      "close": 1
    },
    "events": [
      "maximize",
      "unmaximize",
      "minimize",
      "restore",
      "close",
      "closed"
    ],
    "requests": [
      "http://127.0.0.1:49270/app?configured=1",
      "file:///Users/friday/.hermes/profiles/friday/cache/scratch/T17-v6/tmp/T17-real-electron-1nSbci/.vite/build/offline.html?error=server"
    ],
    "consoleMessages": [],
    "failures": [],
    "emittedBytes": 4933,
    "emittedFile": "/Users/friday/.hermes/profiles/friday/cache/scratch/T17-v6/tmp/T17-real-electron-1nSbci/.vite/build/offline.html",
    "scope": "Isolated Electron harness only. Windows presentation simulated on macOS; not installed Windows/Linux runtime acceptance."
  }
}
AUTHORIZATION {"scenario":"crash-only","mode":"win32","fixture":1,"action":"maximise","document":"offline","byIdSame":true,"byTokenSame":true,"byId":{"id":1,"detached":false,"destroyed":false,"url":"file:///Users/friday/.hermes/profiles/friday/cache/scratch/T17-v6/tmp/T17-real-electron-1nSbci/.vite/build/offline.html?error=server","processId":5,"routingId":1},"byToken":{"id":1,"detached":false,"destroyed":false,"url":"file:///Users/friday/.hermes/profiles/friday/cache/scratch/T17-v6/tmp/T17-real-electron-1nSbci/.vite/build/offline.html?error=server","processId":5,"routingId":1},"hosted":false,"offline":true,"self":true,"sameContents":true,"sameFrame":true,"detached":false,"sender":{"id":1,"detached":false,"destroyed":false,"url":"file:///Users/friday/.hermes/profiles/friday/cache/scratch/T17-v6/tmp/T17-real-electron-1nSbci/.vite/build/offline.html?error=server","processId":5,"routingId":1},"current":{"id":1,"detached":false,"destroyed":false,"url":"file:///Users/friday/.hermes/profiles/friday/cache/scratch/T17-v6/tmp/T17-real-electron-1nSbci/.vite/build/offline.html?error=server","processId":5,"routingId":1}}
AUTHORIZATION {"scenario":"crash-only","mode":"win32","fixture":1,"action":"maximise","document":"offline","byIdSame":true,"byTokenSame":true,"byId":{"id":1,"detached":false,"destroyed":false,"url":"file:///Users/friday/.hermes/profiles/friday/cache/scratch/T17-v6/tmp/T17-real-electron-1nSbci/.vite/build/offline.html?error=server","processId":5,"routingId":1},"byToken":{"id":1,"detached":false,"destroyed":false,"url":"file:///Users/friday/.hermes/profiles/friday/cache/scratch/T17-v6/tmp/T17-real-electron-1nSbci/.vite/build/offline.html?error=server","processId":5,"routingId":1},"hosted":false,"offline":true,"self":true,"sameContents":true,"sameFrame":true,"detached":false,"sender":{"id":1,"detached":false,"destroyed":false,"url":"file:///Users/friday/.hermes/profiles/friday/cache/scratch/T17-v6/tmp/T17-real-electron-1nSbci/.vite/build/offline.html?error=server","processId":5,"routingId":1},"current":{"id":1,"detached":false,"destroyed":false,"url":"file:///Users/friday/.hermes/profiles/friday/cache/scratch/T17-v6/tmp/T17-real-electron-1nSbci/.vite/build/offline.html?error=server","processId":5,"routingId":1}}
AUTHORIZATION {"scenario":"crash-only","mode":"win32","fixture":1,"action":"minimise","document":"offline","byIdSame":true,"byTokenSame":true,"byId":{"id":1,"detached":false,"destroyed":false,"url":"file:///Users/friday/.hermes/profiles/friday/cache/scratch/T17-v6/tmp/T17-real-electron-1nSbci/.vite/build/offline.html?error=server","processId":5,"routingId":1},"byToken":{"id":1,"detached":false,"destroyed":false,"url":"file:///Users/friday/.hermes/profiles/friday/cache/scratch/T17-v6/tmp/T17-real-electron-1nSbci/.vite/build/offline.html?error=server","processId":5,"routingId":1},"hosted":false,"offline":true,"self":true,"sameContents":true,"sameFrame":true,"detached":false,"sender":{"id":1,"detached":false,"destroyed":false,"url":"file:///Users/friday/.hermes/profiles/friday/cache/scratch/T17-v6/tmp/T17-real-electron-1nSbci/.vite/build/offline.html?error=server","processId":5,"routingId":1},"current":{"id":1,"detached":false,"destroyed":false,"url":"file:///Users/friday/.hermes/profiles/friday/cache/scratch/T17-v6/tmp/T17-real-electron-1nSbci/.vite/build/offline.html?error=server","processId":5,"routingId":1}}
AUTHORIZATION {"scenario":"crash-only","mode":"win32","fixture":1,"action":"close","document":"offline","byIdSame":true,"byTokenSame":true,"byId":{"id":1,"detached":false,"destroyed":false,"url":"file:///Users/friday/.hermes/profiles/friday/cache/scratch/T17-v6/tmp/T17-real-electron-1nSbci/.vite/build/offline.html?error=server","processId":5,"routingId":1},"byToken":{"id":1,"detached":false,"destroyed":false,"url":"file:///Users/friday/.hermes/profiles/friday/cache/scratch/T17-v6/tmp/T17-real-electron-1nSbci/.vite/build/offline.html?error=server","processId":5,"routingId":1},"hosted":false,"offline":true,"self":true,"sameContents":true,"sameFrame":true,"detached":false,"sender":{"id":1,"detached":false,"destroyed":false,"url":"file:///Users/friday/.hermes/profiles/friday/cache/scratch/T17-v6/tmp/T17-real-electron-1nSbci/.vite/build/offline.html?error=server","processId":5,"routingId":1},"current":{"id":1,"detached":false,"destroyed":false,"url":"file:///Users/friday/.hermes/profiles/friday/cache/scratch/T17-v6/tmp/T17-real-electron-1nSbci/.vite/build/offline.html?error=server","processId":5,"routingId":1}}
PASS {"result":"PASS","exit":0,"knownGaps":[],"hardFailures":[]}


{
  "mode": "win32",
  "scenario": "crash-only",
  "exit": 0,
  "emittedSHA256": "33aba3c676f65b56a45ffcc3dde2a16c75846636717ca280087940f00c0ed712",
  "receipt": {
    "passed": true,
    "result": "PASS",
    "exit": 0,
    "knownGaps": [],
    "hardFailures": [],
    "scenario": "crash-only",
    "port": 49270,
    "fixtures": [
      {
        "id": 1,
        "contentsId": 1,
        "purpose": "offline-caption-lifetime"
      }
    ],
    "authorization": [
      {
        "fixture": 1,
        "action": "maximise",
        "document": "offline",
        "byIdSame": true,
        "byTokenSame": true,
        "byId": {
          "id": 1,
          "detached": false,
          "destroyed": false,
          "url": "file:///Users/friday/.hermes/profiles/friday/cache/scratch/T17-v6/tmp/T17-real-electron-1nSbci/.vite/build/offline.html?error=server",
          "processId": 5,
          "routingId": 1
        },
        "byToken": {
          "id": 1,
          "detached": false,
          "destroyed": false,
          "url": "file:///Users/friday/.hermes/profiles/friday/cache/scratch/T17-v6/tmp/T17-real-electron-1nSbci/.vite/build/offline.html?error=server",
          "processId": 5,
          "routingId": 1
        },
        "hosted": false,
        "offline": true,
        "self": true,
        "sameContents": true,
        "sameFrame": true,
        "detached": false,
        "sender": {
          "id": 1,
          "detached": false,
          "destroyed": false,
          "url": "file:///Users/friday/.hermes/profiles/friday/cache/scratch/T17-v6/tmp/T17-real-electron-1nSbci/.vite/build/offline.html?error=server",
          "processId": 5,
          "routingId": 1
        },
        "current": {
          "id": 1,
          "detached": false,
          "destroyed": false,
          "url": "file:///Users/friday/.hermes/profiles/friday/cache/scratch/T17-v6/tmp/T17-real-electron-1nSbci/.vite/build/offline.html?error=server",
          "processId": 5,
          "routingId": 1
        }
      },
      {
        "fixture": 1,
        "action": "maximise",
        "document": "offline",
        "byIdSame": true,
        "byTokenSame": true,
        "byId": {
          "id": 1,
          "detached": false,
          "destroyed": false,
          "url": "file:///Users/friday/.hermes/profiles/friday/cache/scratch/T17-v6/tmp/T17-real-electron-1nSbci/.vite/build/offline.html?error=server",
          "processId": 5,
          "routingId": 1
        },
        "byToken": {
          "id": 1,
          "detached": false,
          "destroyed": false,
          "url": "file:///Users/friday/.hermes/profiles/friday/cache/scratch/T17-v6/tmp/T17-real-electron-1nSbci/.vite/build/offline.html?error=server",
          "processId": 5,
          "routingId": 1
        },
        "hosted": false,
        "offline": true,
        "self": true,
        "sameContents": true,
        "sameFrame": true,
        "detached": false,
        "sender": {
          "id": 1,
          "detached": false,
          "destroyed": false,
          "url": "file:///Users/friday/.hermes/profiles/friday/cache/scratch/T17-v6/tmp/T17-real-electron-1nSbci/.vite/build/offline.html?error=server",
          "processId": 5,
          "routingId": 1
        },
        "current": {
          "id": 1,
          "detached": false,
          "destroyed": false,
          "url": "file:///Users/friday/.hermes/profiles/friday/cache/scratch/T17-v6/tmp/T17-real-electron-1nSbci/.vite/build/offline.html?error=server",
          "processId": 5,
          "routingId": 1
        }
      },
      {
        "fixture": 1,
        "action": "minimise",
        "document": "offline",
        "byIdSame": true,
        "byTokenSame": true,
        "byId": {
          "id": 1,
          "detached": false,
          "destroyed": false,
          "url": "file:///Users/friday/.hermes/profiles/friday/cache/scratch/T17-v6/tmp/T17-real-electron-1nSbci/.vite/build/offline.html?error=server",
          "processId": 5,
          "routingId": 1
        },
        "byToken": {
          "id": 1,
          "detached": false,
          "destroyed": false,
          "url": "file:///Users/friday/.hermes/profiles/friday/cache/scratch/T17-v6/tmp/T17-real-electron-1nSbci/.vite/build/offline.html?error=server",
          "processId": 5,
          "routingId": 1
        },
        "hosted": false,
        "offline": true,
        "self": true,
        "sameContents": true,
        "sameFrame": true,
        "detached": false,
        "sender": {
          "id": 1,
          "detached": false,
          "destroyed": false,
          "url": "file:///Users/friday/.hermes/profiles/friday/cache/scratch/T17-v6/tmp/T17-real-electron-1nSbci/.vite/build/offline.html?error=server",
          "processId": 5,
          "routingId": 1
        },
        "current": {
          "id": 1,
          "detached": false,
          "destroyed": false,
          "url": "file:///Users/friday/.hermes/profiles/friday/cache/scratch/T17-v6/tmp/T17-real-electron-1nSbci/.vite/build/offline.html?error=server",
          "processId": 5,
          "routingId": 1
        }
      },
      {
        "fixture": 1,
        "action": "close",
        "document": "offline",
        "byIdSame": true,
        "byTokenSame": true,
        "byId": {
          "id": 1,
          "detached": false,
          "destroyed": false,
          "url": "file:///Users/friday/.hermes/profiles/friday/cache/scratch/T17-v6/tmp/T17-real-electron-1nSbci/.vite/build/offline.html?error=server",
          "processId": 5,
          "routingId": 1
        },
        "byToken": {
          "id": 1,
          "detached": false,
          "destroyed": false,
          "url": "file:///Users/friday/.hermes/profiles/friday/cache/scratch/T17-v6/tmp/T17-real-electron-1nSbci/.vite/build/offline.html?error=server",
          "processId": 5,
          "routingId": 1
        },
        "hosted": false,
        "offline": true,
        "self": true,
        "sameContents": true,
        "sameFrame": true,
        "detached": false,
        "sender": {
          "id": 1,
          "detached": false,
          "destroyed": false,
          "url": "file:///Users/friday/.hermes/profiles/friday/cache/scratch/T17-v6/tmp/T17-real-electron-1nSbci/.vite/build/offline.html?error=server",
          "processId": 5,
          "routingId": 1
        },
        "current": {
          "id": 1,
          "detached": false,
          "destroyed": false,
          "url": "file:///Users/friday/.hermes/profiles/friday/cache/scratch/T17-v6/tmp/T17-real-electron-1nSbci/.vite/build/offline.html?error=server",
          "processId": 5,
          "routingId": 1
        }
      }
    ],
    "captionActions": [
      {
        "action": "maximise",
        "document": "offline",
        "delivered": true,
        "tuple": {
          "fixture": 1,
          "action": "maximise",
          "document": "offline",
          "byIdSame": true,
          "byTokenSame": true,
          "byId": {
            "id": 1,
            "detached": false,
            "destroyed": false,
            "url": "file:///Users/friday/.hermes/profiles/friday/cache/scratch/T17-v6/tmp/T17-real-electron-1nSbci/.vite/build/offline.html?error=server",
            "processId": 5,
            "routingId": 1
          },
          "byToken": {
            "id": 1,
            "detached": false,
            "destroyed": false,
            "url": "file:///Users/friday/.hermes/profiles/friday/cache/scratch/T17-v6/tmp/T17-real-electron-1nSbci/.vite/build/offline.html?error=server",
            "processId": 5,
            "routingId": 1
          },
          "hosted": false,
          "offline": true,
          "self": true,
          "sameContents": true,
          "sameFrame": true,
          "detached": false,
          "sender": {
            "id": 1,
            "detached": false,
            "destroyed": false,
            "url": "file:///Users/friday/.hermes/profiles/friday/cache/scratch/T17-v6/tmp/T17-real-electron-1nSbci/.vite/build/offline.html?error=server",
            "processId": 5,
            "routingId": 1
          },
          "current": {
            "id": 1,
            "detached": false,
            "destroyed": false,
            "url": "file:///Users/friday/.hermes/profiles/friday/cache/scratch/T17-v6/tmp/T17-real-electron-1nSbci/.vite/build/offline.html?error=server",
            "processId": 5,
            "routingId": 1
          }
        },
        "native": true,
        "error": null,
        "nativeEvents": [
          "maximize"
        ]
      },
      {
        "action": "maximise",
        "document": "offline",
        "delivered": true,
        "tuple": {
          "fixture": 1,
          "action": "maximise",
          "document": "offline",
          "byIdSame": true,
          "byTokenSame": true,
          "byId": {
            "id": 1,
            "detached": false,
            "destroyed": false,
            "url": "file:///Users/friday/.hermes/profiles/friday/cache/scratch/T17-v6/tmp/T17-real-electron-1nSbci/.vite/build/offline.html?error=server",
            "processId": 5,
            "routingId": 1
          },
          "byToken": {
            "id": 1,
            "detached": false,
            "destroyed": false,
            "url": "file:///Users/friday/.hermes/profiles/friday/cache/scratch/T17-v6/tmp/T17-real-electron-1nSbci/.vite/build/offline.html?error=server",
            "processId": 5,
            "routingId": 1
          },
          "hosted": false,
          "offline": true,
          "self": true,
          "sameContents": true,
          "sameFrame": true,
          "detached": false,
          "sender": {
            "id": 1,
            "detached": false,
            "destroyed": false,
            "url": "file:///Users/friday/.hermes/profiles/friday/cache/scratch/T17-v6/tmp/T17-real-electron-1nSbci/.vite/build/offline.html?error=server",
            "processId": 5,
            "routingId": 1
          },
          "current": {
            "id": 1,
            "detached": false,
            "destroyed": false,
            "url": "file:///Users/friday/.hermes/profiles/friday/cache/scratch/T17-v6/tmp/T17-real-electron-1nSbci/.vite/build/offline.html?error=server",
            "processId": 5,
            "routingId": 1
          }
        },
        "native": true,
        "error": null,
        "nativeEvents": [
          "unmaximize"
        ]
      },
      {
        "action": "minimise",
        "document": "offline",
        "delivered": true,
        "tuple": {
          "fixture": 1,
          "action": "minimise",
          "document": "offline",
          "byIdSame": true,
          "byTokenSame": true,
          "byId": {
            "id": 1,
            "detached": false,
            "destroyed": false,
            "url": "file:///Users/friday/.hermes/profiles/friday/cache/scratch/T17-v6/tmp/T17-real-electron-1nSbci/.vite/build/offline.html?error=server",
            "processId": 5,
            "routingId": 1
          },
          "byToken": {
            "id": 1,
            "detached": false,
            "destroyed": false,
            "url": "file:///Users/friday/.hermes/profiles/friday/cache/scratch/T17-v6/tmp/T17-real-electron-1nSbci/.vite/build/offline.html?error=server",
            "processId": 5,
            "routingId": 1
          },
          "hosted": false,
          "offline": true,
          "self": true,
          "sameContents": true,
          "sameFrame": true,
          "detached": false,
          "sender": {
            "id": 1,
            "detached": false,
            "destroyed": false,
            "url": "file:///Users/friday/.hermes/profiles/friday/cache/scratch/T17-v6/tmp/T17-real-electron-1nSbci/.vite/build/offline.html?error=server",
            "processId": 5,
            "routingId": 1
          },
          "current": {
            "id": 1,
            "detached": false,
            "destroyed": false,
            "url": "file:///Users/friday/.hermes/profiles/friday/cache/scratch/T17-v6/tmp/T17-real-electron-1nSbci/.vite/build/offline.html?error=server",
            "processId": 5,
            "routingId": 1
          }
        },
        "native": true,
        "error": null,
        "nativeEvents": [
          "minimize"
        ]
      },
      {
        "action": "close",
        "document": "offline",
        "delivered": true,
        "tuple": {
          "fixture": 1,
          "action": "close",
          "document": "offline",
          "byIdSame": true,
          "byTokenSame": true,
          "byId": {
            "id": 1,
            "detached": false,
            "destroyed": false,
            "url": "file:///Users/friday/.hermes/profiles/friday/cache/scratch/T17-v6/tmp/T17-real-electron-1nSbci/.vite/build/offline.html?error=server",
            "processId": 5,
            "routingId": 1
          },
          "byToken": {
            "id": 1,
            "detached": false,
            "destroyed": false,
            "url": "file:///Users/friday/.hermes/profiles/friday/cache/scratch/T17-v6/tmp/T17-real-electron-1nSbci/.vite/build/offline.html?error=server",
            "processId": 5,
            "routingId": 1
          },
          "hosted": false,
          "offline": true,
          "self": true,
          "sameContents": true,
          "sameFrame": true,
          "detached": false,
          "sender": {
            "id": 1,
            "detached": false,
            "destroyed": false,
            "url": "file:///Users/friday/.hermes/profiles/friday/cache/scratch/T17-v6/tmp/T17-real-electron-1nSbci/.vite/build/offline.html?error=server",
            "processId": 5,
            "routingId": 1
          },
          "current": {
            "id": 1,
            "detached": false,
            "destroyed": false,
            "url": "file:///Users/friday/.hermes/profiles/friday/cache/scratch/T17-v6/tmp/T17-real-electron-1nSbci/.vite/build/offline.html?error=server",
            "processId": 5,
            "routingId": 1
          }
        },
        "native": true,
        "error": null,
        "nativeEvents": [
          "close",
          "closed"
        ]
      }
    ],
    "characterization": {},
    "retryIntents": [],
    "frameStates": [
      {
        "event": "did-start-navigation",
        "fixture": 1,
        "frame": {
          "id": 1,
          "detached": false,
          "destroyed": false,
          "url": "",
          "processId": 4,
          "routingId": 1
        }
      },
      {
        "event": "did-navigate",
        "fixture": 1,
        "frame": {
          "id": 1,
          "detached": false,
          "destroyed": false,
          "url": "http://127.0.0.1:49270/app?configured=1",
          "processId": 4,
          "routingId": 1
        }
      },
      {
        "event": "dom-ready",
        "fixture": 1,
        "frame": {
          "id": 1,
          "detached": false,
          "destroyed": false,
          "url": "http://127.0.0.1:49270/app?configured=1",
          "processId": 4,
          "routingId": 1
        }
      },
      {
        "event": "did-finish-load",
        "fixture": 1,
        "frame": {
          "id": 1,
          "detached": false,
          "destroyed": false,
          "url": "http://127.0.0.1:49270/app?configured=1",
          "processId": 4,
          "routingId": 1
        }
      },
      {
        "event": "did-start-navigation",
        "fixture": 1,
        "frame": {
          "id": 1,
          "detached": false,
          "destroyed": false,
          "url": "",
          "processId": 5,
          "routingId": 1
        }
      },
      {
        "event": "render-process-gone",
        "fixture": 1,
        "frame": {
          "id": 1,
          "detached": false,
          "destroyed": false,
          "url": "",
          "processId": 5,
          "routingId": 1
        }
      },
      {
        "event": "did-navigate",
        "fixture": 1,
        "frame": {
          "id": 1,
          "detached": false,
          "destroyed": false,
          "url": "file:///Users/friday/.hermes/profiles/friday/cache/scratch/T17-v6/tmp/T17-real-electron-1nSbci/.vite/build/offline.html?error=server",
          "processId": 5,
          "routingId": 1
        }
      },
      {
        "event": "dom-ready",
        "fixture": 1,
        "frame": {
          "id": 1,
          "detached": false,
          "destroyed": false,
          "url": "file:///Users/friday/.hermes/profiles/friday/cache/scratch/T17-v6/tmp/T17-real-electron-1nSbci/.vite/build/offline.html?error=server",
          "processId": 5,
          "routingId": 1
        }
      },
      {
        "event": "did-finish-load",
        "fixture": 1,
        "frame": {
          "id": 1,
          "detached": false,
          "destroyed": false,
          "url": "file:///Users/friday/.hermes/profiles/friday/cache/scratch/T17-v6/tmp/T17-real-electron-1nSbci/.vite/build/offline.html?error=server",
          "processId": 5,
          "routingId": 1
        }
      }
    ],
    "electron": "44.5.1",
    "modules": "149",
    "host": "darwin",
    "presentation": "win32",
    "finalPage": {
      "title": "Mutiny — Connection interrupted",
      "error": "Server",
      "heading": "Connection interrupted",
      "captionsHidden": false,
      "platform": "win32",
      "width": 900,
      "height": 600,
      "scrollWidth": 900,
      "bodyWidth": 900,
      "background": "rgb(35, 32, 47)",
      "controls": [
        {
          "id": "minimise",
          "width": 48,
          "height": 44
        },
        {
          "id": "maximise",
          "width": 48,
          "height": 44
        },
        {
          "id": "close",
          "width": 48,
          "height": 44
        },
        {
          "id": "retry",
          "width": 120,
          "height": 44
        }
      ]
    },
    "hits": 1,
    "captions": {
      "minimise": 1,
      "maximise": 2,
      "close": 1
    },
    "events": [
      "renderer:killed",
      "maximize",
      "unmaximize",
      "minimize",
      "restore",
      "close",
      "closed"
    ],
    "requests": [
      "http://127.0.0.1:49270/app?configured=1",
      "file:///Users/friday/.hermes/profiles/friday/cache/scratch/T17-v6/tmp/T17-real-electron-1nSbci/.vite/build/offline.html?error=server"
    ],
    "consoleMessages": [],
    "failures": [],
    "emittedBytes": 4933,
    "emittedFile": "/Users/friday/.hermes/profiles/friday/cache/scratch/T17-v6/tmp/T17-real-electron-1nSbci/.vite/build/offline.html",
    "scope": "Isolated Electron harness only. Windows presentation simulated on macOS; not installed Windows/Linux runtime acceptance."
  }
}
AUTHORIZATION {"scenario":"cdp-only","mode":"win32","fixture":1,"action":"maximise","document":"offline","byIdSame":true,"byTokenSame":true,"byId":{"id":1,"detached":false,"destroyed":false,"url":"file:///Users/friday/.hermes/profiles/friday/cache/scratch/T17-v6/tmp/T17-real-electron-1nSbci/.vite/build/offline.html?error=offline","processId":6,"routingId":4},"byToken":{"id":1,"detached":false,"destroyed":false,"url":"file:///Users/friday/.hermes/profiles/friday/cache/scratch/T17-v6/tmp/T17-real-electron-1nSbci/.vite/build/offline.html?error=offline","processId":6,"routingId":4},"hosted":false,"offline":true,"self":true,"sameContents":true,"sameFrame":true,"detached":false,"sender":{"id":1,"detached":false,"destroyed":false,"url":"file:///Users/friday/.hermes/profiles/friday/cache/scratch/T17-v6/tmp/T17-real-electron-1nSbci/.vite/build/offline.html?error=offline","processId":6,"routingId":4},"current":{"id":1,"detached":false,"destroyed":false,"url":"file:///Users/friday/.hermes/profiles/friday/cache/scratch/T17-v6/tmp/T17-real-electron-1nSbci/.vite/build/offline.html?error=offline","processId":6,"routingId":4}}
AUTHORIZATION {"scenario":"cdp-only","mode":"win32","fixture":1,"action":"maximise","document":"offline","byIdSame":true,"byTokenSame":true,"byId":{"id":1,"detached":false,"destroyed":false,"url":"file:///Users/friday/.hermes/profiles/friday/cache/scratch/T17-v6/tmp/T17-real-electron-1nSbci/.vite/build/offline.html?error=offline","processId":6,"routingId":4},"byToken":{"id":1,"detached":false,"destroyed":false,"url":"file:///Users/friday/.hermes/profiles/friday/cache/scratch/T17-v6/tmp/T17-real-electron-1nSbci/.vite/build/offline.html?error=offline","processId":6,"routingId":4},"hosted":false,"offline":true,"self":true,"sameContents":true,"sameFrame":true,"detached":false,"sender":{"id":1,"detached":false,"destroyed":false,"url":"file:///Users/friday/.hermes/profiles/friday/cache/scratch/T17-v6/tmp/T17-real-electron-1nSbci/.vite/build/offline.html?error=offline","processId":6,"routingId":4},"current":{"id":1,"detached":false,"destroyed":false,"url":"file:///Users/friday/.hermes/profiles/friday/cache/scratch/T17-v6/tmp/T17-real-electron-1nSbci/.vite/build/offline.html?error=offline","processId":6,"routingId":4}}
AUTHORIZATION {"scenario":"cdp-only","mode":"win32","fixture":1,"action":"minimise","document":"offline","byIdSame":true,"byTokenSame":true,"byId":{"id":1,"detached":false,"destroyed":false,"url":"file:///Users/friday/.hermes/profiles/friday/cache/scratch/T17-v6/tmp/T17-real-electron-1nSbci/.vite/build/offline.html?error=offline","processId":6,"routingId":4},"byToken":{"id":1,"detached":false,"destroyed":false,"url":"file:///Users/friday/.hermes/profiles/friday/cache/scratch/T17-v6/tmp/T17-real-electron-1nSbci/.vite/build/offline.html?error=offline","processId":6,"routingId":4},"hosted":false,"offline":true,"self":true,"sameContents":true,"sameFrame":true,"detached":false,"sender":{"id":1,"detached":false,"destroyed":false,"url":"file:///Users/friday/.hermes/profiles/friday/cache/scratch/T17-v6/tmp/T17-real-electron-1nSbci/.vite/build/offline.html?error=offline","processId":6,"routingId":4},"current":{"id":1,"detached":false,"destroyed":false,"url":"file:///Users/friday/.hermes/profiles/friday/cache/scratch/T17-v6/tmp/T17-real-electron-1nSbci/.vite/build/offline.html?error=offline","processId":6,"routingId":4}}
AUTHORIZATION {"scenario":"cdp-only","mode":"win32","fixture":1,"action":"close","document":"offline","byIdSame":true,"byTokenSame":true,"byId":{"id":1,"detached":false,"destroyed":false,"url":"file:///Users/friday/.hermes/profiles/friday/cache/scratch/T17-v6/tmp/T17-real-electron-1nSbci/.vite/build/offline.html?error=offline","processId":6,"routingId":4},"byToken":{"id":1,"detached":false,"destroyed":false,"url":"file:///Users/friday/.hermes/profiles/friday/cache/scratch/T17-v6/tmp/T17-real-electron-1nSbci/.vite/build/offline.html?error=offline","processId":6,"routingId":4},"hosted":false,"offline":true,"self":true,"sameContents":true,"sameFrame":true,"detached":false,"sender":{"id":1,"detached":false,"destroyed":false,"url":"file:///Users/friday/.hermes/profiles/friday/cache/scratch/T17-v6/tmp/T17-real-electron-1nSbci/.vite/build/offline.html?error=offline","processId":6,"routingId":4},"current":{"id":1,"detached":false,"destroyed":false,"url":"file:///Users/friday/.hermes/profiles/friday/cache/scratch/T17-v6/tmp/T17-real-electron-1nSbci/.vite/build/offline.html?error=offline","processId":6,"routingId":4}}
PASS {"result":"PASS","exit":0,"knownGaps":[],"hardFailures":[]}

(node:67294) electron: Failed to load URL: http://127.0.0.1:49270/app?configured=1 with error: ERR_INTERNET_DISCONNECTED
(Use `Electron --trace-warnings ...` to show where the warning was created)
(electron) 'console-message' arguments are deprecated and will be removed. Please use Event<WebContentsConsoleMessageEventParams> object instead.

{
  "mode": "win32",
  "scenario": "cdp-only",
  "exit": 0,
  "emittedSHA256": "33aba3c676f65b56a45ffcc3dde2a16c75846636717ca280087940f00c0ed712",
  "receipt": {
    "passed": true,
    "result": "PASS",
    "exit": 0,
    "knownGaps": [],
    "hardFailures": [],
    "scenario": "cdp-only",
    "port": 49270,
    "fixtures": [
      {
        "id": 1,
        "contentsId": 1,
        "purpose": "offline-caption-lifetime"
      }
    ],
    "authorization": [
      {
        "fixture": 1,
        "action": "maximise",
        "document": "offline",
        "byIdSame": true,
        "byTokenSame": true,
        "byId": {
          "id": 1,
          "detached": false,
          "destroyed": false,
          "url": "file:///Users/friday/.hermes/profiles/friday/cache/scratch/T17-v6/tmp/T17-real-electron-1nSbci/.vite/build/offline.html?error=offline",
          "processId": 6,
          "routingId": 4
        },
        "byToken": {
          "id": 1,
          "detached": false,
          "destroyed": false,
          "url": "file:///Users/friday/.hermes/profiles/friday/cache/scratch/T17-v6/tmp/T17-real-electron-1nSbci/.vite/build/offline.html?error=offline",
          "processId": 6,
          "routingId": 4
        },
        "hosted": false,
        "offline": true,
        "self": true,
        "sameContents": true,
        "sameFrame": true,
        "detached": false,
        "sender": {
          "id": 1,
          "detached": false,
          "destroyed": false,
          "url": "file:///Users/friday/.hermes/profiles/friday/cache/scratch/T17-v6/tmp/T17-real-electron-1nSbci/.vite/build/offline.html?error=offline",
          "processId": 6,
          "routingId": 4
        },
        "current": {
          "id": 1,
          "detached": false,
          "destroyed": false,
          "url": "file:///Users/friday/.hermes/profiles/friday/cache/scratch/T17-v6/tmp/T17-real-electron-1nSbci/.vite/build/offline.html?error=offline",
          "processId": 6,
          "routingId": 4
        }
      },
      {
        "fixture": 1,
        "action": "maximise",
        "document": "offline",
        "byIdSame": true,
        "byTokenSame": true,
        "byId": {
          "id": 1,
          "detached": false,
          "destroyed": false,
          "url": "file:///Users/friday/.hermes/profiles/friday/cache/scratch/T17-v6/tmp/T17-real-electron-1nSbci/.vite/build/offline.html?error=offline",
          "processId": 6,
          "routingId": 4
        },
        "byToken": {
          "id": 1,
          "detached": false,
          "destroyed": false,
          "url": "file:///Users/friday/.hermes/profiles/friday/cache/scratch/T17-v6/tmp/T17-real-electron-1nSbci/.vite/build/offline.html?error=offline",
          "processId": 6,
          "routingId": 4
        },
        "hosted": false,
        "offline": true,
        "self": true,
        "sameContents": true,
        "sameFrame": true,
        "detached": false,
        "sender": {
          "id": 1,
          "detached": false,
          "destroyed": false,
          "url": "file:///Users/friday/.hermes/profiles/friday/cache/scratch/T17-v6/tmp/T17-real-electron-1nSbci/.vite/build/offline.html?error=offline",
          "processId": 6,
          "routingId": 4
        },
        "current": {
          "id": 1,
          "detached": false,
          "destroyed": false,
          "url": "file:///Users/friday/.hermes/profiles/friday/cache/scratch/T17-v6/tmp/T17-real-electron-1nSbci/.vite/build/offline.html?error=offline",
          "processId": 6,
          "routingId": 4
        }
      },
      {
        "fixture": 1,
        "action": "minimise",
        "document": "offline",
        "byIdSame": true,
        "byTokenSame": true,
        "byId": {
          "id": 1,
          "detached": false,
          "destroyed": false,
          "url": "file:///Users/friday/.hermes/profiles/friday/cache/scratch/T17-v6/tmp/T17-real-electron-1nSbci/.vite/build/offline.html?error=offline",
          "processId": 6,
          "routingId": 4
        },
        "byToken": {
          "id": 1,
          "detached": false,
          "destroyed": false,
          "url": "file:///Users/friday/.hermes/profiles/friday/cache/scratch/T17-v6/tmp/T17-real-electron-1nSbci/.vite/build/offline.html?error=offline",
          "processId": 6,
          "routingId": 4
        },
        "hosted": false,
        "offline": true,
        "self": true,
        "sameContents": true,
        "sameFrame": true,
        "detached": false,
        "sender": {
          "id": 1,
          "detached": false,
          "destroyed": false,
          "url": "file:///Users/friday/.hermes/profiles/friday/cache/scratch/T17-v6/tmp/T17-real-electron-1nSbci/.vite/build/offline.html?error=offline",
          "processId": 6,
          "routingId": 4
        },
        "current": {
          "id": 1,
          "detached": false,
          "destroyed": false,
          "url": "file:///Users/friday/.hermes/profiles/friday/cache/scratch/T17-v6/tmp/T17-real-electron-1nSbci/.vite/build/offline.html?error=offline",
          "processId": 6,
          "routingId": 4
        }
      },
      {
        "fixture": 1,
        "action": "close",
        "document": "offline",
        "byIdSame": true,
        "byTokenSame": true,
        "byId": {
          "id": 1,
          "detached": false,
          "destroyed": false,
          "url": "file:///Users/friday/.hermes/profiles/friday/cache/scratch/T17-v6/tmp/T17-real-electron-1nSbci/.vite/build/offline.html?error=offline",
          "processId": 6,
          "routingId": 4
        },
        "byToken": {
          "id": 1,
          "detached": false,
          "destroyed": false,
          "url": "file:///Users/friday/.hermes/profiles/friday/cache/scratch/T17-v6/tmp/T17-real-electron-1nSbci/.vite/build/offline.html?error=offline",
          "processId": 6,
          "routingId": 4
        },
        "hosted": false,
        "offline": true,
        "self": true,
        "sameContents": true,
        "sameFrame": true,
        "detached": false,
        "sender": {
          "id": 1,
          "detached": false,
          "destroyed": false,
          "url": "file:///Users/friday/.hermes/profiles/friday/cache/scratch/T17-v6/tmp/T17-real-electron-1nSbci/.vite/build/offline.html?error=offline",
          "processId": 6,
          "routingId": 4
        },
        "current": {
          "id": 1,
          "detached": false,
          "destroyed": false,
          "url": "file:///Users/friday/.hermes/profiles/friday/cache/scratch/T17-v6/tmp/T17-real-electron-1nSbci/.vite/build/offline.html?error=offline",
          "processId": 6,
          "routingId": 4
        }
      }
    ],
    "captionActions": [
      {
        "action": "maximise",
        "document": "offline",
        "delivered": true,
        "tuple": {
          "fixture": 1,
          "action": "maximise",
          "document": "offline",
          "byIdSame": true,
          "byTokenSame": true,
          "byId": {
            "id": 1,
            "detached": false,
            "destroyed": false,
            "url": "file:///Users/friday/.hermes/profiles/friday/cache/scratch/T17-v6/tmp/T17-real-electron-1nSbci/.vite/build/offline.html?error=offline",
            "processId": 6,
            "routingId": 4
          },
          "byToken": {
            "id": 1,
            "detached": false,
            "destroyed": false,
            "url": "file:///Users/friday/.hermes/profiles/friday/cache/scratch/T17-v6/tmp/T17-real-electron-1nSbci/.vite/build/offline.html?error=offline",
            "processId": 6,
            "routingId": 4
          },
          "hosted": false,
          "offline": true,
          "self": true,
          "sameContents": true,
          "sameFrame": true,
          "detached": false,
          "sender": {
            "id": 1,
            "detached": false,
            "destroyed": false,
            "url": "file:///Users/friday/.hermes/profiles/friday/cache/scratch/T17-v6/tmp/T17-real-electron-1nSbci/.vite/build/offline.html?error=offline",
            "processId": 6,
            "routingId": 4
          },
          "current": {
            "id": 1,
            "detached": false,
            "destroyed": false,
            "url": "file:///Users/friday/.hermes/profiles/friday/cache/scratch/T17-v6/tmp/T17-real-electron-1nSbci/.vite/build/offline.html?error=offline",
            "processId": 6,
            "routingId": 4
          }
        },
        "native": true,
        "error": null,
        "nativeEvents": [
          "maximize"
        ]
      },
      {
        "action": "maximise",
        "document": "offline",
        "delivered": true,
        "tuple": {
          "fixture": 1,
          "action": "maximise",
          "document": "offline",
          "byIdSame": true,
          "byTokenSame": true,
          "byId": {
            "id": 1,
            "detached": false,
            "destroyed": false,
            "url": "file:///Users/friday/.hermes/profiles/friday/cache/scratch/T17-v6/tmp/T17-real-electron-1nSbci/.vite/build/offline.html?error=offline",
            "processId": 6,
            "routingId": 4
          },
          "byToken": {
            "id": 1,
            "detached": false,
            "destroyed": false,
            "url": "file:///Users/friday/.hermes/profiles/friday/cache/scratch/T17-v6/tmp/T17-real-electron-1nSbci/.vite/build/offline.html?error=offline",
            "processId": 6,
            "routingId": 4
          },
          "hosted": false,
          "offline": true,
          "self": true,
          "sameContents": true,
          "sameFrame": true,
          "detached": false,
          "sender": {
            "id": 1,
            "detached": false,
            "destroyed": false,
            "url": "file:///Users/friday/.hermes/profiles/friday/cache/scratch/T17-v6/tmp/T17-real-electron-1nSbci/.vite/build/offline.html?error=offline",
            "processId": 6,
            "routingId": 4
          },
          "current": {
            "id": 1,
            "detached": false,
            "destroyed": false,
            "url": "file:///Users/friday/.hermes/profiles/friday/cache/scratch/T17-v6/tmp/T17-real-electron-1nSbci/.vite/build/offline.html?error=offline",
            "processId": 6,
            "routingId": 4
          }
        },
        "native": true,
        "error": null,
        "nativeEvents": [
          "unmaximize"
        ]
      },
      {
        "action": "minimise",
        "document": "offline",
        "delivered": true,
        "tuple": {
          "fixture": 1,
          "action": "minimise",
          "document": "offline",
          "byIdSame": true,
          "byTokenSame": true,
          "byId": {
            "id": 1,
            "detached": false,
            "destroyed": false,
            "url": "file:///Users/friday/.hermes/profiles/friday/cache/scratch/T17-v6/tmp/T17-real-electron-1nSbci/.vite/build/offline.html?error=offline",
            "processId": 6,
            "routingId": 4
          },
          "byToken": {
            "id": 1,
            "detached": false,
            "destroyed": false,
            "url": "file:///Users/friday/.hermes/profiles/friday/cache/scratch/T17-v6/tmp/T17-real-electron-1nSbci/.vite/build/offline.html?error=offline",
            "processId": 6,
            "routingId": 4
          },
          "hosted": false,
          "offline": true,
          "self": true,
          "sameContents": true,
          "sameFrame": true,
          "detached": false,
          "sender": {
            "id": 1,
            "detached": false,
            "destroyed": false,
            "url": "file:///Users/friday/.hermes/profiles/friday/cache/scratch/T17-v6/tmp/T17-real-electron-1nSbci/.vite/build/offline.html?error=offline",
            "processId": 6,
            "routingId": 4
          },
          "current": {
            "id": 1,
            "detached": false,
            "destroyed": false,
            "url": "file:///Users/friday/.hermes/profiles/friday/cache/scratch/T17-v6/tmp/T17-real-electron-1nSbci/.vite/build/offline.html?error=offline",
            "processId": 6,
            "routingId": 4
          }
        },
        "native": true,
        "error": null,
        "nativeEvents": [
          "minimize"
        ]
      },
      {
        "action": "close",
        "document": "offline",
        "delivered": true,
        "tuple": {
          "fixture": 1,
          "action": "close",
          "document": "offline",
          "byIdSame": true,
          "byTokenSame": true,
          "byId": {
            "id": 1,
            "detached": false,
            "destroyed": false,
            "url": "file:///Users/friday/.hermes/profiles/friday/cache/scratch/T17-v6/tmp/T17-real-electron-1nSbci/.vite/build/offline.html?error=offline",
            "processId": 6,
            "routingId": 4
          },
          "byToken": {
            "id": 1,
            "detached": false,
            "destroyed": false,
            "url": "file:///Users/friday/.hermes/profiles/friday/cache/scratch/T17-v6/tmp/T17-real-electron-1nSbci/.vite/build/offline.html?error=offline",
            "processId": 6,
            "routingId": 4
          },
          "hosted": false,
          "offline": true,
          "self": true,
          "sameContents": true,
          "sameFrame": true,
          "detached": false,
          "sender": {
            "id": 1,
            "detached": false,
            "destroyed": false,
            "url": "file:///Users/friday/.hermes/profiles/friday/cache/scratch/T17-v6/tmp/T17-real-electron-1nSbci/.vite/build/offline.html?error=offline",
            "processId": 6,
            "routingId": 4
          },
          "current": {
            "id": 1,
            "detached": false,
            "destroyed": false,
            "url": "file:///Users/friday/.hermes/profiles/friday/cache/scratch/T17-v6/tmp/T17-real-electron-1nSbci/.vite/build/offline.html?error=offline",
            "processId": 6,
            "routingId": 4
          }
        },
        "native": true,
        "error": null,
        "nativeEvents": [
          "close",
          "closed"
        ]
      }
    ],
    "characterization": {},
    "retryIntents": [],
    "frameStates": [
      {
        "event": "did-start-navigation",
        "fixture": 1,
        "frame": {
          "id": 1,
          "detached": false,
          "destroyed": false,
          "url": "",
          "processId": 4,
          "routingId": 1
        }
      },
      {
        "event": "did-navigate",
        "fixture": 1,
        "frame": {
          "id": 1,
          "detached": false,
          "destroyed": false,
          "url": "http://127.0.0.1:49270/app?configured=1",
          "processId": 4,
          "routingId": 1
        }
      },
      {
        "event": "dom-ready",
        "fixture": 1,
        "frame": {
          "id": 1,
          "detached": false,
          "destroyed": false,
          "url": "http://127.0.0.1:49270/app?configured=1",
          "processId": 4,
          "routingId": 1
        }
      },
      {
        "event": "did-finish-load",
        "fixture": 1,
        "frame": {
          "id": 1,
          "detached": false,
          "destroyed": false,
          "url": "http://127.0.0.1:49270/app?configured=1",
          "processId": 4,
          "routingId": 1
        }
      },
      {
        "event": "did-start-navigation",
        "fixture": 1,
        "frame": {
          "id": 1,
          "detached": false,
          "destroyed": false,
          "url": "http://127.0.0.1:49270/app?configured=1",
          "processId": 4,
          "routingId": 1
        }
      },
      {
        "event": "did-start-navigation",
        "fixture": 1,
        "frame": {
          "id": 1,
          "detached": false,
          "destroyed": false,
          "url": "http://127.0.0.1:49270/app?configured=1",
          "processId": 5,
          "routingId": 4
        }
      },
      {
        "event": "dom-ready",
        "fixture": 1,
        "frame": {
          "id": 1,
          "detached": false,
          "destroyed": false,
          "url": "http://127.0.0.1:49270/app?configured=1",
          "processId": 5,
          "routingId": 4
        }
      },
      {
        "event": "did-finish-load",
        "fixture": 1,
        "frame": {
          "id": 1,
          "detached": false,
          "destroyed": false,
          "url": "http://127.0.0.1:49270/app?configured=1",
          "processId": 5,
          "routingId": 4
        }
      },
      {
        "event": "did-navigate",
        "fixture": 1,
        "frame": {
          "id": 1,
          "detached": false,
          "destroyed": false,
          "url": "file:///Users/friday/.hermes/profiles/friday/cache/scratch/T17-v6/tmp/T17-real-electron-1nSbci/.vite/build/offline.html?error=offline",
          "processId": 6,
          "routingId": 4
        }
      },
      {
        "event": "dom-ready",
        "fixture": 1,
        "frame": {
          "id": 1,
          "detached": false,
          "destroyed": false,
          "url": "file:///Users/friday/.hermes/profiles/friday/cache/scratch/T17-v6/tmp/T17-real-electron-1nSbci/.vite/build/offline.html?error=offline",
          "processId": 6,
          "routingId": 4
        }
      },
      {
        "event": "did-finish-load",
        "fixture": 1,
        "frame": {
          "id": 1,
          "detached": false,
          "destroyed": false,
          "url": "file:///Users/friday/.hermes/profiles/friday/cache/scratch/T17-v6/tmp/T17-real-electron-1nSbci/.vite/build/offline.html?error=offline",
          "processId": 6,
          "routingId": 4
        }
      }
    ],
    "electron": "44.5.1",
    "modules": "149",
    "host": "darwin",
    "presentation": "win32",
    "finalPage": {
      "title": "Mutiny — Connection interrupted",
      "error": "Offline",
      "heading": "Connection interrupted",
      "captionsHidden": false,
      "platform": "win32",
      "width": 900,
      "height": 600,
      "scrollWidth": 900,
      "bodyWidth": 900,
      "background": "rgb(35, 32, 47)",
      "controls": [
        {
          "id": "minimise",
          "width": 48,
          "height": 44
        },
        {
          "id": "maximise",
          "width": 48,
          "height": 44
        },
        {
          "id": "close",
          "width": 48,
          "height": 44
        },
        {
          "id": "retry",
          "width": 120,
          "height": 44
        }
      ]
    },
    "hits": 1,
    "captions": {
      "minimise": 1,
      "maximise": 2,
      "close": 1
    },
    "events": [
      "maximize",
      "unmaximize",
      "minimize",
      "restore",
      "close",
      "closed"
    ],
    "requests": [
      "http://127.0.0.1:49270/app?configured=1",
      "http://127.0.0.1:49270/app?configured=1",
      "file:///Users/friday/.hermes/profiles/friday/cache/scratch/T17-v6/tmp/T17-real-electron-1nSbci/.vite/build/offline.html?error=offline"
    ],
    "consoleMessages": [
      {
        "level": 2,
        "message": "%cElectron Security Warning (Insecure Content-Security-Policy) font-weight: bold; This renderer process has either no Content Security\n  Policy set or a policy with \"unsafe-eval\" enabled. This exposes users of\n  this app to unnecessary security risks.\n\nFor more information and help, consult\nhttps://electronjs.org/docs/tutorial/security.\nThis warning will not show up\nonce the app is packaged."
      }
    ],
    "failures": [
      {
        "code": -106,
        "description": "ERR_INTERNET_DISCONNECTED",
        "url": "http://127.0.0.1:49270/app?configured=1",
        "main": true
      }
    ],
    "emittedBytes": 4933,
    "emittedFile": "/Users/friday/.hermes/profiles/friday/cache/scratch/T17-v6/tmp/T17-real-electron-1nSbci/.vite/build/offline.html",
    "scope": "Isolated Electron harness only. Windows presentation simulated on macOS; not installed Windows/Linux runtime acceptance."
  }
}
AUTHORIZATION {"scenario":"full-v3","mode":"win32","fixture":1,"action":"maximise","document":"offline","byIdSame":true,"byTokenSame":true,"byId":{"id":1,"detached":false,"destroyed":false,"url":"file:///Users/friday/.hermes/profiles/friday/cache/scratch/T17-v6/tmp/T17-real-electron-1nSbci/.vite/build/offline.html?error=offline","processId":9,"routingId":12},"byToken":{"id":1,"detached":false,"destroyed":false,"url":"file:///Users/friday/.hermes/profiles/friday/cache/scratch/T17-v6/tmp/T17-real-electron-1nSbci/.vite/build/offline.html?error=offline","processId":9,"routingId":12},"hosted":false,"offline":true,"self":true,"sameContents":true,"sameFrame":true,"detached":false,"sender":{"id":1,"detached":false,"destroyed":false,"url":"file:///Users/friday/.hermes/profiles/friday/cache/scratch/T17-v6/tmp/T17-real-electron-1nSbci/.vite/build/offline.html?error=offline","processId":9,"routingId":12},"current":{"id":1,"detached":false,"destroyed":false,"url":"file:///Users/friday/.hermes/profiles/friday/cache/scratch/T17-v6/tmp/T17-real-electron-1nSbci/.vite/build/offline.html?error=offline","processId":9,"routingId":12}}
AUTHORIZATION {"scenario":"full-v3","mode":"win32","fixture":1,"action":"maximise","document":"offline","byIdSame":true,"byTokenSame":true,"byId":{"id":1,"detached":false,"destroyed":false,"url":"file:///Users/friday/.hermes/profiles/friday/cache/scratch/T17-v6/tmp/T17-real-electron-1nSbci/.vite/build/offline.html?error=offline","processId":9,"routingId":12},"byToken":{"id":1,"detached":false,"destroyed":false,"url":"file:///Users/friday/.hermes/profiles/friday/cache/scratch/T17-v6/tmp/T17-real-electron-1nSbci/.vite/build/offline.html?error=offline","processId":9,"routingId":12},"hosted":false,"offline":true,"self":true,"sameContents":true,"sameFrame":true,"detached":false,"sender":{"id":1,"detached":false,"destroyed":false,"url":"file:///Users/friday/.hermes/profiles/friday/cache/scratch/T17-v6/tmp/T17-real-electron-1nSbci/.vite/build/offline.html?error=offline","processId":9,"routingId":12},"current":{"id":1,"detached":false,"destroyed":false,"url":"file:///Users/friday/.hermes/profiles/friday/cache/scratch/T17-v6/tmp/T17-real-electron-1nSbci/.vite/build/offline.html?error=offline","processId":9,"routingId":12}}
AUTHORIZATION {"scenario":"full-v3","mode":"win32","fixture":1,"action":"minimise","document":"offline","byIdSame":true,"byTokenSame":true,"byId":{"id":1,"detached":false,"destroyed":false,"url":"file:///Users/friday/.hermes/profiles/friday/cache/scratch/T17-v6/tmp/T17-real-electron-1nSbci/.vite/build/offline.html?error=offline","processId":9,"routingId":12},"byToken":{"id":1,"detached":false,"destroyed":false,"url":"file:///Users/friday/.hermes/profiles/friday/cache/scratch/T17-v6/tmp/T17-real-electron-1nSbci/.vite/build/offline.html?error=offline","processId":9,"routingId":12},"hosted":false,"offline":true,"self":true,"sameContents":true,"sameFrame":true,"detached":false,"sender":{"id":1,"detached":false,"destroyed":false,"url":"file:///Users/friday/.hermes/profiles/friday/cache/scratch/T17-v6/tmp/T17-real-electron-1nSbci/.vite/build/offline.html?error=offline","processId":9,"routingId":12},"current":{"id":1,"detached":false,"destroyed":false,"url":"file:///Users/friday/.hermes/profiles/friday/cache/scratch/T17-v6/tmp/T17-real-electron-1nSbci/.vite/build/offline.html?error=offline","processId":9,"routingId":12}}
AUTHORIZATION {"scenario":"full-v3","mode":"win32","fixture":1,"action":"close","document":"offline","byIdSame":true,"byTokenSame":true,"byId":{"id":1,"detached":false,"destroyed":false,"url":"file:///Users/friday/.hermes/profiles/friday/cache/scratch/T17-v6/tmp/T17-real-electron-1nSbci/.vite/build/offline.html?error=offline","processId":9,"routingId":12},"byToken":{"id":1,"detached":false,"destroyed":false,"url":"file:///Users/friday/.hermes/profiles/friday/cache/scratch/T17-v6/tmp/T17-real-electron-1nSbci/.vite/build/offline.html?error=offline","processId":9,"routingId":12},"hosted":false,"offline":true,"self":true,"sameContents":true,"sameFrame":true,"detached":false,"sender":{"id":1,"detached":false,"destroyed":false,"url":"file:///Users/friday/.hermes/profiles/friday/cache/scratch/T17-v6/tmp/T17-real-electron-1nSbci/.vite/build/offline.html?error=offline","processId":9,"routingId":12},"current":{"id":1,"detached":false,"destroyed":false,"url":"file:///Users/friday/.hermes/profiles/friday/cache/scratch/T17-v6/tmp/T17-real-electron-1nSbci/.vite/build/offline.html?error=offline","processId":9,"routingId":12}}
PASS {"result":"PASS","exit":0,"knownGaps":[],"hardFailures":[]}

(node:67314) electron: Failed to load URL: http://127.0.0.1:49270/app?configured=1 with error: ERR_INTERNET_DISCONNECTED
(Use `Electron --trace-warnings ...` to show where the warning was created)
(electron) 'console-message' arguments are deprecated and will be removed. Please use Event<WebContentsConsoleMessageEventParams> object instead.

{
  "mode": "win32",
  "scenario": "full-v3",
  "exit": 0,
  "emittedSHA256": "33aba3c676f65b56a45ffcc3dde2a16c75846636717ca280087940f00c0ed712",
  "receipt": {
    "passed": true,
    "result": "PASS",
    "exit": 0,
    "knownGaps": [],
    "hardFailures": [],
    "scenario": "full-v3",
    "port": 49270,
    "fixtures": [
      {
        "id": 1,
        "contentsId": 1,
        "purpose": "offline-caption-lifetime"
      }
    ],
    "authorization": [
      {
        "fixture": 1,
        "action": "maximise",
        "document": "offline",
        "byIdSame": true,
        "byTokenSame": true,
        "byId": {
          "id": 1,
          "detached": false,
          "destroyed": false,
          "url": "file:///Users/friday/.hermes/profiles/friday/cache/scratch/T17-v6/tmp/T17-real-electron-1nSbci/.vite/build/offline.html?error=offline",
          "processId": 9,
          "routingId": 12
        },
        "byToken": {
          "id": 1,
          "detached": false,
          "destroyed": false,
          "url": "file:///Users/friday/.hermes/profiles/friday/cache/scratch/T17-v6/tmp/T17-real-electron-1nSbci/.vite/build/offline.html?error=offline",
          "processId": 9,
          "routingId": 12
        },
        "hosted": false,
        "offline": true,
        "self": true,
        "sameContents": true,
        "sameFrame": true,
        "detached": false,
        "sender": {
          "id": 1,
          "detached": false,
          "destroyed": false,
          "url": "file:///Users/friday/.hermes/profiles/friday/cache/scratch/T17-v6/tmp/T17-real-electron-1nSbci/.vite/build/offline.html?error=offline",
          "processId": 9,
          "routingId": 12
        },
        "current": {
          "id": 1,
          "detached": false,
          "destroyed": false,
          "url": "file:///Users/friday/.hermes/profiles/friday/cache/scratch/T17-v6/tmp/T17-real-electron-1nSbci/.vite/build/offline.html?error=offline",
          "processId": 9,
          "routingId": 12
        }
      },
      {
        "fixture": 1,
        "action": "maximise",
        "document": "offline",
        "byIdSame": true,
        "byTokenSame": true,
        "byId": {
          "id": 1,
          "detached": false,
          "destroyed": false,
          "url": "file:///Users/friday/.hermes/profiles/friday/cache/scratch/T17-v6/tmp/T17-real-electron-1nSbci/.vite/build/offline.html?error=offline",
          "processId": 9,
          "routingId": 12
        },
        "byToken": {
          "id": 1,
          "detached": false,
          "destroyed": false,
          "url": "file:///Users/friday/.hermes/profiles/friday/cache/scratch/T17-v6/tmp/T17-real-electron-1nSbci/.vite/build/offline.html?error=offline",
          "processId": 9,
          "routingId": 12
        },
        "hosted": false,
        "offline": true,
        "self": true,
        "sameContents": true,
        "sameFrame": true,
        "detached": false,
        "sender": {
          "id": 1,
          "detached": false,
          "destroyed": false,
          "url": "file:///Users/friday/.hermes/profiles/friday/cache/scratch/T17-v6/tmp/T17-real-electron-1nSbci/.vite/build/offline.html?error=offline",
          "processId": 9,
          "routingId": 12
        },
        "current": {
          "id": 1,
          "detached": false,
          "destroyed": false,
          "url": "file:///Users/friday/.hermes/profiles/friday/cache/scratch/T17-v6/tmp/T17-real-electron-1nSbci/.vite/build/offline.html?error=offline",
          "processId": 9,
          "routingId": 12
        }
      },
      {
        "fixture": 1,
        "action": "minimise",
        "document": "offline",
        "byIdSame": true,
        "byTokenSame": true,
        "byId": {
          "id": 1,
          "detached": false,
          "destroyed": false,
          "url": "file:///Users/friday/.hermes/profiles/friday/cache/scratch/T17-v6/tmp/T17-real-electron-1nSbci/.vite/build/offline.html?error=offline",
          "processId": 9,
          "routingId": 12
        },
        "byToken": {
          "id": 1,
          "detached": false,
          "destroyed": false,
          "url": "file:///Users/friday/.hermes/profiles/friday/cache/scratch/T17-v6/tmp/T17-real-electron-1nSbci/.vite/build/offline.html?error=offline",
          "processId": 9,
          "routingId": 12
        },
        "hosted": false,
        "offline": true,
        "self": true,
        "sameContents": true,
        "sameFrame": true,
        "detached": false,
        "sender": {
          "id": 1,
          "detached": false,
          "destroyed": false,
          "url": "file:///Users/friday/.hermes/profiles/friday/cache/scratch/T17-v6/tmp/T17-real-electron-1nSbci/.vite/build/offline.html?error=offline",
          "processId": 9,
          "routingId": 12
        },
        "current": {
          "id": 1,
          "detached": false,
          "destroyed": false,
          "url": "file:///Users/friday/.hermes/profiles/friday/cache/scratch/T17-v6/tmp/T17-real-electron-1nSbci/.vite/build/offline.html?error=offline",
          "processId": 9,
          "routingId": 12
        }
      },
      {
        "fixture": 1,
        "action": "close",
        "document": "offline",
        "byIdSame": true,
        "byTokenSame": true,
        "byId": {
          "id": 1,
          "detached": false,
          "destroyed": false,
          "url": "file:///Users/friday/.hermes/profiles/friday/cache/scratch/T17-v6/tmp/T17-real-electron-1nSbci/.vite/build/offline.html?error=offline",
          "processId": 9,
          "routingId": 12
        },
        "byToken": {
          "id": 1,
          "detached": false,
          "destroyed": false,
          "url": "file:///Users/friday/.hermes/profiles/friday/cache/scratch/T17-v6/tmp/T17-real-electron-1nSbci/.vite/build/offline.html?error=offline",
          "processId": 9,
          "routingId": 12
        },
        "hosted": false,
        "offline": true,
        "self": true,
        "sameContents": true,
        "sameFrame": true,
        "detached": false,
        "sender": {
          "id": 1,
          "detached": false,
          "destroyed": false,
          "url": "file:///Users/friday/.hermes/profiles/friday/cache/scratch/T17-v6/tmp/T17-real-electron-1nSbci/.vite/build/offline.html?error=offline",
          "processId": 9,
          "routingId": 12
        },
        "current": {
          "id": 1,
          "detached": false,
          "destroyed": false,
          "url": "file:///Users/friday/.hermes/profiles/friday/cache/scratch/T17-v6/tmp/T17-real-electron-1nSbci/.vite/build/offline.html?error=offline",
          "processId": 9,
          "routingId": 12
        }
      }
    ],
    "captionActions": [
      {
        "action": "maximise",
        "document": "offline",
        "delivered": true,
        "tuple": {
          "fixture": 1,
          "action": "maximise",
          "document": "offline",
          "byIdSame": true,
          "byTokenSame": true,
          "byId": {
            "id": 1,
            "detached": false,
            "destroyed": false,
            "url": "file:///Users/friday/.hermes/profiles/friday/cache/scratch/T17-v6/tmp/T17-real-electron-1nSbci/.vite/build/offline.html?error=offline",
            "processId": 9,
            "routingId": 12
          },
          "byToken": {
            "id": 1,
            "detached": false,
            "destroyed": false,
            "url": "file:///Users/friday/.hermes/profiles/friday/cache/scratch/T17-v6/tmp/T17-real-electron-1nSbci/.vite/build/offline.html?error=offline",
            "processId": 9,
            "routingId": 12
          },
          "hosted": false,
          "offline": true,
          "self": true,
          "sameContents": true,
          "sameFrame": true,
          "detached": false,
          "sender": {
            "id": 1,
            "detached": false,
            "destroyed": false,
            "url": "file:///Users/friday/.hermes/profiles/friday/cache/scratch/T17-v6/tmp/T17-real-electron-1nSbci/.vite/build/offline.html?error=offline",
            "processId": 9,
            "routingId": 12
          },
          "current": {
            "id": 1,
            "detached": false,
            "destroyed": false,
            "url": "file:///Users/friday/.hermes/profiles/friday/cache/scratch/T17-v6/tmp/T17-real-electron-1nSbci/.vite/build/offline.html?error=offline",
            "processId": 9,
            "routingId": 12
          }
        },
        "native": true,
        "error": null,
        "nativeEvents": [
          "maximize"
        ]
      },
      {
        "action": "maximise",
        "document": "offline",
        "delivered": true,
        "tuple": {
          "fixture": 1,
          "action": "maximise",
          "document": "offline",
          "byIdSame": true,
          "byTokenSame": true,
          "byId": {
            "id": 1,
            "detached": false,
            "destroyed": false,
            "url": "file:///Users/friday/.hermes/profiles/friday/cache/scratch/T17-v6/tmp/T17-real-electron-1nSbci/.vite/build/offline.html?error=offline",
            "processId": 9,
            "routingId": 12
          },
          "byToken": {
            "id": 1,
            "detached": false,
            "destroyed": false,
            "url": "file:///Users/friday/.hermes/profiles/friday/cache/scratch/T17-v6/tmp/T17-real-electron-1nSbci/.vite/build/offline.html?error=offline",
            "processId": 9,
            "routingId": 12
          },
          "hosted": false,
          "offline": true,
          "self": true,
          "sameContents": true,
          "sameFrame": true,
          "detached": false,
          "sender": {
            "id": 1,
            "detached": false,
            "destroyed": false,
            "url": "file:///Users/friday/.hermes/profiles/friday/cache/scratch/T17-v6/tmp/T17-real-electron-1nSbci/.vite/build/offline.html?error=offline",
            "processId": 9,
            "routingId": 12
          },
          "current": {
            "id": 1,
            "detached": false,
            "destroyed": false,
            "url": "file:///Users/friday/.hermes/profiles/friday/cache/scratch/T17-v6/tmp/T17-real-electron-1nSbci/.vite/build/offline.html?error=offline",
            "processId": 9,
            "routingId": 12
          }
        },
        "native": true,
        "error": null,
        "nativeEvents": [
          "unmaximize"
        ]
      },
      {
        "action": "minimise",
        "document": "offline",
        "delivered": true,
        "tuple": {
          "fixture": 1,
          "action": "minimise",
          "document": "offline",
          "byIdSame": true,
          "byTokenSame": true,
          "byId": {
            "id": 1,
            "detached": false,
            "destroyed": false,
            "url": "file:///Users/friday/.hermes/profiles/friday/cache/scratch/T17-v6/tmp/T17-real-electron-1nSbci/.vite/build/offline.html?error=offline",
            "processId": 9,
            "routingId": 12
          },
          "byToken": {
            "id": 1,
            "detached": false,
            "destroyed": false,
            "url": "file:///Users/friday/.hermes/profiles/friday/cache/scratch/T17-v6/tmp/T17-real-electron-1nSbci/.vite/build/offline.html?error=offline",
            "processId": 9,
            "routingId": 12
          },
          "hosted": false,
          "offline": true,
          "self": true,
          "sameContents": true,
          "sameFrame": true,
          "detached": false,
          "sender": {
            "id": 1,
            "detached": false,
            "destroyed": false,
            "url": "file:///Users/friday/.hermes/profiles/friday/cache/scratch/T17-v6/tmp/T17-real-electron-1nSbci/.vite/build/offline.html?error=offline",
            "processId": 9,
            "routingId": 12
          },
          "current": {
            "id": 1,
            "detached": false,
            "destroyed": false,
            "url": "file:///Users/friday/.hermes/profiles/friday/cache/scratch/T17-v6/tmp/T17-real-electron-1nSbci/.vite/build/offline.html?error=offline",
            "processId": 9,
            "routingId": 12
          }
        },
        "native": true,
        "error": null,
        "nativeEvents": [
          "minimize"
        ]
      },
      {
        "action": "close",
        "document": "offline",
        "delivered": true,
        "tuple": {
          "fixture": 1,
          "action": "close",
          "document": "offline",
          "byIdSame": true,
          "byTokenSame": true,
          "byId": {
            "id": 1,
            "detached": false,
            "destroyed": false,
            "url": "file:///Users/friday/.hermes/profiles/friday/cache/scratch/T17-v6/tmp/T17-real-electron-1nSbci/.vite/build/offline.html?error=offline",
            "processId": 9,
            "routingId": 12
          },
          "byToken": {
            "id": 1,
            "detached": false,
            "destroyed": false,
            "url": "file:///Users/friday/.hermes/profiles/friday/cache/scratch/T17-v6/tmp/T17-real-electron-1nSbci/.vite/build/offline.html?error=offline",
            "processId": 9,
            "routingId": 12
          },
          "hosted": false,
          "offline": true,
          "self": true,
          "sameContents": true,
          "sameFrame": true,
          "detached": false,
          "sender": {
            "id": 1,
            "detached": false,
            "destroyed": false,
            "url": "file:///Users/friday/.hermes/profiles/friday/cache/scratch/T17-v6/tmp/T17-real-electron-1nSbci/.vite/build/offline.html?error=offline",
            "processId": 9,
            "routingId": 12
          },
          "current": {
            "id": 1,
            "detached": false,
            "destroyed": false,
            "url": "file:///Users/friday/.hermes/profiles/friday/cache/scratch/T17-v6/tmp/T17-real-electron-1nSbci/.vite/build/offline.html?error=offline",
            "processId": 9,
            "routingId": 12
          }
        },
        "native": true,
        "error": null,
        "nativeEvents": [
          "close",
          "closed"
        ]
      }
    ],
    "characterization": {},
    "retryIntents": [
      {
        "action": "Retry",
        "destination": "file:///Users/friday/.hermes/profiles/friday/cache/scratch/T17-v6/tmp/T17-real-electron-1nSbci/.vite/build/offline.html?error=server&retry=1",
        "defaultPrevented": true,
        "hosted": false,
        "offline": true,
        "self": true,
        "sameContents": true,
        "sameFrame": true,
        "eventFrameSame": true,
        "isMainFrame": true,
        "detached": false,
        "current": {
          "id": 1,
          "detached": false,
          "destroyed": false,
          "url": "file:///Users/friday/.hermes/profiles/friday/cache/scratch/T17-v6/tmp/T17-real-electron-1nSbci/.vite/build/offline.html?error=server",
          "processId": 7,
          "routingId": 4
        }
      },
      {
        "action": "Retry",
        "destination": "file:///Users/friday/.hermes/profiles/friday/cache/scratch/T17-v6/tmp/T17-real-electron-1nSbci/.vite/build/offline.html?error=server&retry=1",
        "defaultPrevented": true,
        "hosted": false,
        "offline": true,
        "self": true,
        "sameContents": true,
        "sameFrame": true,
        "eventFrameSame": true,
        "isMainFrame": true,
        "detached": false,
        "current": {
          "id": 1,
          "detached": false,
          "destroyed": false,
          "url": "file:///Users/friday/.hermes/profiles/friday/cache/scratch/T17-v6/tmp/T17-real-electron-1nSbci/.vite/build/offline.html?error=server",
          "processId": 9,
          "routingId": 1
        }
      }
    ],
    "frameStates": [
      {
        "event": "did-start-navigation",
        "fixture": 1,
        "frame": {
          "id": 1,
          "detached": false,
          "destroyed": false,
          "url": "",
          "processId": 4,
          "routingId": 1
        }
      },
      {
        "event": "did-start-navigation",
        "fixture": 1,
        "frame": {
          "id": 1,
          "detached": false,
          "destroyed": false,
          "url": "http://127.0.0.1:49270/app?configured=1",
          "processId": 4,
          "routingId": 1
        }
      },
      {
        "event": "did-navigate",
        "fixture": 1,
        "frame": {
          "id": 1,
          "detached": false,
          "destroyed": false,
          "url": "http://127.0.0.1:49270/app?configured=1",
          "processId": 4,
          "routingId": 1
        }
      },
      {
        "event": "dom-ready",
        "fixture": 1,
        "frame": {
          "id": 1,
          "detached": false,
          "destroyed": false,
          "url": "http://127.0.0.1:49270/app?configured=1",
          "processId": 4,
          "routingId": 1
        }
      },
      {
        "event": "did-finish-load",
        "fixture": 1,
        "frame": {
          "id": 1,
          "detached": false,
          "destroyed": false,
          "url": "http://127.0.0.1:49270/app?configured=1",
          "processId": 4,
          "routingId": 1
        }
      },
      {
        "event": "did-navigate",
        "fixture": 1,
        "frame": {
          "id": 1,
          "detached": false,
          "destroyed": false,
          "url": "file:///Users/friday/.hermes/profiles/friday/cache/scratch/T17-v6/tmp/T17-real-electron-1nSbci/.vite/build/offline.html?error=server",
          "processId": 5,
          "routingId": 4
        }
      },
      {
        "event": "dom-ready",
        "fixture": 1,
        "frame": {
          "id": 1,
          "detached": false,
          "destroyed": false,
          "url": "file:///Users/friday/.hermes/profiles/friday/cache/scratch/T17-v6/tmp/T17-real-electron-1nSbci/.vite/build/offline.html?error=server",
          "processId": 5,
          "routingId": 4
        }
      },
      {
        "event": "did-finish-load",
        "fixture": 1,
        "frame": {
          "id": 1,
          "detached": false,
          "destroyed": false,
          "url": "file:///Users/friday/.hermes/profiles/friday/cache/scratch/T17-v6/tmp/T17-real-electron-1nSbci/.vite/build/offline.html?error=server",
          "processId": 5,
          "routingId": 4
        }
      },
      {
        "event": "did-start-navigation",
        "fixture": 1,
        "frame": {
          "id": 1,
          "detached": false,
          "destroyed": false,
          "url": "file:///Users/friday/.hermes/profiles/friday/cache/scratch/T17-v6/tmp/T17-real-electron-1nSbci/.vite/build/offline.html?error=server",
          "processId": 5,
          "routingId": 4
        }
      },
      {
        "event": "did-start-navigation",
        "fixture": 1,
        "frame": {
          "id": 1,
          "detached": false,
          "destroyed": false,
          "url": "http://127.0.0.1:49270/app?configured=1",
          "processId": 6,
          "routingId": 4
        }
      },
      {
        "event": "did-navigate",
        "fixture": 1,
        "frame": {
          "id": 1,
          "detached": false,
          "destroyed": false,
          "url": "http://127.0.0.1:49270/app?configured=1",
          "processId": 6,
          "routingId": 4
        }
      },
      {
        "event": "dom-ready",
        "fixture": 1,
        "frame": {
          "id": 1,
          "detached": false,
          "destroyed": false,
          "url": "http://127.0.0.1:49270/app?configured=1",
          "processId": 6,
          "routingId": 4
        }
      },
      {
        "event": "did-finish-load",
        "fixture": 1,
        "frame": {
          "id": 1,
          "detached": false,
          "destroyed": false,
          "url": "http://127.0.0.1:49270/app?configured=1",
          "processId": 6,
          "routingId": 4
        }
      },
      {
        "event": "did-navigate",
        "fixture": 1,
        "frame": {
          "id": 1,
          "detached": false,
          "destroyed": false,
          "url": "file:///Users/friday/.hermes/profiles/friday/cache/scratch/T17-v6/tmp/T17-real-electron-1nSbci/.vite/build/offline.html?error=server",
          "processId": 7,
          "routingId": 4
        }
      },
      {
        "event": "dom-ready",
        "fixture": 1,
        "frame": {
          "id": 1,
          "detached": false,
          "destroyed": false,
          "url": "file:///Users/friday/.hermes/profiles/friday/cache/scratch/T17-v6/tmp/T17-real-electron-1nSbci/.vite/build/offline.html?error=server",
          "processId": 7,
          "routingId": 4
        }
      },
      {
        "event": "did-finish-load",
        "fixture": 1,
        "frame": {
          "id": 1,
          "detached": false,
          "destroyed": false,
          "url": "file:///Users/friday/.hermes/profiles/friday/cache/scratch/T17-v6/tmp/T17-real-electron-1nSbci/.vite/build/offline.html?error=server",
          "processId": 7,
          "routingId": 4
        }
      },
      {
        "event": "did-start-navigation",
        "fixture": 1,
        "frame": {
          "id": 1,
          "detached": false,
          "destroyed": false,
          "url": "file:///Users/friday/.hermes/profiles/friday/cache/scratch/T17-v6/tmp/T17-real-electron-1nSbci/.vite/build/offline.html?error=server",
          "processId": 7,
          "routingId": 4
        }
      },
      {
        "event": "did-start-navigation",
        "fixture": 1,
        "frame": {
          "id": 1,
          "detached": false,
          "destroyed": false,
          "url": "file:///Users/friday/.hermes/profiles/friday/cache/scratch/T17-v6/tmp/T17-real-electron-1nSbci/.vite/build/offline.html?error=server",
          "processId": 7,
          "routingId": 4
        }
      },
      {
        "event": "did-navigate",
        "fixture": 1,
        "frame": {
          "id": 1,
          "detached": false,
          "destroyed": false,
          "url": "http://127.0.0.1:49270/app?configured=1",
          "processId": 8,
          "routingId": 4
        }
      },
      {
        "event": "dom-ready",
        "fixture": 1,
        "frame": {
          "id": 1,
          "detached": false,
          "destroyed": false,
          "url": "http://127.0.0.1:49270/app?configured=1",
          "processId": 8,
          "routingId": 4
        }
      },
      {
        "event": "did-finish-load",
        "fixture": 1,
        "frame": {
          "id": 1,
          "detached": false,
          "destroyed": false,
          "url": "http://127.0.0.1:49270/app?configured=1",
          "processId": 8,
          "routingId": 4
        }
      },
      {
        "event": "did-start-navigation",
        "fixture": 1,
        "frame": {
          "id": 1,
          "detached": false,
          "destroyed": false,
          "url": "",
          "processId": 9,
          "routingId": 1
        }
      },
      {
        "event": "render-process-gone",
        "fixture": 1,
        "frame": {
          "id": 1,
          "detached": false,
          "destroyed": false,
          "url": "",
          "processId": 9,
          "routingId": 1
        }
      },
      {
        "event": "did-navigate",
        "fixture": 1,
        "frame": {
          "id": 1,
          "detached": false,
          "destroyed": false,
          "url": "file:///Users/friday/.hermes/profiles/friday/cache/scratch/T17-v6/tmp/T17-real-electron-1nSbci/.vite/build/offline.html?error=server",
          "processId": 9,
          "routingId": 1
        }
      },
      {
        "event": "dom-ready",
        "fixture": 1,
        "frame": {
          "id": 1,
          "detached": false,
          "destroyed": false,
          "url": "file:///Users/friday/.hermes/profiles/friday/cache/scratch/T17-v6/tmp/T17-real-electron-1nSbci/.vite/build/offline.html?error=server",
          "processId": 9,
          "routingId": 1
        }
      },
      {
        "event": "did-finish-load",
        "fixture": 1,
        "frame": {
          "id": 1,
          "detached": false,
          "destroyed": false,
          "url": "file:///Users/friday/.hermes/profiles/friday/cache/scratch/T17-v6/tmp/T17-real-electron-1nSbci/.vite/build/offline.html?error=server",
          "processId": 9,
          "routingId": 1
        }
      },
      {
        "event": "did-start-navigation",
        "fixture": 1,
        "frame": {
          "id": 1,
          "detached": false,
          "destroyed": false,
          "url": "file:///Users/friday/.hermes/profiles/friday/cache/scratch/T17-v6/tmp/T17-real-electron-1nSbci/.vite/build/offline.html?error=server",
          "processId": 9,
          "routingId": 1
        }
      },
      {
        "event": "did-start-navigation",
        "fixture": 1,
        "frame": {
          "id": 1,
          "detached": false,
          "destroyed": false,
          "url": "file:///Users/friday/.hermes/profiles/friday/cache/scratch/T17-v6/tmp/T17-real-electron-1nSbci/.vite/build/offline.html?error=server",
          "processId": 9,
          "routingId": 1
        }
      },
      {
        "event": "did-start-navigation",
        "fixture": 1,
        "frame": {
          "id": 1,
          "detached": false,
          "destroyed": false,
          "url": "http://127.0.0.1:49270/app?configured=1",
          "processId": 11,
          "routingId": 4
        }
      },
      {
        "event": "dom-ready",
        "fixture": 1,
        "frame": {
          "id": 1,
          "detached": false,
          "destroyed": false,
          "url": "http://127.0.0.1:49270/app?configured=1",
          "processId": 11,
          "routingId": 4
        }
      },
      {
        "event": "did-navigate",
        "fixture": 1,
        "frame": {
          "id": 1,
          "detached": false,
          "destroyed": false,
          "url": "file:///Users/friday/.hermes/profiles/friday/cache/scratch/T17-v6/tmp/T17-real-electron-1nSbci/.vite/build/offline.html?error=offline",
          "processId": 9,
          "routingId": 12
        }
      },
      {
        "event": "did-finish-load",
        "fixture": 1,
        "frame": {
          "id": 1,
          "detached": false,
          "destroyed": false,
          "url": "file:///Users/friday/.hermes/profiles/friday/cache/scratch/T17-v6/tmp/T17-real-electron-1nSbci/.vite/build/offline.html?error=offline",
          "processId": 9,
          "routingId": 12
        }
      },
      {
        "event": "dom-ready",
        "fixture": 1,
        "frame": {
          "id": 1,
          "detached": false,
          "destroyed": false,
          "url": "file:///Users/friday/.hermes/profiles/friday/cache/scratch/T17-v6/tmp/T17-real-electron-1nSbci/.vite/build/offline.html?error=offline",
          "processId": 9,
          "routingId": 12
        }
      },
      {
        "event": "did-finish-load",
        "fixture": 1,
        "frame": {
          "id": 1,
          "detached": false,
          "destroyed": false,
          "url": "file:///Users/friday/.hermes/profiles/friday/cache/scratch/T17-v6/tmp/T17-real-electron-1nSbci/.vite/build/offline.html?error=offline",
          "processId": 9,
          "routingId": 12
        }
      }
    ],
    "electron": "44.5.1",
    "modules": "149",
    "host": "darwin",
    "presentation": "win32",
    "finalPage": {
      "title": "Mutiny — Connection interrupted",
      "error": "Offline",
      "heading": "Connection interrupted",
      "captionsHidden": false,
      "platform": "win32",
      "width": 900,
      "height": 600,
      "scrollWidth": 900,
      "bodyWidth": 900,
      "background": "rgb(35, 32, 47)",
      "controls": [
        {
          "id": "minimise",
          "width": 48,
          "height": 44
        },
        {
          "id": "maximise",
          "width": 48,
          "height": 44
        },
        {
          "id": "close",
          "width": 48,
          "height": 44
        },
        {
          "id": "retry",
          "width": 120,
          "height": 44
        }
      ]
    },
    "hits": 3,
    "captions": {
      "minimise": 1,
      "maximise": 2,
      "close": 1
    },
    "events": [
      "renderer:killed",
      "maximize",
      "unmaximize",
      "minimize",
      "restore",
      "close",
      "closed"
    ],
    "requests": [
      "http://127.0.0.1:49270/app?configured=1",
      "file:///Users/friday/.hermes/profiles/friday/cache/scratch/T17-v6/tmp/T17-real-electron-1nSbci/.vite/build/offline.html?error=server",
      "http://127.0.0.1:49270/app?configured=1",
      "file:///Users/friday/.hermes/profiles/friday/cache/scratch/T17-v6/tmp/T17-real-electron-1nSbci/.vite/build/offline.html?error=server",
      "http://127.0.0.1:49270/app?configured=1",
      "file:///Users/friday/.hermes/profiles/friday/cache/scratch/T17-v6/tmp/T17-real-electron-1nSbci/.vite/build/offline.html?error=server",
      "http://127.0.0.1:49270/app?configured=1",
      "file:///Users/friday/.hermes/profiles/friday/cache/scratch/T17-v6/tmp/T17-real-electron-1nSbci/.vite/build/offline.html?error=offline"
    ],
    "consoleMessages": [
      {
        "level": 2,
        "message": "%cElectron Security Warning (Insecure Content-Security-Policy) font-weight: bold; This renderer process has either no Content Security\n  Policy set or a policy with \"unsafe-eval\" enabled. This exposes users of\n  this app to unnecessary security risks.\n\nFor more information and help, consult\nhttps://electronjs.org/docs/tutorial/security.\nThis warning will not show up\nonce the app is packaged."
      }
    ],
    "failures": [
      {
        "code": -106,
        "description": "ERR_INTERNET_DISCONNECTED",
        "url": "http://127.0.0.1:49270/app?configured=1",
        "main": true
      }
    ],
    "emittedBytes": 4933,
    "emittedFile": "/Users/friday/.hermes/profiles/friday/cache/scratch/T17-v6/tmp/T17-real-electron-1nSbci/.vite/build/offline.html",
    "scope": "Isolated Electron harness only. Windows presentation simulated on macOS; not installed Windows/Linux runtime acceptance."
  }
}
AUTHORIZATION {"scenario":"crash-retry-hosted","mode":"win32","fixture":1,"action":"maximise","document":"offline","byIdSame":true,"byTokenSame":true,"byId":{"id":1,"detached":false,"destroyed":false,"url":"file:///Users/friday/.hermes/profiles/friday/cache/scratch/T17-v6/tmp/T17-real-electron-1nSbci/.vite/build/offline.html?error=server","processId":5,"routingId":1},"byToken":{"id":1,"detached":false,"destroyed":false,"url":"file:///Users/friday/.hermes/profiles/friday/cache/scratch/T17-v6/tmp/T17-real-electron-1nSbci/.vite/build/offline.html?error=server","processId":5,"routingId":1},"hosted":false,"offline":true,"self":true,"sameContents":true,"sameFrame":true,"detached":false,"sender":{"id":1,"detached":false,"destroyed":false,"url":"file:///Users/friday/.hermes/profiles/friday/cache/scratch/T17-v6/tmp/T17-real-electron-1nSbci/.vite/build/offline.html?error=server","processId":5,"routingId":1},"current":{"id":1,"detached":false,"destroyed":false,"url":"file:///Users/friday/.hermes/profiles/friday/cache/scratch/T17-v6/tmp/T17-real-electron-1nSbci/.vite/build/offline.html?error=server","processId":5,"routingId":1}}
AUTHORIZATION {"scenario":"crash-retry-hosted","mode":"win32","fixture":1,"action":"maximise","document":"offline","byIdSame":true,"byTokenSame":true,"byId":{"id":1,"detached":false,"destroyed":false,"url":"file:///Users/friday/.hermes/profiles/friday/cache/scratch/T17-v6/tmp/T17-real-electron-1nSbci/.vite/build/offline.html?error=server","processId":5,"routingId":1},"byToken":{"id":1,"detached":false,"destroyed":false,"url":"file:///Users/friday/.hermes/profiles/friday/cache/scratch/T17-v6/tmp/T17-real-electron-1nSbci/.vite/build/offline.html?error=server","processId":5,"routingId":1},"hosted":false,"offline":true,"self":true,"sameContents":true,"sameFrame":true,"detached":false,"sender":{"id":1,"detached":false,"destroyed":false,"url":"file:///Users/friday/.hermes/profiles/friday/cache/scratch/T17-v6/tmp/T17-real-electron-1nSbci/.vite/build/offline.html?error=server","processId":5,"routingId":1},"current":{"id":1,"detached":false,"destroyed":false,"url":"file:///Users/friday/.hermes/profiles/friday/cache/scratch/T17-v6/tmp/T17-real-electron-1nSbci/.vite/build/offline.html?error=server","processId":5,"routingId":1}}
AUTHORIZATION {"scenario":"crash-retry-hosted","mode":"win32","fixture":1,"action":"minimise","document":"offline","byIdSame":true,"byTokenSame":true,"byId":{"id":1,"detached":false,"destroyed":false,"url":"file:///Users/friday/.hermes/profiles/friday/cache/scratch/T17-v6/tmp/T17-real-electron-1nSbci/.vite/build/offline.html?error=server","processId":5,"routingId":1},"byToken":{"id":1,"detached":false,"destroyed":false,"url":"file:///Users/friday/.hermes/profiles/friday/cache/scratch/T17-v6/tmp/T17-real-electron-1nSbci/.vite/build/offline.html?error=server","processId":5,"routingId":1},"hosted":false,"offline":true,"self":true,"sameContents":true,"sameFrame":true,"detached":false,"sender":{"id":1,"detached":false,"destroyed":false,"url":"file:///Users/friday/.hermes/profiles/friday/cache/scratch/T17-v6/tmp/T17-real-electron-1nSbci/.vite/build/offline.html?error=server","processId":5,"routingId":1},"current":{"id":1,"detached":false,"destroyed":false,"url":"file:///Users/friday/.hermes/profiles/friday/cache/scratch/T17-v6/tmp/T17-real-electron-1nSbci/.vite/build/offline.html?error=server","processId":5,"routingId":1}}
AUTHORIZATION {"scenario":"crash-retry-hosted","mode":"win32","fixture":1,"action":"close","document":"offline","byIdSame":true,"byTokenSame":true,"byId":{"id":1,"detached":false,"destroyed":false,"url":"file:///Users/friday/.hermes/profiles/friday/cache/scratch/T17-v6/tmp/T17-real-electron-1nSbci/.vite/build/offline.html?error=server","processId":5,"routingId":1},"byToken":{"id":1,"detached":false,"destroyed":false,"url":"file:///Users/friday/.hermes/profiles/friday/cache/scratch/T17-v6/tmp/T17-real-electron-1nSbci/.vite/build/offline.html?error=server","processId":5,"routingId":1},"hosted":false,"offline":true,"self":true,"sameContents":true,"sameFrame":true,"detached":false,"sender":{"id":1,"detached":false,"destroyed":false,"url":"file:///Users/friday/.hermes/profiles/friday/cache/scratch/T17-v6/tmp/T17-real-electron-1nSbci/.vite/build/offline.html?error=server","processId":5,"routingId":1},"current":{"id":1,"detached":false,"destroyed":false,"url":"file:///Users/friday/.hermes/profiles/friday/cache/scratch/T17-v6/tmp/T17-real-electron-1nSbci/.vite/build/offline.html?error=server","processId":5,"routingId":1}}
AUTHORIZATION {"scenario":"crash-retry-hosted","mode":"win32","fixture":2,"action":"maximise","document":"hosted-restored","byIdSame":true,"byTokenSame":true,"byId":{"id":2,"detached":false,"destroyed":false,"url":"http://127.0.0.1:49270/app?configured=1","processId":8,"routingId":4},"byToken":{"id":2,"detached":false,"destroyed":false,"url":"http://127.0.0.1:49270/app?configured=1","processId":8,"routingId":4},"hosted":true,"offline":false,"self":false,"sameContents":true,"sameFrame":true,"detached":false,"sender":{"id":2,"detached":false,"destroyed":false,"url":"http://127.0.0.1:49270/app?configured=1","processId":8,"routingId":4},"current":{"id":2,"detached":false,"destroyed":false,"url":"http://127.0.0.1:49270/app?configured=1","processId":8,"routingId":4}}
AUTHORIZATION {"scenario":"crash-retry-hosted","mode":"win32","fixture":2,"action":"maximise","document":"hosted-restored","byIdSame":true,"byTokenSame":true,"byId":{"id":2,"detached":false,"destroyed":false,"url":"http://127.0.0.1:49270/app?configured=1","processId":8,"routingId":4},"byToken":{"id":2,"detached":false,"destroyed":false,"url":"http://127.0.0.1:49270/app?configured=1","processId":8,"routingId":4},"hosted":true,"offline":false,"self":false,"sameContents":true,"sameFrame":true,"detached":false,"sender":{"id":2,"detached":false,"destroyed":false,"url":"http://127.0.0.1:49270/app?configured=1","processId":8,"routingId":4},"current":{"id":2,"detached":false,"destroyed":false,"url":"http://127.0.0.1:49270/app?configured=1","processId":8,"routingId":4}}
AUTHORIZATION {"scenario":"crash-retry-hosted","mode":"win32","fixture":2,"action":"minimise","document":"hosted-restored","byIdSame":true,"byTokenSame":true,"byId":{"id":2,"detached":false,"destroyed":false,"url":"http://127.0.0.1:49270/app?configured=1","processId":8,"routingId":4},"byToken":{"id":2,"detached":false,"destroyed":false,"url":"http://127.0.0.1:49270/app?configured=1","processId":8,"routingId":4},"hosted":true,"offline":false,"self":false,"sameContents":true,"sameFrame":true,"detached":false,"sender":{"id":2,"detached":false,"destroyed":false,"url":"http://127.0.0.1:49270/app?configured=1","processId":8,"routingId":4},"current":{"id":2,"detached":false,"destroyed":false,"url":"http://127.0.0.1:49270/app?configured=1","processId":8,"routingId":4}}
AUTHORIZATION {"scenario":"crash-retry-hosted","mode":"win32","fixture":2,"action":"close","document":"hosted-restored","byIdSame":true,"byTokenSame":true,"byId":{"id":2,"detached":false,"destroyed":false,"url":"http://127.0.0.1:49270/app?configured=1","processId":8,"routingId":4},"byToken":{"id":2,"detached":false,"destroyed":false,"url":"http://127.0.0.1:49270/app?configured=1","processId":8,"routingId":4},"hosted":true,"offline":false,"self":false,"sameContents":true,"sameFrame":true,"detached":false,"sender":{"id":2,"detached":false,"destroyed":false,"url":"http://127.0.0.1:49270/app?configured=1","processId":8,"routingId":4},"current":{"id":2,"detached":false,"destroyed":false,"url":"http://127.0.0.1:49270/app?configured=1","processId":8,"routingId":4}}
PASS {"result":"PASS","exit":0,"knownGaps":[],"hardFailures":[]}


{
  "mode": "win32",
  "scenario": "crash-retry-hosted",
  "exit": 0,
  "emittedSHA256": "33aba3c676f65b56a45ffcc3dde2a16c75846636717ca280087940f00c0ed712",
  "receipt": {
    "passed": true,
    "result": "PASS",
    "exit": 0,
    "knownGaps": [],
    "hardFailures": [],
    "scenario": "crash-retry-hosted",
    "port": 49270,
    "fixtures": [
      {
        "id": 1,
        "contentsId": 1,
        "purpose": "offline-caption-lifetime",
        "closedByCaption": true
      },
      {
        "id": 2,
        "contentsId": 2,
        "purpose": "crash-retry-hosted-independent-lifetime"
      }
    ],
    "authorization": [
      {
        "fixture": 1,
        "action": "maximise",
        "document": "offline",
        "byIdSame": true,
        "byTokenSame": true,
        "byId": {
          "id": 1,
          "detached": false,
          "destroyed": false,
          "url": "file:///Users/friday/.hermes/profiles/friday/cache/scratch/T17-v6/tmp/T17-real-electron-1nSbci/.vite/build/offline.html?error=server",
          "processId": 5,
          "routingId": 1
        },
        "byToken": {
          "id": 1,
          "detached": false,
          "destroyed": false,
          "url": "file:///Users/friday/.hermes/profiles/friday/cache/scratch/T17-v6/tmp/T17-real-electron-1nSbci/.vite/build/offline.html?error=server",
          "processId": 5,
          "routingId": 1
        },
        "hosted": false,
        "offline": true,
        "self": true,
        "sameContents": true,
        "sameFrame": true,
        "detached": false,
        "sender": {
          "id": 1,
          "detached": false,
          "destroyed": false,
          "url": "file:///Users/friday/.hermes/profiles/friday/cache/scratch/T17-v6/tmp/T17-real-electron-1nSbci/.vite/build/offline.html?error=server",
          "processId": 5,
          "routingId": 1
        },
        "current": {
          "id": 1,
          "detached": false,
          "destroyed": false,
          "url": "file:///Users/friday/.hermes/profiles/friday/cache/scratch/T17-v6/tmp/T17-real-electron-1nSbci/.vite/build/offline.html?error=server",
          "processId": 5,
          "routingId": 1
        }
      },
      {
        "fixture": 1,
        "action": "maximise",
        "document": "offline",
        "byIdSame": true,
        "byTokenSame": true,
        "byId": {
          "id": 1,
          "detached": false,
          "destroyed": false,
          "url": "file:///Users/friday/.hermes/profiles/friday/cache/scratch/T17-v6/tmp/T17-real-electron-1nSbci/.vite/build/offline.html?error=server",
          "processId": 5,
          "routingId": 1
        },
        "byToken": {
          "id": 1,
          "detached": false,
          "destroyed": false,
          "url": "file:///Users/friday/.hermes/profiles/friday/cache/scratch/T17-v6/tmp/T17-real-electron-1nSbci/.vite/build/offline.html?error=server",
          "processId": 5,
          "routingId": 1
        },
        "hosted": false,
        "offline": true,
        "self": true,
        "sameContents": true,
        "sameFrame": true,
        "detached": false,
        "sender": {
          "id": 1,
          "detached": false,
          "destroyed": false,
          "url": "file:///Users/friday/.hermes/profiles/friday/cache/scratch/T17-v6/tmp/T17-real-electron-1nSbci/.vite/build/offline.html?error=server",
          "processId": 5,
          "routingId": 1
        },
        "current": {
          "id": 1,
          "detached": false,
          "destroyed": false,
          "url": "file:///Users/friday/.hermes/profiles/friday/cache/scratch/T17-v6/tmp/T17-real-electron-1nSbci/.vite/build/offline.html?error=server",
          "processId": 5,
          "routingId": 1
        }
      },
      {
        "fixture": 1,
        "action": "minimise",
        "document": "offline",
        "byIdSame": true,
        "byTokenSame": true,
        "byId": {
          "id": 1,
          "detached": false,
          "destroyed": false,
          "url": "file:///Users/friday/.hermes/profiles/friday/cache/scratch/T17-v6/tmp/T17-real-electron-1nSbci/.vite/build/offline.html?error=server",
          "processId": 5,
          "routingId": 1
        },
        "byToken": {
          "id": 1,
          "detached": false,
          "destroyed": false,
          "url": "file:///Users/friday/.hermes/profiles/friday/cache/scratch/T17-v6/tmp/T17-real-electron-1nSbci/.vite/build/offline.html?error=server",
          "processId": 5,
          "routingId": 1
        },
        "hosted": false,
        "offline": true,
        "self": true,
        "sameContents": true,
        "sameFrame": true,
        "detached": false,
        "sender": {
          "id": 1,
          "detached": false,
          "destroyed": false,
          "url": "file:///Users/friday/.hermes/profiles/friday/cache/scratch/T17-v6/tmp/T17-real-electron-1nSbci/.vite/build/offline.html?error=server",
          "processId": 5,
          "routingId": 1
        },
        "current": {
          "id": 1,
          "detached": false,
          "destroyed": false,
          "url": "file:///Users/friday/.hermes/profiles/friday/cache/scratch/T17-v6/tmp/T17-real-electron-1nSbci/.vite/build/offline.html?error=server",
          "processId": 5,
          "routingId": 1
        }
      },
      {
        "fixture": 1,
        "action": "close",
        "document": "offline",
        "byIdSame": true,
        "byTokenSame": true,
        "byId": {
          "id": 1,
          "detached": false,
          "destroyed": false,
          "url": "file:///Users/friday/.hermes/profiles/friday/cache/scratch/T17-v6/tmp/T17-real-electron-1nSbci/.vite/build/offline.html?error=server",
          "processId": 5,
          "routingId": 1
        },
        "byToken": {
          "id": 1,
          "detached": false,
          "destroyed": false,
          "url": "file:///Users/friday/.hermes/profiles/friday/cache/scratch/T17-v6/tmp/T17-real-electron-1nSbci/.vite/build/offline.html?error=server",
          "processId": 5,
          "routingId": 1
        },
        "hosted": false,
        "offline": true,
        "self": true,
        "sameContents": true,
        "sameFrame": true,
        "detached": false,
        "sender": {
          "id": 1,
          "detached": false,
          "destroyed": false,
          "url": "file:///Users/friday/.hermes/profiles/friday/cache/scratch/T17-v6/tmp/T17-real-electron-1nSbci/.vite/build/offline.html?error=server",
          "processId": 5,
          "routingId": 1
        },
        "current": {
          "id": 1,
          "detached": false,
          "destroyed": false,
          "url": "file:///Users/friday/.hermes/profiles/friday/cache/scratch/T17-v6/tmp/T17-real-electron-1nSbci/.vite/build/offline.html?error=server",
          "processId": 5,
          "routingId": 1
        }
      },
      {
        "fixture": 2,
        "action": "maximise",
        "document": "hosted-restored",
        "byIdSame": true,
        "byTokenSame": true,
        "byId": {
          "id": 2,
          "detached": false,
          "destroyed": false,
          "url": "http://127.0.0.1:49270/app?configured=1",
          "processId": 8,
          "routingId": 4
        },
        "byToken": {
          "id": 2,
          "detached": false,
          "destroyed": false,
          "url": "http://127.0.0.1:49270/app?configured=1",
          "processId": 8,
          "routingId": 4
        },
        "hosted": true,
        "offline": false,
        "self": false,
        "sameContents": true,
        "sameFrame": true,
        "detached": false,
        "sender": {
          "id": 2,
          "detached": false,
          "destroyed": false,
          "url": "http://127.0.0.1:49270/app?configured=1",
          "processId": 8,
          "routingId": 4
        },
        "current": {
          "id": 2,
          "detached": false,
          "destroyed": false,
          "url": "http://127.0.0.1:49270/app?configured=1",
          "processId": 8,
          "routingId": 4
        }
      },
      {
        "fixture": 2,
        "action": "maximise",
        "document": "hosted-restored",
        "byIdSame": true,
        "byTokenSame": true,
        "byId": {
          "id": 2,
          "detached": false,
          "destroyed": false,
          "url": "http://127.0.0.1:49270/app?configured=1",
          "processId": 8,
          "routingId": 4
        },
        "byToken": {
          "id": 2,
          "detached": false,
          "destroyed": false,
          "url": "http://127.0.0.1:49270/app?configured=1",
          "processId": 8,
          "routingId": 4
        },
        "hosted": true,
        "offline": false,
        "self": false,
        "sameContents": true,
        "sameFrame": true,
        "detached": false,
        "sender": {
          "id": 2,
          "detached": false,
          "destroyed": false,
          "url": "http://127.0.0.1:49270/app?configured=1",
          "processId": 8,
          "routingId": 4
        },
        "current": {
          "id": 2,
          "detached": false,
          "destroyed": false,
          "url": "http://127.0.0.1:49270/app?configured=1",
          "processId": 8,
          "routingId": 4
        }
      },
      {
        "fixture": 2,
        "action": "minimise",
        "document": "hosted-restored",
        "byIdSame": true,
        "byTokenSame": true,
        "byId": {
          "id": 2,
          "detached": false,
          "destroyed": false,
          "url": "http://127.0.0.1:49270/app?configured=1",
          "processId": 8,
          "routingId": 4
        },
        "byToken": {
          "id": 2,
          "detached": false,
          "destroyed": false,
          "url": "http://127.0.0.1:49270/app?configured=1",
          "processId": 8,
          "routingId": 4
        },
        "hosted": true,
        "offline": false,
        "self": false,
        "sameContents": true,
        "sameFrame": true,
        "detached": false,
        "sender": {
          "id": 2,
          "detached": false,
          "destroyed": false,
          "url": "http://127.0.0.1:49270/app?configured=1",
          "processId": 8,
          "routingId": 4
        },
        "current": {
          "id": 2,
          "detached": false,
          "destroyed": false,
          "url": "http://127.0.0.1:49270/app?configured=1",
          "processId": 8,
          "routingId": 4
        }
      },
      {
        "fixture": 2,
        "action": "close",
        "document": "hosted-restored",
        "byIdSame": true,
        "byTokenSame": true,
        "byId": {
          "id": 2,
          "detached": false,
          "destroyed": false,
          "url": "http://127.0.0.1:49270/app?configured=1",
          "processId": 8,
          "routingId": 4
        },
        "byToken": {
          "id": 2,
          "detached": false,
          "destroyed": false,
          "url": "http://127.0.0.1:49270/app?configured=1",
          "processId": 8,
          "routingId": 4
        },
        "hosted": true,
        "offline": false,
        "self": false,
        "sameContents": true,
        "sameFrame": true,
        "detached": false,
        "sender": {
          "id": 2,
          "detached": false,
          "destroyed": false,
          "url": "http://127.0.0.1:49270/app?configured=1",
          "processId": 8,
          "routingId": 4
        },
        "current": {
          "id": 2,
          "detached": false,
          "destroyed": false,
          "url": "http://127.0.0.1:49270/app?configured=1",
          "processId": 8,
          "routingId": 4
        }
      }
    ],
    "captionActions": [
      {
        "action": "maximise",
        "document": "offline",
        "delivered": true,
        "tuple": {
          "fixture": 1,
          "action": "maximise",
          "document": "offline",
          "byIdSame": true,
          "byTokenSame": true,
          "byId": {
            "id": 1,
            "detached": false,
            "destroyed": false,
            "url": "file:///Users/friday/.hermes/profiles/friday/cache/scratch/T17-v6/tmp/T17-real-electron-1nSbci/.vite/build/offline.html?error=server",
            "processId": 5,
            "routingId": 1
          },
          "byToken": {
            "id": 1,
            "detached": false,
            "destroyed": false,
            "url": "file:///Users/friday/.hermes/profiles/friday/cache/scratch/T17-v6/tmp/T17-real-electron-1nSbci/.vite/build/offline.html?error=server",
            "processId": 5,
            "routingId": 1
          },
          "hosted": false,
          "offline": true,
          "self": true,
          "sameContents": true,
          "sameFrame": true,
          "detached": false,
          "sender": {
            "id": 1,
            "detached": false,
            "destroyed": false,
            "url": "file:///Users/friday/.hermes/profiles/friday/cache/scratch/T17-v6/tmp/T17-real-electron-1nSbci/.vite/build/offline.html?error=server",
            "processId": 5,
            "routingId": 1
          },
          "current": {
            "id": 1,
            "detached": false,
            "destroyed": false,
            "url": "file:///Users/friday/.hermes/profiles/friday/cache/scratch/T17-v6/tmp/T17-real-electron-1nSbci/.vite/build/offline.html?error=server",
            "processId": 5,
            "routingId": 1
          }
        },
        "native": true,
        "error": null,
        "nativeEvents": [
          "maximize"
        ]
      },
      {
        "action": "maximise",
        "document": "offline",
        "delivered": true,
        "tuple": {
          "fixture": 1,
          "action": "maximise",
          "document": "offline",
          "byIdSame": true,
          "byTokenSame": true,
          "byId": {
            "id": 1,
            "detached": false,
            "destroyed": false,
            "url": "file:///Users/friday/.hermes/profiles/friday/cache/scratch/T17-v6/tmp/T17-real-electron-1nSbci/.vite/build/offline.html?error=server",
            "processId": 5,
            "routingId": 1
          },
          "byToken": {
            "id": 1,
            "detached": false,
            "destroyed": false,
            "url": "file:///Users/friday/.hermes/profiles/friday/cache/scratch/T17-v6/tmp/T17-real-electron-1nSbci/.vite/build/offline.html?error=server",
            "processId": 5,
            "routingId": 1
          },
          "hosted": false,
          "offline": true,
          "self": true,
          "sameContents": true,
          "sameFrame": true,
          "detached": false,
          "sender": {
            "id": 1,
            "detached": false,
            "destroyed": false,
            "url": "file:///Users/friday/.hermes/profiles/friday/cache/scratch/T17-v6/tmp/T17-real-electron-1nSbci/.vite/build/offline.html?error=server",
            "processId": 5,
            "routingId": 1
          },
          "current": {
            "id": 1,
            "detached": false,
            "destroyed": false,
            "url": "file:///Users/friday/.hermes/profiles/friday/cache/scratch/T17-v6/tmp/T17-real-electron-1nSbci/.vite/build/offline.html?error=server",
            "processId": 5,
            "routingId": 1
          }
        },
        "native": true,
        "error": null,
        "nativeEvents": [
          "unmaximize"
        ]
      },
      {
        "action": "minimise",
        "document": "offline",
        "delivered": true,
        "tuple": {
          "fixture": 1,
          "action": "minimise",
          "document": "offline",
          "byIdSame": true,
          "byTokenSame": true,
          "byId": {
            "id": 1,
            "detached": false,
            "destroyed": false,
            "url": "file:///Users/friday/.hermes/profiles/friday/cache/scratch/T17-v6/tmp/T17-real-electron-1nSbci/.vite/build/offline.html?error=server",
            "processId": 5,
            "routingId": 1
          },
          "byToken": {
            "id": 1,
            "detached": false,
            "destroyed": false,
            "url": "file:///Users/friday/.hermes/profiles/friday/cache/scratch/T17-v6/tmp/T17-real-electron-1nSbci/.vite/build/offline.html?error=server",
            "processId": 5,
            "routingId": 1
          },
          "hosted": false,
          "offline": true,
          "self": true,
          "sameContents": true,
          "sameFrame": true,
          "detached": false,
          "sender": {
            "id": 1,
            "detached": false,
            "destroyed": false,
            "url": "file:///Users/friday/.hermes/profiles/friday/cache/scratch/T17-v6/tmp/T17-real-electron-1nSbci/.vite/build/offline.html?error=server",
            "processId": 5,
            "routingId": 1
          },
          "current": {
            "id": 1,
            "detached": false,
            "destroyed": false,
            "url": "file:///Users/friday/.hermes/profiles/friday/cache/scratch/T17-v6/tmp/T17-real-electron-1nSbci/.vite/build/offline.html?error=server",
            "processId": 5,
            "routingId": 1
          }
        },
        "native": true,
        "error": null,
        "nativeEvents": [
          "minimize"
        ]
      },
      {
        "action": "close",
        "document": "offline",
        "delivered": true,
        "tuple": {
          "fixture": 1,
          "action": "close",
          "document": "offline",
          "byIdSame": true,
          "byTokenSame": true,
          "byId": {
            "id": 1,
            "detached": false,
            "destroyed": false,
            "url": "file:///Users/friday/.hermes/profiles/friday/cache/scratch/T17-v6/tmp/T17-real-electron-1nSbci/.vite/build/offline.html?error=server",
            "processId": 5,
            "routingId": 1
          },
          "byToken": {
            "id": 1,
            "detached": false,
            "destroyed": false,
            "url": "file:///Users/friday/.hermes/profiles/friday/cache/scratch/T17-v6/tmp/T17-real-electron-1nSbci/.vite/build/offline.html?error=server",
            "processId": 5,
            "routingId": 1
          },
          "hosted": false,
          "offline": true,
          "self": true,
          "sameContents": true,
          "sameFrame": true,
          "detached": false,
          "sender": {
            "id": 1,
            "detached": false,
            "destroyed": false,
            "url": "file:///Users/friday/.hermes/profiles/friday/cache/scratch/T17-v6/tmp/T17-real-electron-1nSbci/.vite/build/offline.html?error=server",
            "processId": 5,
            "routingId": 1
          },
          "current": {
            "id": 1,
            "detached": false,
            "destroyed": false,
            "url": "file:///Users/friday/.hermes/profiles/friday/cache/scratch/T17-v6/tmp/T17-real-electron-1nSbci/.vite/build/offline.html?error=server",
            "processId": 5,
            "routingId": 1
          }
        },
        "native": true,
        "error": null,
        "nativeEvents": [
          "close",
          "closed"
        ]
      },
      {
        "action": "maximise",
        "document": "hosted-restored",
        "delivered": true,
        "tuple": {
          "fixture": 2,
          "action": "maximise",
          "document": "hosted-restored",
          "byIdSame": true,
          "byTokenSame": true,
          "byId": {
            "id": 2,
            "detached": false,
            "destroyed": false,
            "url": "http://127.0.0.1:49270/app?configured=1",
            "processId": 8,
            "routingId": 4
          },
          "byToken": {
            "id": 2,
            "detached": false,
            "destroyed": false,
            "url": "http://127.0.0.1:49270/app?configured=1",
            "processId": 8,
            "routingId": 4
          },
          "hosted": true,
          "offline": false,
          "self": false,
          "sameContents": true,
          "sameFrame": true,
          "detached": false,
          "sender": {
            "id": 2,
            "detached": false,
            "destroyed": false,
            "url": "http://127.0.0.1:49270/app?configured=1",
            "processId": 8,
            "routingId": 4
          },
          "current": {
            "id": 2,
            "detached": false,
            "destroyed": false,
            "url": "http://127.0.0.1:49270/app?configured=1",
            "processId": 8,
            "routingId": 4
          }
        },
        "native": true,
        "error": null,
        "nativeEvents": [
          "maximize"
        ]
      },
      {
        "action": "maximise",
        "document": "hosted-restored",
        "delivered": true,
        "tuple": {
          "fixture": 2,
          "action": "maximise",
          "document": "hosted-restored",
          "byIdSame": true,
          "byTokenSame": true,
          "byId": {
            "id": 2,
            "detached": false,
            "destroyed": false,
            "url": "http://127.0.0.1:49270/app?configured=1",
            "processId": 8,
            "routingId": 4
          },
          "byToken": {
            "id": 2,
            "detached": false,
            "destroyed": false,
            "url": "http://127.0.0.1:49270/app?configured=1",
            "processId": 8,
            "routingId": 4
          },
          "hosted": true,
          "offline": false,
          "self": false,
          "sameContents": true,
          "sameFrame": true,
          "detached": false,
          "sender": {
            "id": 2,
            "detached": false,
            "destroyed": false,
            "url": "http://127.0.0.1:49270/app?configured=1",
            "processId": 8,
            "routingId": 4
          },
          "current": {
            "id": 2,
            "detached": false,
            "destroyed": false,
            "url": "http://127.0.0.1:49270/app?configured=1",
            "processId": 8,
            "routingId": 4
          }
        },
        "native": true,
        "error": null,
        "nativeEvents": [
          "unmaximize"
        ]
      },
      {
        "action": "minimise",
        "document": "hosted-restored",
        "delivered": true,
        "tuple": {
          "fixture": 2,
          "action": "minimise",
          "document": "hosted-restored",
          "byIdSame": true,
          "byTokenSame": true,
          "byId": {
            "id": 2,
            "detached": false,
            "destroyed": false,
            "url": "http://127.0.0.1:49270/app?configured=1",
            "processId": 8,
            "routingId": 4
          },
          "byToken": {
            "id": 2,
            "detached": false,
            "destroyed": false,
            "url": "http://127.0.0.1:49270/app?configured=1",
            "processId": 8,
            "routingId": 4
          },
          "hosted": true,
          "offline": false,
          "self": false,
          "sameContents": true,
          "sameFrame": true,
          "detached": false,
          "sender": {
            "id": 2,
            "detached": false,
            "destroyed": false,
            "url": "http://127.0.0.1:49270/app?configured=1",
            "processId": 8,
            "routingId": 4
          },
          "current": {
            "id": 2,
            "detached": false,
            "destroyed": false,
            "url": "http://127.0.0.1:49270/app?configured=1",
            "processId": 8,
            "routingId": 4
          }
        },
        "native": true,
        "error": null,
        "nativeEvents": [
          "minimize"
        ]
      },
      {
        "action": "close",
        "document": "hosted-restored",
        "delivered": true,
        "tuple": {
          "fixture": 2,
          "action": "close",
          "document": "hosted-restored",
          "byIdSame": true,
          "byTokenSame": true,
          "byId": {
            "id": 2,
            "detached": false,
            "destroyed": false,
            "url": "http://127.0.0.1:49270/app?configured=1",
            "processId": 8,
            "routingId": 4
          },
          "byToken": {
            "id": 2,
            "detached": false,
            "destroyed": false,
            "url": "http://127.0.0.1:49270/app?configured=1",
            "processId": 8,
            "routingId": 4
          },
          "hosted": true,
          "offline": false,
          "self": false,
          "sameContents": true,
          "sameFrame": true,
          "detached": false,
          "sender": {
            "id": 2,
            "detached": false,
            "destroyed": false,
            "url": "http://127.0.0.1:49270/app?configured=1",
            "processId": 8,
            "routingId": 4
          },
          "current": {
            "id": 2,
            "detached": false,
            "destroyed": false,
            "url": "http://127.0.0.1:49270/app?configured=1",
            "processId": 8,
            "routingId": 4
          }
        },
        "native": true,
        "error": null,
        "nativeEvents": [
          "close",
          "closed"
        ]
      }
    ],
    "characterization": {
      "manualRetry": {
        "worked": true,
        "elapsed": 1007,
        "hitsBefore": 2,
        "hitsAfter": 3,
        "requests": [
          "http://127.0.0.1:49270/app?configured=1"
        ],
        "automaticRetryPaused": true,
        "intents": [
          {
            "action": "Retry",
            "destination": "file:///Users/friday/.hermes/profiles/friday/cache/scratch/T17-v6/tmp/T17-real-electron-1nSbci/.vite/build/offline.html?error=server&retry=1",
            "defaultPrevented": true,
            "hosted": false,
            "offline": true,
            "self": true,
            "sameContents": true,
            "sameFrame": true,
            "eventFrameSame": true,
            "isMainFrame": true,
            "detached": false,
            "current": {
              "id": 2,
              "detached": false,
              "destroyed": false,
              "url": "file:///Users/friday/.hermes/profiles/friday/cache/scratch/T17-v6/tmp/T17-real-electron-1nSbci/.vite/build/offline.html?error=server",
              "processId": 7,
              "routingId": 1
            }
          }
        ]
      },
      "hostedRestoration": {
        "mechanism": "manual Retry",
        "url": "http://127.0.0.1:49270/app?configured=1",
        "frame": {
          "id": 2,
          "detached": false,
          "destroyed": false,
          "url": "http://127.0.0.1:49270/app?configured=1",
          "processId": 8,
          "routingId": 4
        }
      },
      "hostedCaptionsAuthorized": true,
      "stopBeforeReadyUpdate": false
    },
    "retryIntents": [
      {
        "action": "Retry",
        "destination": "file:///Users/friday/.hermes/profiles/friday/cache/scratch/T17-v6/tmp/T17-real-electron-1nSbci/.vite/build/offline.html?error=server&retry=1",
        "defaultPrevented": true,
        "hosted": false,
        "offline": true,
        "self": true,
        "sameContents": true,
        "sameFrame": true,
        "eventFrameSame": true,
        "isMainFrame": true,
        "detached": false,
        "current": {
          "id": 2,
          "detached": false,
          "destroyed": false,
          "url": "file:///Users/friday/.hermes/profiles/friday/cache/scratch/T17-v6/tmp/T17-real-electron-1nSbci/.vite/build/offline.html?error=server",
          "processId": 7,
          "routingId": 1
        }
      }
    ],
    "frameStates": [
      {
        "event": "did-start-navigation",
        "fixture": 1,
        "frame": {
          "id": 1,
          "detached": false,
          "destroyed": false,
          "url": "",
          "processId": 4,
          "routingId": 1
        }
      },
      {
        "event": "did-navigate",
        "fixture": 1,
        "frame": {
          "id": 1,
          "detached": false,
          "destroyed": false,
          "url": "http://127.0.0.1:49270/app?configured=1",
          "processId": 4,
          "routingId": 1
        }
      },
      {
        "event": "dom-ready",
        "fixture": 1,
        "frame": {
          "id": 1,
          "detached": false,
          "destroyed": false,
          "url": "http://127.0.0.1:49270/app?configured=1",
          "processId": 4,
          "routingId": 1
        }
      },
      {
        "event": "did-finish-load",
        "fixture": 1,
        "frame": {
          "id": 1,
          "detached": false,
          "destroyed": false,
          "url": "http://127.0.0.1:49270/app?configured=1",
          "processId": 4,
          "routingId": 1
        }
      },
      {
        "event": "did-start-navigation",
        "fixture": 1,
        "frame": {
          "id": 1,
          "detached": false,
          "destroyed": false,
          "url": "",
          "processId": 5,
          "routingId": 1
        }
      },
      {
        "event": "render-process-gone",
        "fixture": 1,
        "frame": {
          "id": 1,
          "detached": false,
          "destroyed": false,
          "url": "",
          "processId": 5,
          "routingId": 1
        }
      },
      {
        "event": "did-navigate",
        "fixture": 1,
        "frame": {
          "id": 1,
          "detached": false,
          "destroyed": false,
          "url": "file:///Users/friday/.hermes/profiles/friday/cache/scratch/T17-v6/tmp/T17-real-electron-1nSbci/.vite/build/offline.html?error=server",
          "processId": 5,
          "routingId": 1
        }
      },
      {
        "event": "dom-ready",
        "fixture": 1,
        "frame": {
          "id": 1,
          "detached": false,
          "destroyed": false,
          "url": "file:///Users/friday/.hermes/profiles/friday/cache/scratch/T17-v6/tmp/T17-real-electron-1nSbci/.vite/build/offline.html?error=server",
          "processId": 5,
          "routingId": 1
        }
      },
      {
        "event": "did-finish-load",
        "fixture": 1,
        "frame": {
          "id": 1,
          "detached": false,
          "destroyed": false,
          "url": "file:///Users/friday/.hermes/profiles/friday/cache/scratch/T17-v6/tmp/T17-real-electron-1nSbci/.vite/build/offline.html?error=server",
          "processId": 5,
          "routingId": 1
        }
      },
      {
        "event": "did-start-navigation",
        "fixture": 2,
        "frame": {
          "id": 2,
          "detached": false,
          "destroyed": false,
          "url": "",
          "processId": 6,
          "routingId": 1
        }
      },
      {
        "event": "did-navigate",
        "fixture": 2,
        "frame": {
          "id": 2,
          "detached": false,
          "destroyed": false,
          "url": "http://127.0.0.1:49270/app?configured=1",
          "processId": 6,
          "routingId": 1
        }
      },
      {
        "event": "dom-ready",
        "fixture": 2,
        "frame": {
          "id": 2,
          "detached": false,
          "destroyed": false,
          "url": "http://127.0.0.1:49270/app?configured=1",
          "processId": 6,
          "routingId": 1
        }
      },
      {
        "event": "did-finish-load",
        "fixture": 2,
        "frame": {
          "id": 2,
          "detached": false,
          "destroyed": false,
          "url": "http://127.0.0.1:49270/app?configured=1",
          "processId": 6,
          "routingId": 1
        }
      },
      {
        "event": "did-start-navigation",
        "fixture": 2,
        "frame": {
          "id": 2,
          "detached": false,
          "destroyed": false,
          "url": "",
          "processId": 7,
          "routingId": 1
        }
      },
      {
        "event": "render-process-gone",
        "fixture": 2,
        "frame": {
          "id": 2,
          "detached": false,
          "destroyed": false,
          "url": "",
          "processId": 7,
          "routingId": 1
        }
      },
      {
        "event": "did-navigate",
        "fixture": 2,
        "frame": {
          "id": 2,
          "detached": false,
          "destroyed": false,
          "url": "file:///Users/friday/.hermes/profiles/friday/cache/scratch/T17-v6/tmp/T17-real-electron-1nSbci/.vite/build/offline.html?error=server",
          "processId": 7,
          "routingId": 1
        }
      },
      {
        "event": "dom-ready",
        "fixture": 2,
        "frame": {
          "id": 2,
          "detached": false,
          "destroyed": false,
          "url": "file:///Users/friday/.hermes/profiles/friday/cache/scratch/T17-v6/tmp/T17-real-electron-1nSbci/.vite/build/offline.html?error=server",
          "processId": 7,
          "routingId": 1
        }
      },
      {
        "event": "did-finish-load",
        "fixture": 2,
        "frame": {
          "id": 2,
          "detached": false,
          "destroyed": false,
          "url": "file:///Users/friday/.hermes/profiles/friday/cache/scratch/T17-v6/tmp/T17-real-electron-1nSbci/.vite/build/offline.html?error=server",
          "processId": 7,
          "routingId": 1
        }
      },
      {
        "event": "did-start-navigation",
        "fixture": 2,
        "frame": {
          "id": 2,
          "detached": false,
          "destroyed": false,
          "url": "file:///Users/friday/.hermes/profiles/friday/cache/scratch/T17-v6/tmp/T17-real-electron-1nSbci/.vite/build/offline.html?error=server",
          "processId": 7,
          "routingId": 1
        }
      },
      {
        "event": "did-start-navigation",
        "fixture": 2,
        "frame": {
          "id": 2,
          "detached": false,
          "destroyed": false,
          "url": "file:///Users/friday/.hermes/profiles/friday/cache/scratch/T17-v6/tmp/T17-real-electron-1nSbci/.vite/build/offline.html?error=server",
          "processId": 7,
          "routingId": 1
        }
      },
      {
        "event": "did-navigate",
        "fixture": 2,
        "frame": {
          "id": 2,
          "detached": false,
          "destroyed": false,
          "url": "http://127.0.0.1:49270/app?configured=1",
          "processId": 8,
          "routingId": 4
        }
      },
      {
        "event": "dom-ready",
        "fixture": 2,
        "frame": {
          "id": 2,
          "detached": false,
          "destroyed": false,
          "url": "http://127.0.0.1:49270/app?configured=1",
          "processId": 8,
          "routingId": 4
        }
      },
      {
        "event": "did-finish-load",
        "fixture": 2,
        "frame": {
          "id": 2,
          "detached": false,
          "destroyed": false,
          "url": "http://127.0.0.1:49270/app?configured=1",
          "processId": 8,
          "routingId": 4
        }
      }
    ],
    "electron": "44.5.1",
    "modules": "149",
    "host": "darwin",
    "presentation": "win32",
    "finalPage": {
      "title": "Recovered",
      "heading": "Recovered without restart",
      "platform": "win32",
      "width": 900,
      "height": 600,
      "scrollWidth": 900,
      "bodyWidth": 884,
      "background": "rgba(0, 0, 0, 0)",
      "controls": [
        {
          "id": "maximise",
          "width": 72.2890625,
          "height": 21.5
        },
        {
          "id": "minimise",
          "width": 68.5859375,
          "height": 21.5
        },
        {
          "id": "close",
          "width": 50.0859375,
          "height": 21.5
        }
      ]
    },
    "hits": 3,
    "captions": {
      "minimise": 2,
      "maximise": 4,
      "close": 2
    },
    "events": [
      "renderer:killed",
      "maximize",
      "unmaximize",
      "minimize",
      "restore",
      "close",
      "closed",
      "renderer:killed",
      "maximize",
      "unmaximize",
      "minimize",
      "restore",
      "close",
      "closed"
    ],
    "requests": [
      "http://127.0.0.1:49270/app?configured=1",
      "file:///Users/friday/.hermes/profiles/friday/cache/scratch/T17-v6/tmp/T17-real-electron-1nSbci/.vite/build/offline.html?error=server",
      "http://127.0.0.1:49270/app?configured=1",
      "file:///Users/friday/.hermes/profiles/friday/cache/scratch/T17-v6/tmp/T17-real-electron-1nSbci/.vite/build/offline.html?error=server",
      "http://127.0.0.1:49270/app?configured=1"
    ],
    "consoleMessages": [],
    "failures": [],
    "emittedBytes": 4933,
    "emittedFile": "/Users/friday/.hermes/profiles/friday/cache/scratch/T17-v6/tmp/T17-real-electron-1nSbci/.vite/build/offline.html",
    "scope": "Isolated Electron harness only. Windows presentation simulated on macOS; not installed Windows/Linux runtime acceptance."
  }
}
AUTHORIZATION {"scenario":"crash-native-os","mode":"win32","fixture":1,"action":"maximise","document":"offline","byIdSame":true,"byTokenSame":true,"byId":{"id":1,"detached":false,"destroyed":false,"url":"file:///Users/friday/.hermes/profiles/friday/cache/scratch/T17-v6/tmp/T17-real-electron-1nSbci/.vite/build/offline.html?error=server","processId":5,"routingId":1},"byToken":{"id":1,"detached":false,"destroyed":false,"url":"file:///Users/friday/.hermes/profiles/friday/cache/scratch/T17-v6/tmp/T17-real-electron-1nSbci/.vite/build/offline.html?error=server","processId":5,"routingId":1},"hosted":false,"offline":true,"self":true,"sameContents":true,"sameFrame":true,"detached":false,"sender":{"id":1,"detached":false,"destroyed":false,"url":"file:///Users/friday/.hermes/profiles/friday/cache/scratch/T17-v6/tmp/T17-real-electron-1nSbci/.vite/build/offline.html?error=server","processId":5,"routingId":1},"current":{"id":1,"detached":false,"destroyed":false,"url":"file:///Users/friday/.hermes/profiles/friday/cache/scratch/T17-v6/tmp/T17-real-electron-1nSbci/.vite/build/offline.html?error=server","processId":5,"routingId":1}}
AUTHORIZATION {"scenario":"crash-native-os","mode":"win32","fixture":1,"action":"maximise","document":"offline","byIdSame":true,"byTokenSame":true,"byId":{"id":1,"detached":false,"destroyed":false,"url":"file:///Users/friday/.hermes/profiles/friday/cache/scratch/T17-v6/tmp/T17-real-electron-1nSbci/.vite/build/offline.html?error=server","processId":5,"routingId":1},"byToken":{"id":1,"detached":false,"destroyed":false,"url":"file:///Users/friday/.hermes/profiles/friday/cache/scratch/T17-v6/tmp/T17-real-electron-1nSbci/.vite/build/offline.html?error=server","processId":5,"routingId":1},"hosted":false,"offline":true,"self":true,"sameContents":true,"sameFrame":true,"detached":false,"sender":{"id":1,"detached":false,"destroyed":false,"url":"file:///Users/friday/.hermes/profiles/friday/cache/scratch/T17-v6/tmp/T17-real-electron-1nSbci/.vite/build/offline.html?error=server","processId":5,"routingId":1},"current":{"id":1,"detached":false,"destroyed":false,"url":"file:///Users/friday/.hermes/profiles/friday/cache/scratch/T17-v6/tmp/T17-real-electron-1nSbci/.vite/build/offline.html?error=server","processId":5,"routingId":1}}
AUTHORIZATION {"scenario":"crash-native-os","mode":"win32","fixture":1,"action":"minimise","document":"offline","byIdSame":true,"byTokenSame":true,"byId":{"id":1,"detached":false,"destroyed":false,"url":"file:///Users/friday/.hermes/profiles/friday/cache/scratch/T17-v6/tmp/T17-real-electron-1nSbci/.vite/build/offline.html?error=server","processId":5,"routingId":1},"byToken":{"id":1,"detached":false,"destroyed":false,"url":"file:///Users/friday/.hermes/profiles/friday/cache/scratch/T17-v6/tmp/T17-real-electron-1nSbci/.vite/build/offline.html?error=server","processId":5,"routingId":1},"hosted":false,"offline":true,"self":true,"sameContents":true,"sameFrame":true,"detached":false,"sender":{"id":1,"detached":false,"destroyed":false,"url":"file:///Users/friday/.hermes/profiles/friday/cache/scratch/T17-v6/tmp/T17-real-electron-1nSbci/.vite/build/offline.html?error=server","processId":5,"routingId":1},"current":{"id":1,"detached":false,"destroyed":false,"url":"file:///Users/friday/.hermes/profiles/friday/cache/scratch/T17-v6/tmp/T17-real-electron-1nSbci/.vite/build/offline.html?error=server","processId":5,"routingId":1}}
AUTHORIZATION {"scenario":"crash-native-os","mode":"win32","fixture":1,"action":"close","document":"offline","byIdSame":true,"byTokenSame":true,"byId":{"id":1,"detached":false,"destroyed":false,"url":"file:///Users/friday/.hermes/profiles/friday/cache/scratch/T17-v6/tmp/T17-real-electron-1nSbci/.vite/build/offline.html?error=server","processId":5,"routingId":1},"byToken":{"id":1,"detached":false,"destroyed":false,"url":"file:///Users/friday/.hermes/profiles/friday/cache/scratch/T17-v6/tmp/T17-real-electron-1nSbci/.vite/build/offline.html?error=server","processId":5,"routingId":1},"hosted":false,"offline":true,"self":true,"sameContents":true,"sameFrame":true,"detached":false,"sender":{"id":1,"detached":false,"destroyed":false,"url":"file:///Users/friday/.hermes/profiles/friday/cache/scratch/T17-v6/tmp/T17-real-electron-1nSbci/.vite/build/offline.html?error=server","processId":5,"routingId":1},"current":{"id":1,"detached":false,"destroyed":false,"url":"file:///Users/friday/.hermes/profiles/friday/cache/scratch/T17-v6/tmp/T17-real-electron-1nSbci/.vite/build/offline.html?error=server","processId":5,"routingId":1}}
PASS {"result":"PASS","exit":0,"knownGaps":[],"hardFailures":[]}

[67500:1003/000303.096080:ERROR:gpu/command_buffer/service/shared_image/shared_image_manager.cc:370] SharedImageManager::ProduceOverlay: Trying to Produce a Overlay representation from a non-existent mailbox.
[67500:1003/000303.096106:ERROR:components/viz/service/display_embedder/skia_output_device_buffer_queue.cc:258] Invalid mailbox.

{
  "mode": "win32",
  "scenario": "crash-native-os",
  "exit": 0,
  "emittedSHA256": "33aba3c676f65b56a45ffcc3dde2a16c75846636717ca280087940f00c0ed712",
  "receipt": {
    "passed": true,
    "result": "PASS",
    "exit": 0,
    "knownGaps": [],
    "hardFailures": [],
    "scenario": "crash-native-os",
    "port": 49270,
    "fixtures": [
      {
        "id": 1,
        "contentsId": 1,
        "purpose": "offline-caption-lifetime",
        "closedByCaption": true
      },
      {
        "id": 2,
        "contentsId": 2,
        "purpose": "crash-native-os-independent-lifetime"
      }
    ],
    "authorization": [
      {
        "fixture": 1,
        "action": "maximise",
        "document": "offline",
        "byIdSame": true,
        "byTokenSame": true,
        "byId": {
          "id": 1,
          "detached": false,
          "destroyed": false,
          "url": "file:///Users/friday/.hermes/profiles/friday/cache/scratch/T17-v6/tmp/T17-real-electron-1nSbci/.vite/build/offline.html?error=server",
          "processId": 5,
          "routingId": 1
        },
        "byToken": {
          "id": 1,
          "detached": false,
          "destroyed": false,
          "url": "file:///Users/friday/.hermes/profiles/friday/cache/scratch/T17-v6/tmp/T17-real-electron-1nSbci/.vite/build/offline.html?error=server",
          "processId": 5,
          "routingId": 1
        },
        "hosted": false,
        "offline": true,
        "self": true,
        "sameContents": true,
        "sameFrame": true,
        "detached": false,
        "sender": {
          "id": 1,
          "detached": false,
          "destroyed": false,
          "url": "file:///Users/friday/.hermes/profiles/friday/cache/scratch/T17-v6/tmp/T17-real-electron-1nSbci/.vite/build/offline.html?error=server",
          "processId": 5,
          "routingId": 1
        },
        "current": {
          "id": 1,
          "detached": false,
          "destroyed": false,
          "url": "file:///Users/friday/.hermes/profiles/friday/cache/scratch/T17-v6/tmp/T17-real-electron-1nSbci/.vite/build/offline.html?error=server",
          "processId": 5,
          "routingId": 1
        }
      },
      {
        "fixture": 1,
        "action": "maximise",
        "document": "offline",
        "byIdSame": true,
        "byTokenSame": true,
        "byId": {
          "id": 1,
          "detached": false,
          "destroyed": false,
          "url": "file:///Users/friday/.hermes/profiles/friday/cache/scratch/T17-v6/tmp/T17-real-electron-1nSbci/.vite/build/offline.html?error=server",
          "processId": 5,
          "routingId": 1
        },
        "byToken": {
          "id": 1,
          "detached": false,
          "destroyed": false,
          "url": "file:///Users/friday/.hermes/profiles/friday/cache/scratch/T17-v6/tmp/T17-real-electron-1nSbci/.vite/build/offline.html?error=server",
          "processId": 5,
          "routingId": 1
        },
        "hosted": false,
        "offline": true,
        "self": true,
        "sameContents": true,
        "sameFrame": true,
        "detached": false,
        "sender": {
          "id": 1,
          "detached": false,
          "destroyed": false,
          "url": "file:///Users/friday/.hermes/profiles/friday/cache/scratch/T17-v6/tmp/T17-real-electron-1nSbci/.vite/build/offline.html?error=server",
          "processId": 5,
          "routingId": 1
        },
        "current": {
          "id": 1,
          "detached": false,
          "destroyed": false,
          "url": "file:///Users/friday/.hermes/profiles/friday/cache/scratch/T17-v6/tmp/T17-real-electron-1nSbci/.vite/build/offline.html?error=server",
          "processId": 5,
          "routingId": 1
        }
      },
      {
        "fixture": 1,
        "action": "minimise",
        "document": "offline",
        "byIdSame": true,
        "byTokenSame": true,
        "byId": {
          "id": 1,
          "detached": false,
          "destroyed": false,
          "url": "file:///Users/friday/.hermes/profiles/friday/cache/scratch/T17-v6/tmp/T17-real-electron-1nSbci/.vite/build/offline.html?error=server",
          "processId": 5,
          "routingId": 1
        },
        "byToken": {
          "id": 1,
          "detached": false,
          "destroyed": false,
          "url": "file:///Users/friday/.hermes/profiles/friday/cache/scratch/T17-v6/tmp/T17-real-electron-1nSbci/.vite/build/offline.html?error=server",
          "processId": 5,
          "routingId": 1
        },
        "hosted": false,
        "offline": true,
        "self": true,
        "sameContents": true,
        "sameFrame": true,
        "detached": false,
        "sender": {
          "id": 1,
          "detached": false,
          "destroyed": false,
          "url": "file:///Users/friday/.hermes/profiles/friday/cache/scratch/T17-v6/tmp/T17-real-electron-1nSbci/.vite/build/offline.html?error=server",
          "processId": 5,
          "routingId": 1
        },
        "current": {
          "id": 1,
          "detached": false,
          "destroyed": false,
          "url": "file:///Users/friday/.hermes/profiles/friday/cache/scratch/T17-v6/tmp/T17-real-electron-1nSbci/.vite/build/offline.html?error=server",
          "processId": 5,
          "routingId": 1
        }
      },
      {
        "fixture": 1,
        "action": "close",
        "document": "offline",
        "byIdSame": true,
        "byTokenSame": true,
        "byId": {
          "id": 1,
          "detached": false,
          "destroyed": false,
          "url": "file:///Users/friday/.hermes/profiles/friday/cache/scratch/T17-v6/tmp/T17-real-electron-1nSbci/.vite/build/offline.html?error=server",
          "processId": 5,
          "routingId": 1
        },
        "byToken": {
          "id": 1,
          "detached": false,
          "destroyed": false,
          "url": "file:///Users/friday/.hermes/profiles/friday/cache/scratch/T17-v6/tmp/T17-real-electron-1nSbci/.vite/build/offline.html?error=server",
          "processId": 5,
          "routingId": 1
        },
        "hosted": false,
        "offline": true,
        "self": true,
        "sameContents": true,
        "sameFrame": true,
        "detached": false,
        "sender": {
          "id": 1,
          "detached": false,
          "destroyed": false,
          "url": "file:///Users/friday/.hermes/profiles/friday/cache/scratch/T17-v6/tmp/T17-real-electron-1nSbci/.vite/build/offline.html?error=server",
          "processId": 5,
          "routingId": 1
        },
        "current": {
          "id": 1,
          "detached": false,
          "destroyed": false,
          "url": "file:///Users/friday/.hermes/profiles/friday/cache/scratch/T17-v6/tmp/T17-real-electron-1nSbci/.vite/build/offline.html?error=server",
          "processId": 5,
          "routingId": 1
        }
      }
    ],
    "captionActions": [
      {
        "action": "maximise",
        "document": "offline",
        "delivered": true,
        "tuple": {
          "fixture": 1,
          "action": "maximise",
          "document": "offline",
          "byIdSame": true,
          "byTokenSame": true,
          "byId": {
            "id": 1,
            "detached": false,
            "destroyed": false,
            "url": "file:///Users/friday/.hermes/profiles/friday/cache/scratch/T17-v6/tmp/T17-real-electron-1nSbci/.vite/build/offline.html?error=server",
            "processId": 5,
            "routingId": 1
          },
          "byToken": {
            "id": 1,
            "detached": false,
            "destroyed": false,
            "url": "file:///Users/friday/.hermes/profiles/friday/cache/scratch/T17-v6/tmp/T17-real-electron-1nSbci/.vite/build/offline.html?error=server",
            "processId": 5,
            "routingId": 1
          },
          "hosted": false,
          "offline": true,
          "self": true,
          "sameContents": true,
          "sameFrame": true,
          "detached": false,
          "sender": {
            "id": 1,
            "detached": false,
            "destroyed": false,
            "url": "file:///Users/friday/.hermes/profiles/friday/cache/scratch/T17-v6/tmp/T17-real-electron-1nSbci/.vite/build/offline.html?error=server",
            "processId": 5,
            "routingId": 1
          },
          "current": {
            "id": 1,
            "detached": false,
            "destroyed": false,
            "url": "file:///Users/friday/.hermes/profiles/friday/cache/scratch/T17-v6/tmp/T17-real-electron-1nSbci/.vite/build/offline.html?error=server",
            "processId": 5,
            "routingId": 1
          }
        },
        "native": true,
        "error": null,
        "nativeEvents": [
          "maximize"
        ]
      },
      {
        "action": "maximise",
        "document": "offline",
        "delivered": true,
        "tuple": {
          "fixture": 1,
          "action": "maximise",
          "document": "offline",
          "byIdSame": true,
          "byTokenSame": true,
          "byId": {
            "id": 1,
            "detached": false,
            "destroyed": false,
            "url": "file:///Users/friday/.hermes/profiles/friday/cache/scratch/T17-v6/tmp/T17-real-electron-1nSbci/.vite/build/offline.html?error=server",
            "processId": 5,
            "routingId": 1
          },
          "byToken": {
            "id": 1,
            "detached": false,
            "destroyed": false,
            "url": "file:///Users/friday/.hermes/profiles/friday/cache/scratch/T17-v6/tmp/T17-real-electron-1nSbci/.vite/build/offline.html?error=server",
            "processId": 5,
            "routingId": 1
          },
          "hosted": false,
          "offline": true,
          "self": true,
          "sameContents": true,
          "sameFrame": true,
          "detached": false,
          "sender": {
            "id": 1,
            "detached": false,
            "destroyed": false,
            "url": "file:///Users/friday/.hermes/profiles/friday/cache/scratch/T17-v6/tmp/T17-real-electron-1nSbci/.vite/build/offline.html?error=server",
            "processId": 5,
            "routingId": 1
          },
          "current": {
            "id": 1,
            "detached": false,
            "destroyed": false,
            "url": "file:///Users/friday/.hermes/profiles/friday/cache/scratch/T17-v6/tmp/T17-real-electron-1nSbci/.vite/build/offline.html?error=server",
            "processId": 5,
            "routingId": 1
          }
        },
        "native": true,
        "error": null,
        "nativeEvents": [
          "unmaximize"
        ]
      },
      {
        "action": "minimise",
        "document": "offline",
        "delivered": true,
        "tuple": {
          "fixture": 1,
          "action": "minimise",
          "document": "offline",
          "byIdSame": true,
          "byTokenSame": true,
          "byId": {
            "id": 1,
            "detached": false,
            "destroyed": false,
            "url": "file:///Users/friday/.hermes/profiles/friday/cache/scratch/T17-v6/tmp/T17-real-electron-1nSbci/.vite/build/offline.html?error=server",
            "processId": 5,
            "routingId": 1
          },
          "byToken": {
            "id": 1,
            "detached": false,
            "destroyed": false,
            "url": "file:///Users/friday/.hermes/profiles/friday/cache/scratch/T17-v6/tmp/T17-real-electron-1nSbci/.vite/build/offline.html?error=server",
            "processId": 5,
            "routingId": 1
          },
          "hosted": false,
          "offline": true,
          "self": true,
          "sameContents": true,
          "sameFrame": true,
          "detached": false,
          "sender": {
            "id": 1,
            "detached": false,
            "destroyed": false,
            "url": "file:///Users/friday/.hermes/profiles/friday/cache/scratch/T17-v6/tmp/T17-real-electron-1nSbci/.vite/build/offline.html?error=server",
            "processId": 5,
            "routingId": 1
          },
          "current": {
            "id": 1,
            "detached": false,
            "destroyed": false,
            "url": "file:///Users/friday/.hermes/profiles/friday/cache/scratch/T17-v6/tmp/T17-real-electron-1nSbci/.vite/build/offline.html?error=server",
            "processId": 5,
            "routingId": 1
          }
        },
        "native": true,
        "error": null,
        "nativeEvents": [
          "minimize"
        ]
      },
      {
        "action": "close",
        "document": "offline",
        "delivered": true,
        "tuple": {
          "fixture": 1,
          "action": "close",
          "document": "offline",
          "byIdSame": true,
          "byTokenSame": true,
          "byId": {
            "id": 1,
            "detached": false,
            "destroyed": false,
            "url": "file:///Users/friday/.hermes/profiles/friday/cache/scratch/T17-v6/tmp/T17-real-electron-1nSbci/.vite/build/offline.html?error=server",
            "processId": 5,
            "routingId": 1
          },
          "byToken": {
            "id": 1,
            "detached": false,
            "destroyed": false,
            "url": "file:///Users/friday/.hermes/profiles/friday/cache/scratch/T17-v6/tmp/T17-real-electron-1nSbci/.vite/build/offline.html?error=server",
            "processId": 5,
            "routingId": 1
          },
          "hosted": false,
          "offline": true,
          "self": true,
          "sameContents": true,
          "sameFrame": true,
          "detached": false,
          "sender": {
            "id": 1,
            "detached": false,
            "destroyed": false,
            "url": "file:///Users/friday/.hermes/profiles/friday/cache/scratch/T17-v6/tmp/T17-real-electron-1nSbci/.vite/build/offline.html?error=server",
            "processId": 5,
            "routingId": 1
          },
          "current": {
            "id": 1,
            "detached": false,
            "destroyed": false,
            "url": "file:///Users/friday/.hermes/profiles/friday/cache/scratch/T17-v6/tmp/T17-real-electron-1nSbci/.vite/build/offline.html?error=server",
            "processId": 5,
            "routingId": 1
          }
        },
        "native": true,
        "error": null,
        "nativeEvents": [
          "close",
          "closed"
        ]
      }
    ],
    "characterization": {
      "nativeOS": {
        "minimize": true,
        "restore": true,
        "close": true,
        "closed": true,
        "events": [
          "minimize",
          "restore",
          "close",
          "closed"
        ],
        "ipcUnchanged": true,
        "authorization": "not applicable: native main-process path, no renderer authority"
      }
    },
    "retryIntents": [],
    "frameStates": [
      {
        "event": "did-start-navigation",
        "fixture": 1,
        "frame": {
          "id": 1,
          "detached": false,
          "destroyed": false,
          "url": "",
          "processId": 4,
          "routingId": 1
        }
      },
      {
        "event": "did-navigate",
        "fixture": 1,
        "frame": {
          "id": 1,
          "detached": false,
          "destroyed": false,
          "url": "http://127.0.0.1:49270/app?configured=1",
          "processId": 4,
          "routingId": 1
        }
      },
      {
        "event": "dom-ready",
        "fixture": 1,
        "frame": {
          "id": 1,
          "detached": false,
          "destroyed": false,
          "url": "http://127.0.0.1:49270/app?configured=1",
          "processId": 4,
          "routingId": 1
        }
      },
      {
        "event": "did-finish-load",
        "fixture": 1,
        "frame": {
          "id": 1,
          "detached": false,
          "destroyed": false,
          "url": "http://127.0.0.1:49270/app?configured=1",
          "processId": 4,
          "routingId": 1
        }
      },
      {
        "event": "did-start-navigation",
        "fixture": 1,
        "frame": {
          "id": 1,
          "detached": false,
          "destroyed": false,
          "url": "",
          "processId": 5,
          "routingId": 1
        }
      },
      {
        "event": "render-process-gone",
        "fixture": 1,
        "frame": {
          "id": 1,
          "detached": false,
          "destroyed": false,
          "url": "",
          "processId": 5,
          "routingId": 1
        }
      },
      {
        "event": "did-navigate",
        "fixture": 1,
        "frame": {
          "id": 1,
          "detached": false,
          "destroyed": false,
          "url": "file:///Users/friday/.hermes/profiles/friday/cache/scratch/T17-v6/tmp/T17-real-electron-1nSbci/.vite/build/offline.html?error=server",
          "processId": 5,
          "routingId": 1
        }
      },
      {
        "event": "dom-ready",
        "fixture": 1,
        "frame": {
          "id": 1,
          "detached": false,
          "destroyed": false,
          "url": "file:///Users/friday/.hermes/profiles/friday/cache/scratch/T17-v6/tmp/T17-real-electron-1nSbci/.vite/build/offline.html?error=server",
          "processId": 5,
          "routingId": 1
        }
      },
      {
        "event": "did-finish-load",
        "fixture": 1,
        "frame": {
          "id": 1,
          "detached": false,
          "destroyed": false,
          "url": "file:///Users/friday/.hermes/profiles/friday/cache/scratch/T17-v6/tmp/T17-real-electron-1nSbci/.vite/build/offline.html?error=server",
          "processId": 5,
          "routingId": 1
        }
      },
      {
        "event": "did-start-navigation",
        "fixture": 2,
        "frame": {
          "id": 2,
          "detached": false,
          "destroyed": false,
          "url": "",
          "processId": 6,
          "routingId": 1
        }
      },
      {
        "event": "did-navigate",
        "fixture": 2,
        "frame": {
          "id": 2,
          "detached": false,
          "destroyed": false,
          "url": "http://127.0.0.1:49270/app?configured=1",
          "processId": 6,
          "routingId": 1
        }
      },
      {
        "event": "dom-ready",
        "fixture": 2,
        "frame": {
          "id": 2,
          "detached": false,
          "destroyed": false,
          "url": "http://127.0.0.1:49270/app?configured=1",
          "processId": 6,
          "routingId": 1
        }
      },
      {
        "event": "did-finish-load",
        "fixture": 2,
        "frame": {
          "id": 2,
          "detached": false,
          "destroyed": false,
          "url": "http://127.0.0.1:49270/app?configured=1",
          "processId": 6,
          "routingId": 1
        }
      },
      {
        "event": "did-start-navigation",
        "fixture": 2,
        "frame": {
          "id": 2,
          "detached": false,
          "destroyed": false,
          "url": "",
          "processId": 7,
          "routingId": 1
        }
      },
      {
        "event": "render-process-gone",
        "fixture": 2,
        "frame": {
          "id": 2,
          "detached": false,
          "destroyed": false,
          "url": "",
          "processId": 7,
          "routingId": 1
        }
      },
      {
        "event": "did-navigate",
        "fixture": 2,
        "frame": {
          "id": 2,
          "detached": false,
          "destroyed": false,
          "url": "file:///Users/friday/.hermes/profiles/friday/cache/scratch/T17-v6/tmp/T17-real-electron-1nSbci/.vite/build/offline.html?error=server",
          "processId": 7,
          "routingId": 1
        }
      },
      {
        "event": "dom-ready",
        "fixture": 2,
        "frame": {
          "id": 2,
          "detached": false,
          "destroyed": false,
          "url": "file:///Users/friday/.hermes/profiles/friday/cache/scratch/T17-v6/tmp/T17-real-electron-1nSbci/.vite/build/offline.html?error=server",
          "processId": 7,
          "routingId": 1
        }
      },
      {
        "event": "did-finish-load",
        "fixture": 2,
        "frame": {
          "id": 2,
          "detached": false,
          "destroyed": false,
          "url": "file:///Users/friday/.hermes/profiles/friday/cache/scratch/T17-v6/tmp/T17-real-electron-1nSbci/.vite/build/offline.html?error=server",
          "processId": 7,
          "routingId": 1
        }
      }
    ],
    "electron": "44.5.1",
    "modules": "149",
    "host": "darwin",
    "presentation": "win32",
    "finalPage": {
      "title": "Mutiny — Connection interrupted",
      "error": "Server",
      "heading": "Connection interrupted",
      "captionsHidden": false,
      "platform": "win32",
      "width": 900,
      "height": 600,
      "scrollWidth": 900,
      "bodyWidth": 900,
      "background": "rgb(35, 32, 47)",
      "controls": [
        {
          "id": "minimise",
          "width": 48,
          "height": 44
        },
        {
          "id": "maximise",
          "width": 48,
          "height": 44
        },
        {
          "id": "close",
          "width": 48,
          "height": 44
        },
        {
          "id": "retry",
          "width": 120,
          "height": 44
        }
      ]
    },
    "hits": 2,
    "captions": {
      "minimise": 1,
      "maximise": 2,
      "close": 1
    },
    "events": [
      "renderer:killed",
      "maximize",
      "unmaximize",
      "minimize",
      "restore",
      "close",
      "closed",
      "renderer:killed",
      "minimize",
      "restore",
      "close",
      "closed"
    ],
    "requests": [
      "http://127.0.0.1:49270/app?configured=1",
      "file:///Users/friday/.hermes/profiles/friday/cache/scratch/T17-v6/tmp/T17-real-electron-1nSbci/.vite/build/offline.html?error=server",
      "http://127.0.0.1:49270/app?configured=1",
      "file:///Users/friday/.hermes/profiles/friday/cache/scratch/T17-v6/tmp/T17-real-electron-1nSbci/.vite/build/offline.html?error=server"
    ],
    "consoleMessages": [],
    "failures": [],
    "emittedBytes": 4933,
    "emittedFile": "/Users/friday/.hermes/profiles/friday/cache/scratch/T17-v6/tmp/T17-real-electron-1nSbci/.vite/build/offline.html",
    "scope": "Isolated Electron harness only. Windows presentation simulated on macOS; not installed Windows/Linux runtime acceptance."
  }
}
AUTHORIZATION {"scenario":"no-crash-retry-hosted","mode":"win32","fixture":1,"action":"maximise","document":"hosted-restored","byIdSame":true,"byTokenSame":true,"byId":{"id":1,"detached":false,"destroyed":false,"url":"http://127.0.0.1:49270/app?configured=1","processId":6,"routingId":4},"byToken":{"id":1,"detached":false,"destroyed":false,"url":"http://127.0.0.1:49270/app?configured=1","processId":6,"routingId":4},"hosted":true,"offline":false,"self":false,"sameContents":true,"sameFrame":true,"detached":false,"sender":{"id":1,"detached":false,"destroyed":false,"url":"http://127.0.0.1:49270/app?configured=1","processId":6,"routingId":4},"current":{"id":1,"detached":false,"destroyed":false,"url":"http://127.0.0.1:49270/app?configured=1","processId":6,"routingId":4}}
AUTHORIZATION {"scenario":"no-crash-retry-hosted","mode":"win32","fixture":1,"action":"maximise","document":"hosted-restored","byIdSame":true,"byTokenSame":true,"byId":{"id":1,"detached":false,"destroyed":false,"url":"http://127.0.0.1:49270/app?configured=1","processId":6,"routingId":4},"byToken":{"id":1,"detached":false,"destroyed":false,"url":"http://127.0.0.1:49270/app?configured=1","processId":6,"routingId":4},"hosted":true,"offline":false,"self":false,"sameContents":true,"sameFrame":true,"detached":false,"sender":{"id":1,"detached":false,"destroyed":false,"url":"http://127.0.0.1:49270/app?configured=1","processId":6,"routingId":4},"current":{"id":1,"detached":false,"destroyed":false,"url":"http://127.0.0.1:49270/app?configured=1","processId":6,"routingId":4}}
AUTHORIZATION {"scenario":"no-crash-retry-hosted","mode":"win32","fixture":1,"action":"minimise","document":"hosted-restored","byIdSame":true,"byTokenSame":true,"byId":{"id":1,"detached":false,"destroyed":false,"url":"http://127.0.0.1:49270/app?configured=1","processId":6,"routingId":4},"byToken":{"id":1,"detached":false,"destroyed":false,"url":"http://127.0.0.1:49270/app?configured=1","processId":6,"routingId":4},"hosted":true,"offline":false,"self":false,"sameContents":true,"sameFrame":true,"detached":false,"sender":{"id":1,"detached":false,"destroyed":false,"url":"http://127.0.0.1:49270/app?configured=1","processId":6,"routingId":4},"current":{"id":1,"detached":false,"destroyed":false,"url":"http://127.0.0.1:49270/app?configured=1","processId":6,"routingId":4}}
AUTHORIZATION {"scenario":"no-crash-retry-hosted","mode":"win32","fixture":1,"action":"close","document":"hosted-restored","byIdSame":true,"byTokenSame":true,"byId":{"id":1,"detached":false,"destroyed":false,"url":"http://127.0.0.1:49270/app?configured=1","processId":6,"routingId":4},"byToken":{"id":1,"detached":false,"destroyed":false,"url":"http://127.0.0.1:49270/app?configured=1","processId":6,"routingId":4},"hosted":true,"offline":false,"self":false,"sameContents":true,"sameFrame":true,"detached":false,"sender":{"id":1,"detached":false,"destroyed":false,"url":"http://127.0.0.1:49270/app?configured=1","processId":6,"routingId":4},"current":{"id":1,"detached":false,"destroyed":false,"url":"http://127.0.0.1:49270/app?configured=1","processId":6,"routingId":4}}
PASS {"result":"PASS","exit":0,"knownGaps":[],"hardFailures":[]}


{
  "mode": "win32",
  "scenario": "no-crash-retry-hosted",
  "exit": 0,
  "emittedSHA256": "33aba3c676f65b56a45ffcc3dde2a16c75846636717ca280087940f00c0ed712",
  "receipt": {
    "passed": true,
    "result": "PASS",
    "exit": 0,
    "knownGaps": [],
    "hardFailures": [],
    "scenario": "no-crash-retry-hosted",
    "port": 49270,
    "fixtures": [
      {
        "id": 1,
        "contentsId": 1,
        "purpose": "offline-caption-lifetime"
      }
    ],
    "authorization": [
      {
        "fixture": 1,
        "action": "maximise",
        "document": "hosted-restored",
        "byIdSame": true,
        "byTokenSame": true,
        "byId": {
          "id": 1,
          "detached": false,
          "destroyed": false,
          "url": "http://127.0.0.1:49270/app?configured=1",
          "processId": 6,
          "routingId": 4
        },
        "byToken": {
          "id": 1,
          "detached": false,
          "destroyed": false,
          "url": "http://127.0.0.1:49270/app?configured=1",
          "processId": 6,
          "routingId": 4
        },
        "hosted": true,
        "offline": false,
        "self": false,
        "sameContents": true,
        "sameFrame": true,
        "detached": false,
        "sender": {
          "id": 1,
          "detached": false,
          "destroyed": false,
          "url": "http://127.0.0.1:49270/app?configured=1",
          "processId": 6,
          "routingId": 4
        },
        "current": {
          "id": 1,
          "detached": false,
          "destroyed": false,
          "url": "http://127.0.0.1:49270/app?configured=1",
          "processId": 6,
          "routingId": 4
        }
      },
      {
        "fixture": 1,
        "action": "maximise",
        "document": "hosted-restored",
        "byIdSame": true,
        "byTokenSame": true,
        "byId": {
          "id": 1,
          "detached": false,
          "destroyed": false,
          "url": "http://127.0.0.1:49270/app?configured=1",
          "processId": 6,
          "routingId": 4
        },
        "byToken": {
          "id": 1,
          "detached": false,
          "destroyed": false,
          "url": "http://127.0.0.1:49270/app?configured=1",
          "processId": 6,
          "routingId": 4
        },
        "hosted": true,
        "offline": false,
        "self": false,
        "sameContents": true,
        "sameFrame": true,
        "detached": false,
        "sender": {
          "id": 1,
          "detached": false,
          "destroyed": false,
          "url": "http://127.0.0.1:49270/app?configured=1",
          "processId": 6,
          "routingId": 4
        },
        "current": {
          "id": 1,
          "detached": false,
          "destroyed": false,
          "url": "http://127.0.0.1:49270/app?configured=1",
          "processId": 6,
          "routingId": 4
        }
      },
      {
        "fixture": 1,
        "action": "minimise",
        "document": "hosted-restored",
        "byIdSame": true,
        "byTokenSame": true,
        "byId": {
          "id": 1,
          "detached": false,
          "destroyed": false,
          "url": "http://127.0.0.1:49270/app?configured=1",
          "processId": 6,
          "routingId": 4
        },
        "byToken": {
          "id": 1,
          "detached": false,
          "destroyed": false,
          "url": "http://127.0.0.1:49270/app?configured=1",
          "processId": 6,
          "routingId": 4
        },
        "hosted": true,
        "offline": false,
        "self": false,
        "sameContents": true,
        "sameFrame": true,
        "detached": false,
        "sender": {
          "id": 1,
          "detached": false,
          "destroyed": false,
          "url": "http://127.0.0.1:49270/app?configured=1",
          "processId": 6,
          "routingId": 4
        },
        "current": {
          "id": 1,
          "detached": false,
          "destroyed": false,
          "url": "http://127.0.0.1:49270/app?configured=1",
          "processId": 6,
          "routingId": 4
        }
      },
      {
        "fixture": 1,
        "action": "close",
        "document": "hosted-restored",
        "byIdSame": true,
        "byTokenSame": true,
        "byId": {
          "id": 1,
          "detached": false,
          "destroyed": false,
          "url": "http://127.0.0.1:49270/app?configured=1",
          "processId": 6,
          "routingId": 4
        },
        "byToken": {
          "id": 1,
          "detached": false,
          "destroyed": false,
          "url": "http://127.0.0.1:49270/app?configured=1",
          "processId": 6,
          "routingId": 4
        },
        "hosted": true,
        "offline": false,
        "self": false,
        "sameContents": true,
        "sameFrame": true,
        "detached": false,
        "sender": {
          "id": 1,
          "detached": false,
          "destroyed": false,
          "url": "http://127.0.0.1:49270/app?configured=1",
          "processId": 6,
          "routingId": 4
        },
        "current": {
          "id": 1,
          "detached": false,
          "destroyed": false,
          "url": "http://127.0.0.1:49270/app?configured=1",
          "processId": 6,
          "routingId": 4
        }
      }
    ],
    "captionActions": [
      {
        "action": "maximise",
        "document": "hosted-restored",
        "delivered": true,
        "tuple": {
          "fixture": 1,
          "action": "maximise",
          "document": "hosted-restored",
          "byIdSame": true,
          "byTokenSame": true,
          "byId": {
            "id": 1,
            "detached": false,
            "destroyed": false,
            "url": "http://127.0.0.1:49270/app?configured=1",
            "processId": 6,
            "routingId": 4
          },
          "byToken": {
            "id": 1,
            "detached": false,
            "destroyed": false,
            "url": "http://127.0.0.1:49270/app?configured=1",
            "processId": 6,
            "routingId": 4
          },
          "hosted": true,
          "offline": false,
          "self": false,
          "sameContents": true,
          "sameFrame": true,
          "detached": false,
          "sender": {
            "id": 1,
            "detached": false,
            "destroyed": false,
            "url": "http://127.0.0.1:49270/app?configured=1",
            "processId": 6,
            "routingId": 4
          },
          "current": {
            "id": 1,
            "detached": false,
            "destroyed": false,
            "url": "http://127.0.0.1:49270/app?configured=1",
            "processId": 6,
            "routingId": 4
          }
        },
        "native": true,
        "error": null,
        "nativeEvents": [
          "maximize"
        ]
      },
      {
        "action": "maximise",
        "document": "hosted-restored",
        "delivered": true,
        "tuple": {
          "fixture": 1,
          "action": "maximise",
          "document": "hosted-restored",
          "byIdSame": true,
          "byTokenSame": true,
          "byId": {
            "id": 1,
            "detached": false,
            "destroyed": false,
            "url": "http://127.0.0.1:49270/app?configured=1",
            "processId": 6,
            "routingId": 4
          },
          "byToken": {
            "id": 1,
            "detached": false,
            "destroyed": false,
            "url": "http://127.0.0.1:49270/app?configured=1",
            "processId": 6,
            "routingId": 4
          },
          "hosted": true,
          "offline": false,
          "self": false,
          "sameContents": true,
          "sameFrame": true,
          "detached": false,
          "sender": {
            "id": 1,
            "detached": false,
            "destroyed": false,
            "url": "http://127.0.0.1:49270/app?configured=1",
            "processId": 6,
            "routingId": 4
          },
          "current": {
            "id": 1,
            "detached": false,
            "destroyed": false,
            "url": "http://127.0.0.1:49270/app?configured=1",
            "processId": 6,
            "routingId": 4
          }
        },
        "native": true,
        "error": null,
        "nativeEvents": [
          "unmaximize"
        ]
      },
      {
        "action": "minimise",
        "document": "hosted-restored",
        "delivered": true,
        "tuple": {
          "fixture": 1,
          "action": "minimise",
          "document": "hosted-restored",
          "byIdSame": true,
          "byTokenSame": true,
          "byId": {
            "id": 1,
            "detached": false,
            "destroyed": false,
            "url": "http://127.0.0.1:49270/app?configured=1",
            "processId": 6,
            "routingId": 4
          },
          "byToken": {
            "id": 1,
            "detached": false,
            "destroyed": false,
            "url": "http://127.0.0.1:49270/app?configured=1",
            "processId": 6,
            "routingId": 4
          },
          "hosted": true,
          "offline": false,
          "self": false,
          "sameContents": true,
          "sameFrame": true,
          "detached": false,
          "sender": {
            "id": 1,
            "detached": false,
            "destroyed": false,
            "url": "http://127.0.0.1:49270/app?configured=1",
            "processId": 6,
            "routingId": 4
          },
          "current": {
            "id": 1,
            "detached": false,
            "destroyed": false,
            "url": "http://127.0.0.1:49270/app?configured=1",
            "processId": 6,
            "routingId": 4
          }
        },
        "native": true,
        "error": null,
        "nativeEvents": [
          "minimize"
        ]
      },
      {
        "action": "close",
        "document": "hosted-restored",
        "delivered": true,
        "tuple": {
          "fixture": 1,
          "action": "close",
          "document": "hosted-restored",
          "byIdSame": true,
          "byTokenSame": true,
          "byId": {
            "id": 1,
            "detached": false,
            "destroyed": false,
            "url": "http://127.0.0.1:49270/app?configured=1",
            "processId": 6,
            "routingId": 4
          },
          "byToken": {
            "id": 1,
            "detached": false,
            "destroyed": false,
            "url": "http://127.0.0.1:49270/app?configured=1",
            "processId": 6,
            "routingId": 4
          },
          "hosted": true,
          "offline": false,
          "self": false,
          "sameContents": true,
          "sameFrame": true,
          "detached": false,
          "sender": {
            "id": 1,
            "detached": false,
            "destroyed": false,
            "url": "http://127.0.0.1:49270/app?configured=1",
            "processId": 6,
            "routingId": 4
          },
          "current": {
            "id": 1,
            "detached": false,
            "destroyed": false,
            "url": "http://127.0.0.1:49270/app?configured=1",
            "processId": 6,
            "routingId": 4
          }
        },
        "native": true,
        "error": null,
        "nativeEvents": [
          "close",
          "closed"
        ]
      }
    ],
    "characterization": {
      "manualRetry": {
        "worked": true,
        "elapsed": 1006,
        "hitsBefore": 1,
        "hitsAfter": 2,
        "requests": [
          "http://127.0.0.1:49270/app?configured=1"
        ],
        "automaticRetryPaused": true,
        "intents": [
          {
            "action": "Retry",
            "destination": "file:///Users/friday/.hermes/profiles/friday/cache/scratch/T17-v6/tmp/T17-real-electron-1nSbci/.vite/build/offline.html?error=server&retry=1",
            "defaultPrevented": true,
            "hosted": false,
            "offline": true,
            "self": true,
            "sameContents": true,
            "sameFrame": true,
            "eventFrameSame": true,
            "isMainFrame": true,
            "detached": false,
            "current": {
              "id": 1,
              "detached": false,
              "destroyed": false,
              "url": "file:///Users/friday/.hermes/profiles/friday/cache/scratch/T17-v6/tmp/T17-real-electron-1nSbci/.vite/build/offline.html?error=server",
              "processId": 5,
              "routingId": 4
            }
          }
        ]
      },
      "hostedRestoration": {
        "mechanism": "manual Retry",
        "url": "http://127.0.0.1:49270/app?configured=1",
        "frame": {
          "id": 1,
          "detached": false,
          "destroyed": false,
          "url": "http://127.0.0.1:49270/app?configured=1",
          "processId": 6,
          "routingId": 4
        }
      },
      "hostedCaptionsAuthorized": true,
      "stopBeforeReadyUpdate": false
    },
    "retryIntents": [
      {
        "action": "Retry",
        "destination": "file:///Users/friday/.hermes/profiles/friday/cache/scratch/T17-v6/tmp/T17-real-electron-1nSbci/.vite/build/offline.html?error=server&retry=1",
        "defaultPrevented": true,
        "hosted": false,
        "offline": true,
        "self": true,
        "sameContents": true,
        "sameFrame": true,
        "eventFrameSame": true,
        "isMainFrame": true,
        "detached": false,
        "current": {
          "id": 1,
          "detached": false,
          "destroyed": false,
          "url": "file:///Users/friday/.hermes/profiles/friday/cache/scratch/T17-v6/tmp/T17-real-electron-1nSbci/.vite/build/offline.html?error=server",
          "processId": 5,
          "routingId": 4
        }
      }
    ],
    "frameStates": [
      {
        "event": "did-start-navigation",
        "fixture": 1,
        "frame": {
          "id": 1,
          "detached": false,
          "destroyed": false,
          "url": "",
          "processId": 4,
          "routingId": 1
        }
      },
      {
        "event": "did-start-navigation",
        "fixture": 1,
        "frame": {
          "id": 1,
          "detached": false,
          "destroyed": false,
          "url": "http://127.0.0.1:49270/app?configured=1",
          "processId": 4,
          "routingId": 1
        }
      },
      {
        "event": "did-navigate",
        "fixture": 1,
        "frame": {
          "id": 1,
          "detached": false,
          "destroyed": false,
          "url": "http://127.0.0.1:49270/app?configured=1",
          "processId": 4,
          "routingId": 1
        }
      },
      {
        "event": "dom-ready",
        "fixture": 1,
        "frame": {
          "id": 1,
          "detached": false,
          "destroyed": false,
          "url": "http://127.0.0.1:49270/app?configured=1",
          "processId": 4,
          "routingId": 1
        }
      },
      {
        "event": "did-finish-load",
        "fixture": 1,
        "frame": {
          "id": 1,
          "detached": false,
          "destroyed": false,
          "url": "http://127.0.0.1:49270/app?configured=1",
          "processId": 4,
          "routingId": 1
        }
      },
      {
        "event": "did-navigate",
        "fixture": 1,
        "frame": {
          "id": 1,
          "detached": false,
          "destroyed": false,
          "url": "file:///Users/friday/.hermes/profiles/friday/cache/scratch/T17-v6/tmp/T17-real-electron-1nSbci/.vite/build/offline.html?error=server",
          "processId": 5,
          "routingId": 4
        }
      },
      {
        "event": "dom-ready",
        "fixture": 1,
        "frame": {
          "id": 1,
          "detached": false,
          "destroyed": false,
          "url": "file:///Users/friday/.hermes/profiles/friday/cache/scratch/T17-v6/tmp/T17-real-electron-1nSbci/.vite/build/offline.html?error=server",
          "processId": 5,
          "routingId": 4
        }
      },
      {
        "event": "did-finish-load",
        "fixture": 1,
        "frame": {
          "id": 1,
          "detached": false,
          "destroyed": false,
          "url": "file:///Users/friday/.hermes/profiles/friday/cache/scratch/T17-v6/tmp/T17-real-electron-1nSbci/.vite/build/offline.html?error=server",
          "processId": 5,
          "routingId": 4
        }
      },
      {
        "event": "did-start-navigation",
        "fixture": 1,
        "frame": {
          "id": 1,
          "detached": false,
          "destroyed": false,
          "url": "file:///Users/friday/.hermes/profiles/friday/cache/scratch/T17-v6/tmp/T17-real-electron-1nSbci/.vite/build/offline.html?error=server",
          "processId": 5,
          "routingId": 4
        }
      },
      {
        "event": "did-start-navigation",
        "fixture": 1,
        "frame": {
          "id": 1,
          "detached": false,
          "destroyed": false,
          "url": "file:///Users/friday/.hermes/profiles/friday/cache/scratch/T17-v6/tmp/T17-real-electron-1nSbci/.vite/build/offline.html?error=server",
          "processId": 5,
          "routingId": 4
        }
      },
      {
        "event": "did-navigate",
        "fixture": 1,
        "frame": {
          "id": 1,
          "detached": false,
          "destroyed": false,
          "url": "http://127.0.0.1:49270/app?configured=1",
          "processId": 6,
          "routingId": 4
        }
      },
      {
        "event": "dom-ready",
        "fixture": 1,
        "frame": {
          "id": 1,
          "detached": false,
          "destroyed": false,
          "url": "http://127.0.0.1:49270/app?configured=1",
          "processId": 6,
          "routingId": 4
        }
      },
      {
        "event": "did-finish-load",
        "fixture": 1,
        "frame": {
          "id": 1,
          "detached": false,
          "destroyed": false,
          "url": "http://127.0.0.1:49270/app?configured=1",
          "processId": 6,
          "routingId": 4
        }
      }
    ],
    "electron": "44.5.1",
    "modules": "149",
    "host": "darwin",
    "presentation": "win32",
    "finalPage": {
      "title": "Recovered",
      "heading": "Recovered without restart",
      "platform": "win32",
      "width": 900,
      "height": 600,
      "scrollWidth": 900,
      "bodyWidth": 884,
      "background": "rgba(0, 0, 0, 0)",
      "controls": [
        {
          "id": "maximise",
          "width": 72.2890625,
          "height": 21.5
        },
        {
          "id": "minimise",
          "width": 68.5859375,
          "height": 21.5
        },
        {
          "id": "close",
          "width": 50.0859375,
          "height": 21.5
        }
      ]
    },
    "hits": 2,
    "captions": {
      "minimise": 1,
      "maximise": 2,
      "close": 1
    },
    "events": [
      "maximize",
      "unmaximize",
      "minimize",
      "restore",
      "close",
      "closed"
    ],
    "requests": [
      "http://127.0.0.1:49270/app?configured=1",
      "file:///Users/friday/.hermes/profiles/friday/cache/scratch/T17-v6/tmp/T17-real-electron-1nSbci/.vite/build/offline.html?error=server",
      "http://127.0.0.1:49270/app?configured=1"
    ],
    "consoleMessages": [],
    "failures": [],
    "emittedBytes": 4933,
    "emittedFile": "/Users/friday/.hermes/profiles/friday/cache/scratch/T17-v6/tmp/T17-real-electron-1nSbci/.vite/build/offline.html",
    "scope": "Isolated Electron harness only. Windows presentation simulated on macOS; not installed Windows/Linux runtime acceptance."
  }
}
Removed owned harness build, user-data and cache directories.
