[33mThe CJS build of Vite's Node API is deprecated. See https://vite.dev/guide/troubleshooting.html#vite-cjs-node-api-deprecated for more details.[39m
vite v5.4.20 building for production...
transforming...
✓ 6 modules transformed.
rendering chunks...
computing gzip size...
../../../../.hermes/profiles/friday/cache/scratch/T17-real-electron-jG80Bb/.vite/build/offline.html                4.93 kB │ gzip: 2.05 kB
../../../../.hermes/profiles/friday/cache/scratch/T17-real-electron-jG80Bb/.vite/build/electron-runtime-entry.js  12.14 kB │ gzip: 4.69 kB
✓ built in 110ms
vite v5.4.20 building for production...
transforming...
✓ 4 modules transformed.
rendering chunks...
computing gzip size...
../../../../.hermes/profiles/friday/cache/scratch/T17-real-electron-jG80Bb/.vite/build/preload.js  1.25 kB │ gzip: 0.49 kB
✓ built in 21ms
vite v5.4.20 building for production...
transforming...
✓ 4 modules transformed.
rendering chunks...
computing gzip size...
../../../../.hermes/profiles/friday/cache/scratch/T17-real-electron-jG80Bb/.vite/build/preload-win.js  1.25 kB │ gzip: 0.49 kB
✓ built in 15ms
AUTHORIZATION {"scenario":"no-crash-no-cdp","mode":"darwin","byIdSame":true,"byTokenSame":true,"byId":{"id":1,"detached":false,"destroyed":false,"url":"file:///Users/friday/.hermes/profiles/friday/cache/scratch/T17-real-electron-jG80Bb/.vite/build/offline.html?error=server","processId":5,"routingId":4},"byToken":{"id":1,"detached":false,"destroyed":false,"url":"file:///Users/friday/.hermes/profiles/friday/cache/scratch/T17-real-electron-jG80Bb/.vite/build/offline.html?error=server","processId":5,"routingId":4},"hosted":false,"offline":true,"self":true,"sameContents":true,"sameFrame":true,"detached":false,"sender":{"id":1,"detached":false,"destroyed":false,"url":"file:///Users/friday/.hermes/profiles/friday/cache/scratch/T17-real-electron-jG80Bb/.vite/build/offline.html?error=server","processId":5,"routingId":4},"current":{"id":1,"detached":false,"destroyed":false,"url":"file:///Users/friday/.hermes/profiles/friday/cache/scratch/T17-real-electron-jG80Bb/.vite/build/offline.html?error=server","processId":5,"routingId":4}}
AUTHORIZATION {"scenario":"no-crash-no-cdp","mode":"darwin","byIdSame":true,"byTokenSame":true,"byId":{"id":1,"detached":false,"destroyed":false,"url":"file:///Users/friday/.hermes/profiles/friday/cache/scratch/T17-real-electron-jG80Bb/.vite/build/offline.html?error=server","processId":5,"routingId":4},"byToken":{"id":1,"detached":false,"destroyed":false,"url":"file:///Users/friday/.hermes/profiles/friday/cache/scratch/T17-real-electron-jG80Bb/.vite/build/offline.html?error=server","processId":5,"routingId":4},"hosted":false,"offline":true,"self":true,"sameContents":true,"sameFrame":true,"detached":false,"sender":{"id":1,"detached":false,"destroyed":false,"url":"file:///Users/friday/.hermes/profiles/friday/cache/scratch/T17-real-electron-jG80Bb/.vite/build/offline.html?error=server","processId":5,"routingId":4},"current":{"id":1,"detached":false,"destroyed":false,"url":"file:///Users/friday/.hermes/profiles/friday/cache/scratch/T17-real-electron-jG80Bb/.vite/build/offline.html?error=server","processId":5,"routingId":4}}
AUTHORIZATION {"scenario":"no-crash-no-cdp","mode":"darwin","byIdSame":true,"byTokenSame":true,"byId":{"id":1,"detached":false,"destroyed":false,"url":"file:///Users/friday/.hermes/profiles/friday/cache/scratch/T17-real-electron-jG80Bb/.vite/build/offline.html?error=server","processId":5,"routingId":4},"byToken":{"id":1,"detached":false,"destroyed":false,"url":"file:///Users/friday/.hermes/profiles/friday/cache/scratch/T17-real-electron-jG80Bb/.vite/build/offline.html?error=server","processId":5,"routingId":4},"hosted":false,"offline":true,"self":true,"sameContents":true,"sameFrame":true,"detached":false,"sender":{"id":1,"detached":false,"destroyed":false,"url":"file:///Users/friday/.hermes/profiles/friday/cache/scratch/T17-real-electron-jG80Bb/.vite/build/offline.html?error=server","processId":5,"routingId":4},"current":{"id":1,"detached":false,"destroyed":false,"url":"file:///Users/friday/.hermes/profiles/friday/cache/scratch/T17-real-electron-jG80Bb/.vite/build/offline.html?error=server","processId":5,"routingId":4}}
AUTHORIZATION {"scenario":"no-crash-no-cdp","mode":"darwin","byIdSame":true,"byTokenSame":true,"byId":{"id":1,"detached":false,"destroyed":false,"url":"file:///Users/friday/.hermes/profiles/friday/cache/scratch/T17-real-electron-jG80Bb/.vite/build/offline.html?error=server","processId":5,"routingId":4},"byToken":{"id":1,"detached":false,"destroyed":false,"url":"file:///Users/friday/.hermes/profiles/friday/cache/scratch/T17-real-electron-jG80Bb/.vite/build/offline.html?error=server","processId":5,"routingId":4},"hosted":false,"offline":true,"self":true,"sameContents":true,"sameFrame":true,"detached":false,"sender":{"id":1,"detached":false,"destroyed":false,"url":"file:///Users/friday/.hermes/profiles/friday/cache/scratch/T17-real-electron-jG80Bb/.vite/build/offline.html?error=server","processId":5,"routingId":4},"current":{"id":1,"detached":false,"destroyed":false,"url":"file:///Users/friday/.hermes/profiles/friday/cache/scratch/T17-real-electron-jG80Bb/.vite/build/offline.html?error=server","processId":5,"routingId":4}}


{
  "mode": "darwin",
  "scenario": "no-crash-no-cdp",
  "exit": 0,
  "emittedSHA256": "33aba3c676f65b56a45ffcc3dde2a16c75846636717ca280087940f00c0ed712",
  "receipt": {
    "passed": true,
    "scenario": "no-crash-no-cdp",
    "port": 49206,
    "authorization": [
      {
        "byIdSame": true,
        "byTokenSame": true,
        "byId": {
          "id": 1,
          "detached": false,
          "destroyed": false,
          "url": "file:///Users/friday/.hermes/profiles/friday/cache/scratch/T17-real-electron-jG80Bb/.vite/build/offline.html?error=server",
          "processId": 5,
          "routingId": 4
        },
        "byToken": {
          "id": 1,
          "detached": false,
          "destroyed": false,
          "url": "file:///Users/friday/.hermes/profiles/friday/cache/scratch/T17-real-electron-jG80Bb/.vite/build/offline.html?error=server",
          "processId": 5,
          "routingId": 4
        },
        "hosted": false,
        "offline": true,
        "self": true,
        "sameContents": true,
        "sameFrame": true,
        "detached": false,
        "sender": {
          "id": 1,
          "detached": false,
          "destroyed": false,
          "url": "file:///Users/friday/.hermes/profiles/friday/cache/scratch/T17-real-electron-jG80Bb/.vite/build/offline.html?error=server",
          "processId": 5,
          "routingId": 4
        },
        "current": {
          "id": 1,
          "detached": false,
          "destroyed": false,
          "url": "file:///Users/friday/.hermes/profiles/friday/cache/scratch/T17-real-electron-jG80Bb/.vite/build/offline.html?error=server",
          "processId": 5,
          "routingId": 4
        }
      },
      {
        "byIdSame": true,
        "byTokenSame": true,
        "byId": {
          "id": 1,
          "detached": false,
          "destroyed": false,
          "url": "file:///Users/friday/.hermes/profiles/friday/cache/scratch/T17-real-electron-jG80Bb/.vite/build/offline.html?error=server",
          "processId": 5,
          "routingId": 4
        },
        "byToken": {
          "id": 1,
          "detached": false,
          "destroyed": false,
          "url": "file:///Users/friday/.hermes/profiles/friday/cache/scratch/T17-real-electron-jG80Bb/.vite/build/offline.html?error=server",
          "processId": 5,
          "routingId": 4
        },
        "hosted": false,
        "offline": true,
        "self": true,
        "sameContents": true,
        "sameFrame": true,
        "detached": false,
        "sender": {
          "id": 1,
          "detached": false,
          "destroyed": false,
          "url": "file:///Users/friday/.hermes/profiles/friday/cache/scratch/T17-real-electron-jG80Bb/.vite/build/offline.html?error=server",
          "processId": 5,
          "routingId": 4
        },
        "current": {
          "id": 1,
          "detached": false,
          "destroyed": false,
          "url": "file:///Users/friday/.hermes/profiles/friday/cache/scratch/T17-real-electron-jG80Bb/.vite/build/offline.html?error=server",
          "processId": 5,
          "routingId": 4
        }
      },
      {
        "byIdSame": true,
        "byTokenSame": true,
        "byId": {
          "id": 1,
          "detached": false,
          "destroyed": false,
          "url": "file:///Users/friday/.hermes/profiles/friday/cache/scratch/T17-real-electron-jG80Bb/.vite/build/offline.html?error=server",
          "processId": 5,
          "routingId": 4
        },
        "byToken": {
          "id": 1,
          "detached": false,
          "destroyed": false,
          "url": "file:///Users/friday/.hermes/profiles/friday/cache/scratch/T17-real-electron-jG80Bb/.vite/build/offline.html?error=server",
          "processId": 5,
          "routingId": 4
        },
        "hosted": false,
        "offline": true,
        "self": true,
        "sameContents": true,
        "sameFrame": true,
        "detached": false,
        "sender": {
          "id": 1,
          "detached": false,
          "destroyed": false,
          "url": "file:///Users/friday/.hermes/profiles/friday/cache/scratch/T17-real-electron-jG80Bb/.vite/build/offline.html?error=server",
          "processId": 5,
          "routingId": 4
        },
        "current": {
          "id": 1,
          "detached": false,
          "destroyed": false,
          "url": "file:///Users/friday/.hermes/profiles/friday/cache/scratch/T17-real-electron-jG80Bb/.vite/build/offline.html?error=server",
          "processId": 5,
          "routingId": 4
        }
      },
      {
        "byIdSame": true,
        "byTokenSame": true,
        "byId": {
          "id": 1,
          "detached": false,
          "destroyed": false,
          "url": "file:///Users/friday/.hermes/profiles/friday/cache/scratch/T17-real-electron-jG80Bb/.vite/build/offline.html?error=server",
          "processId": 5,
          "routingId": 4
        },
        "byToken": {
          "id": 1,
          "detached": false,
          "destroyed": false,
          "url": "file:///Users/friday/.hermes/profiles/friday/cache/scratch/T17-real-electron-jG80Bb/.vite/build/offline.html?error=server",
          "processId": 5,
          "routingId": 4
        },
        "hosted": false,
        "offline": true,
        "self": true,
        "sameContents": true,
        "sameFrame": true,
        "detached": false,
        "sender": {
          "id": 1,
          "detached": false,
          "destroyed": false,
          "url": "file:///Users/friday/.hermes/profiles/friday/cache/scratch/T17-real-electron-jG80Bb/.vite/build/offline.html?error=server",
          "processId": 5,
          "routingId": 4
        },
        "current": {
          "id": 1,
          "detached": false,
          "destroyed": false,
          "url": "file:///Users/friday/.hermes/profiles/friday/cache/scratch/T17-real-electron-jG80Bb/.vite/build/offline.html?error=server",
          "processId": 5,
          "routingId": 4
        }
      }
    ],
    "frameStates": [
      {
        "event": "did-start-navigation",
        "frame": {
          "id": 1,
          "detached": false,
          "destroyed": false,
          "url": "",
          "processId": 4,
          "routingId": 1
        }
      },
      {
        "event": "did-navigate",
        "frame": {
          "id": 1,
          "detached": false,
          "destroyed": false,
          "url": "http://127.0.0.1:49206/app?configured=1",
          "processId": 4,
          "routingId": 1
        }
      },
      {
        "event": "did-start-navigation",
        "frame": {
          "id": 1,
          "detached": false,
          "destroyed": false,
          "url": "http://127.0.0.1:49206/app?configured=1",
          "processId": 4,
          "routingId": 1
        }
      },
      {
        "event": "dom-ready",
        "frame": {
          "id": 1,
          "detached": false,
          "destroyed": false,
          "url": "http://127.0.0.1:49206/app?configured=1",
          "processId": 4,
          "routingId": 1
        }
      },
      {
        "event": "did-finish-load",
        "frame": {
          "id": 1,
          "detached": false,
          "destroyed": false,
          "url": "http://127.0.0.1:49206/app?configured=1",
          "processId": 4,
          "routingId": 1
        }
      },
      {
        "event": "did-navigate",
        "frame": {
          "id": 1,
          "detached": false,
          "destroyed": false,
          "url": "file:///Users/friday/.hermes/profiles/friday/cache/scratch/T17-real-electron-jG80Bb/.vite/build/offline.html?error=server",
          "processId": 5,
          "routingId": 4
        }
      },
      {
        "event": "dom-ready",
        "frame": {
          "id": 1,
          "detached": false,
          "destroyed": false,
          "url": "file:///Users/friday/.hermes/profiles/friday/cache/scratch/T17-real-electron-jG80Bb/.vite/build/offline.html?error=server",
          "processId": 5,
          "routingId": 4
        }
      },
      {
        "event": "did-finish-load",
        "frame": {
          "id": 1,
          "detached": false,
          "destroyed": false,
          "url": "file:///Users/friday/.hermes/profiles/friday/cache/scratch/T17-real-electron-jG80Bb/.vite/build/offline.html?error=server",
          "processId": 5,
          "routingId": 4
        }
      }
    ],
    "electron": "38.1.2",
    "host": "darwin",
    "presentation": "darwin",
    "finalPage": {
      "title": "Mutiny — Connection interrupted",
      "error": "Server",
      "heading": "Connection interrupted",
      "captionsHidden": true,
      "platform": "darwin",
      "width": 900,
      "height": 600,
      "scrollWidth": 900,
      "bodyWidth": 900,
      "background": "rgb(35, 32, 47)",
      "controls": [
        {
          "id": "minimise",
          "width": 0,
          "height": 0
        },
        {
          "id": "maximise",
          "width": 0,
          "height": 0
        },
        {
          "id": "close",
          "width": 0,
          "height": 0
        },
        {
          "id": "retry",
          "width": 120,
          "height": 44
        }
      ]
    },
    "hits": 1,
    "captions": {
      "minimise": 1,
      "maximise": 2,
      "close": 1
    },
    "events": [
      "maximize",
      "unmaximize",
      "minimize",
      "restore",
      "close",
      "closed"
    ],
    "requests": [
      "http://127.0.0.1:49206/app?configured=1",
      "file:///Users/friday/.hermes/profiles/friday/cache/scratch/T17-real-electron-jG80Bb/.vite/build/offline.html?error=server"
    ],
    "consoleMessages": [],
    "failures": [],
    "emittedBytes": 4933,
    "emittedFile": "/Users/friday/.hermes/profiles/friday/cache/scratch/T17-real-electron-jG80Bb/.vite/build/offline.html",
    "scope": "Isolated Electron harness only. Windows presentation simulated on macOS; not installed Windows/Linux runtime acceptance."
  }
}
AUTHORIZATION {"scenario":"crash-only","mode":"darwin","byIdSame":true,"byTokenSame":true,"byId":{"id":1,"detached":true,"destroyed":false,"url":"file:///Users/friday/.hermes/profiles/friday/cache/scratch/T17-real-electron-jG80Bb/.vite/build/offline.html?error=server","processId":5,"routingId":1},"byToken":{"id":1,"detached":true,"destroyed":false,"url":"file:///Users/friday/.hermes/profiles/friday/cache/scratch/T17-real-electron-jG80Bb/.vite/build/offline.html?error=server","processId":5,"routingId":1},"hosted":false,"offline":false,"self":false,"sameContents":true,"sameFrame":true,"detached":true,"sender":{"id":1,"detached":true,"destroyed":false,"url":"file:///Users/friday/.hermes/profiles/friday/cache/scratch/T17-real-electron-jG80Bb/.vite/build/offline.html?error=server","processId":5,"routingId":1},"current":{"id":1,"detached":true,"destroyed":false,"url":"file:///Users/friday/.hermes/profiles/friday/cache/scratch/T17-real-electron-jG80Bb/.vite/build/offline.html?error=server","processId":5,"routingId":1}}
AUTHORIZATION {"scenario":"crash-only","mode":"darwin","byIdSame":true,"byTokenSame":true,"byId":{"id":1,"detached":true,"destroyed":false,"url":"file:///Users/friday/.hermes/profiles/friday/cache/scratch/T17-real-electron-jG80Bb/.vite/build/offline.html?error=server","processId":5,"routingId":1},"byToken":{"id":1,"detached":true,"destroyed":false,"url":"file:///Users/friday/.hermes/profiles/friday/cache/scratch/T17-real-electron-jG80Bb/.vite/build/offline.html?error=server","processId":5,"routingId":1},"hosted":false,"offline":false,"self":false,"sameContents":true,"sameFrame":true,"detached":true,"sender":{"id":1,"detached":true,"destroyed":false,"url":"file:///Users/friday/.hermes/profiles/friday/cache/scratch/T17-real-electron-jG80Bb/.vite/build/offline.html?error=server","processId":5,"routingId":1},"current":{"id":1,"detached":true,"destroyed":false,"url":"file:///Users/friday/.hermes/profiles/friday/cache/scratch/T17-real-electron-jG80Bb/.vite/build/offline.html?error=server","processId":5,"routingId":1}}
AUTHORIZATION {"scenario":"crash-only","mode":"darwin","byIdSame":true,"byTokenSame":true,"byId":{"id":1,"detached":true,"destroyed":false,"url":"file:///Users/friday/.hermes/profiles/friday/cache/scratch/T17-real-electron-jG80Bb/.vite/build/offline.html?error=server","processId":5,"routingId":1},"byToken":{"id":1,"detached":true,"destroyed":false,"url":"file:///Users/friday/.hermes/profiles/friday/cache/scratch/T17-real-electron-jG80Bb/.vite/build/offline.html?error=server","processId":5,"routingId":1},"hosted":false,"offline":false,"self":false,"sameContents":true,"sameFrame":true,"detached":true,"sender":{"id":1,"detached":true,"destroyed":false,"url":"file:///Users/friday/.hermes/profiles/friday/cache/scratch/T17-real-electron-jG80Bb/.vite/build/offline.html?error=server","processId":5,"routingId":1},"current":{"id":1,"detached":true,"destroyed":false,"url":"file:///Users/friday/.hermes/profiles/friday/cache/scratch/T17-real-electron-jG80Bb/.vite/build/offline.html?error=server","processId":5,"routingId":1}}
AUTHORIZATION {"scenario":"crash-only","mode":"darwin","byIdSame":true,"byTokenSame":true,"byId":{"id":1,"detached":true,"destroyed":false,"url":"file:///Users/friday/.hermes/profiles/friday/cache/scratch/T17-real-electron-jG80Bb/.vite/build/offline.html?error=server","processId":5,"routingId":1},"byToken":{"id":1,"detached":true,"destroyed":false,"url":"file:///Users/friday/.hermes/profiles/friday/cache/scratch/T17-real-electron-jG80Bb/.vite/build/offline.html?error=server","processId":5,"routingId":1},"hosted":false,"offline":false,"self":false,"sameContents":true,"sameFrame":true,"detached":true,"sender":{"id":1,"detached":true,"destroyed":false,"url":"file:///Users/friday/.hermes/profiles/friday/cache/scratch/T17-real-electron-jG80Bb/.vite/build/offline.html?error=server","processId":5,"routingId":1},"current":{"id":1,"detached":true,"destroyed":false,"url":"file:///Users/friday/.hermes/profiles/friday/cache/scratch/T17-real-electron-jG80Bb/.vite/build/offline.html?error=server","processId":5,"routingId":1}}

AssertionError [ERR_ASSERTION]: all native caption actions must work on the fallback
+ actual - expected

+ [
+   'maximise: AssertionError [ERR_ASSERTION]: maximise sender must be authorized before native action',
+   'maximise: AssertionError [ERR_ASSERTION]: maximise sender must be authorized before native action',
+   'minimise: AssertionError [ERR_ASSERTION]: minimise sender must be authorized before native action',
+   'close: AssertionError [ERR_ASSERTION]: close sender must be authorized before native action'
+ ]
- []

    at ke (/Users/friday/.hermes/profiles/friday/cache/scratch/T17-real-electron-jG80Bb/.vite/build/electron-runtime-entry.js:1:11042) {
  generatedMessage: false,
  code: 'ERR_ASSERTION',
  actual: [Array],
  expected: [],
  operator: 'deepStrictEqual',
  diff: 'simple'
}
{
  "passed": false,
  "scenario": "crash-only",
  "port": 49206,
  "authorization": [
    {
      "byIdSame": true,
      "byTokenSame": true,
      "byId": {
        "id": 1,
        "detached": true,
        "destroyed": false,
        "url": "file:///Users/friday/.hermes/profiles/friday/cache/scratch/T17-real-electron-jG80Bb/.vite/build/offline.html?error=server",
        "processId": 5,
        "routingId": 1
      },
      "byToken": {
        "id": 1,
        "detached": true,
        "destroyed": false,
        "url": "file:///Users/friday/.hermes/profiles/friday/cache/scratch/T17-real-electron-jG80Bb/.vite/build/offline.html?error=server",
        "processId": 5,
        "routingId": 1
      },
      "hosted": false,
      "offline": false,
      "self": false,
      "sameContents": true,
      "sameFrame": true,
      "detached": true,
      "sender": {
        "id": 1,
        "detached": true,
        "destroyed": false,
        "url": "file:///Users/friday/.hermes/profiles/friday/cache/scratch/T17-real-electron-jG80Bb/.vite/build/offline.html?error=server",
        "processId": 5,
        "routingId": 1
      },
      "current": {
        "id": 1,
        "detached": true,
        "destroyed": false,
        "url": "file:///Users/friday/.hermes/profiles/friday/cache/scratch/T17-real-electron-jG80Bb/.vite/build/offline.html?error=server",
        "processId": 5,
        "routingId": 1
      }
    },
    {
      "byIdSame": true,
      "byTokenSame": true,
      "byId": {
        "id": 1,
        "detached": true,
        "destroyed": false,
        "url": "file:///Users/friday/.hermes/profiles/friday/cache/scratch/T17-real-electron-jG80Bb/.vite/build/offline.html?error=server",
        "processId": 5,
        "routingId": 1
      },
      "byToken": {
        "id": 1,
        "detached": true,
        "destroyed": false,
        "url": "file:///Users/friday/.hermes/profiles/friday/cache/scratch/T17-real-electron-jG80Bb/.vite/build/offline.html?error=server",
        "processId": 5,
        "routingId": 1
      },
      "hosted": false,
      "offline": false,
      "self": false,
      "sameContents": true,
      "sameFrame": true,
      "detached": true,
      "sender": {
        "id": 1,
        "detached": true,
        "destroyed": false,
        "url": "file:///Users/friday/.hermes/profiles/friday/cache/scratch/T17-real-electron-jG80Bb/.vite/build/offline.html?error=server",
        "processId": 5,
        "routingId": 1
      },
      "current": {
        "id": 1,
        "detached": true,
        "destroyed": false,
        "url": "file:///Users/friday/.hermes/profiles/friday/cache/scratch/T17-real-electron-jG80Bb/.vite/build/offline.html?error=server",
        "processId": 5,
        "routingId": 1
      }
    },
    {
      "byIdSame": true,
      "byTokenSame": true,
      "byId": {
        "id": 1,
        "detached": true,
        "destroyed": false,
        "url": "file:///Users/friday/.hermes/profiles/friday/cache/scratch/T17-real-electron-jG80Bb/.vite/build/offline.html?error=server",
        "processId": 5,
        "routingId": 1
      },
      "byToken": {
        "id": 1,
        "detached": true,
        "destroyed": false,
        "url": "file:///Users/friday/.hermes/profiles/friday/cache/scratch/T17-real-electron-jG80Bb/.vite/build/offline.html?error=server",
        "processId": 5,
        "routingId": 1
      },
      "hosted": false,
      "offline": false,
      "self": false,
      "sameContents": true,
      "sameFrame": true,
      "detached": true,
      "sender": {
        "id": 1,
        "detached": true,
        "destroyed": false,
        "url": "file:///Users/friday/.hermes/profiles/friday/cache/scratch/T17-real-electron-jG80Bb/.vite/build/offline.html?error=server",
        "processId": 5,
        "routingId": 1
      },
      "current": {
        "id": 1,
        "detached": true,
        "destroyed": false,
        "url": "file:///Users/friday/.hermes/profiles/friday/cache/scratch/T17-real-electron-jG80Bb/.vite/build/offline.html?error=server",
        "processId": 5,
        "routingId": 1
      }
    },
    {
      "byIdSame": true,
      "byTokenSame": true,
      "byId": {
        "id": 1,
        "detached": true,
        "destroyed": false,
        "url": "file:///Users/friday/.hermes/profiles/friday/cache/scratch/T17-real-electron-jG80Bb/.vite/build/offline.html?error=server",
        "processId": 5,
        "routingId": 1
      },
      "byToken": {
        "id": 1,
        "detached": true,
        "destroyed": false,
        "url": "file:///Users/friday/.hermes/profiles/friday/cache/scratch/T17-real-electron-jG80Bb/.vite/build/offline.html?error=server",
        "processId": 5,
        "routingId": 1
      },
      "hosted": false,
      "offline": false,
      "self": false,
      "sameContents": true,
      "sameFrame": true,
      "detached": true,
      "sender": {
        "id": 1,
        "detached": true,
        "destroyed": false,
        "url": "file:///Users/friday/.hermes/profiles/friday/cache/scratch/T17-real-electron-jG80Bb/.vite/build/offline.html?error=server",
        "processId": 5,
        "routingId": 1
      },
      "current": {
        "id": 1,
        "detached": true,
        "destroyed": false,
        "url": "file:///Users/friday/.hermes/profiles/friday/cache/scratch/T17-real-electron-jG80Bb/.vite/build/offline.html?error=server",
        "processId": 5,
        "routingId": 1
      }
    }
  ],
  "frameStates": [
    {
      "event": "did-start-navigation",
      "frame": {
        "id": 1,
        "detached": false,
        "destroyed": false,
        "url": "",
        "processId": 4,
        "routingId": 1
      }
    },
    {
      "event": "did-navigate",
      "frame": {
        "id": 1,
        "detached": false,
        "destroyed": false,
        "url": "http://127.0.0.1:49206/app?configured=1",
        "processId": 4,
        "routingId": 1
      }
    },
    {
      "event": "dom-ready",
      "frame": {
        "id": 1,
        "detached": false,
        "destroyed": false,
        "url": "http://127.0.0.1:49206/app?configured=1",
        "processId": 4,
        "routingId": 1
      }
    },
    {
      "event": "did-finish-load",
      "frame": {
        "id": 1,
        "detached": false,
        "destroyed": false,
        "url": "http://127.0.0.1:49206/app?configured=1",
        "processId": 4,
        "routingId": 1
      }
    },
    {
      "event": "did-start-navigation",
      "frame": {
        "id": 1,
        "detached": true,
        "destroyed": false,
        "url": "",
        "processId": 5,
        "routingId": 1
      }
    },
    {
      "event": "render-process-gone",
      "frame": {
        "id": 1,
        "detached": true,
        "destroyed": false,
        "url": "",
        "processId": 5,
        "routingId": 1
      }
    },
    {
      "event": "did-navigate",
      "frame": {
        "id": 1,
        "detached": true,
        "destroyed": false,
        "url": "file:///Users/friday/.hermes/profiles/friday/cache/scratch/T17-real-electron-jG80Bb/.vite/build/offline.html?error=server",
        "processId": 5,
        "routingId": 1
      }
    },
    {
      "event": "dom-ready",
      "frame": {
        "id": 1,
        "detached": true,
        "destroyed": false,
        "url": "file:///Users/friday/.hermes/profiles/friday/cache/scratch/T17-real-electron-jG80Bb/.vite/build/offline.html?error=server",
        "processId": 5,
        "routingId": 1
      }
    },
    {
      "event": "did-finish-load",
      "frame": {
        "id": 1,
        "detached": true,
        "destroyed": false,
        "url": "file:///Users/friday/.hermes/profiles/friday/cache/scratch/T17-real-electron-jG80Bb/.vite/build/offline.html?error=server",
        "processId": 5,
        "routingId": 1
      }
    }
  ],
  "consoleMessages": [],
  "failures": [],
  "requests": [
    "http://127.0.0.1:49206/app?configured=1",
    "file:///Users/friday/.hermes/profiles/friday/cache/scratch/T17-real-electron-jG80Bb/.vite/build/offline.html?error=server"
  ],
  "captions": {
    "minimise": 1,
    "maximise": 2,
    "close": 1
  },
  "events": [
    "renderer:killed"
  ],
  "url": "file:///Users/friday/.hermes/profiles/friday/cache/scratch/T17-real-electron-jG80Bb/.vite/build/offline.html?error=server"
}

{
  "mode": "darwin",
  "scenario": "crash-only",
  "exit": 1,
  "emittedSHA256": "33aba3c676f65b56a45ffcc3dde2a16c75846636717ca280087940f00c0ed712",
  "receipt": {
    "passed": false,
    "scenario": "crash-only",
    "port": 49206,
    "authorization": [
      {
        "byIdSame": true,
        "byTokenSame": true,
        "byId": {
          "id": 1,
          "detached": true,
          "destroyed": false,
          "url": "file:///Users/friday/.hermes/profiles/friday/cache/scratch/T17-real-electron-jG80Bb/.vite/build/offline.html?error=server",
          "processId": 5,
          "routingId": 1
        },
        "byToken": {
          "id": 1,
          "detached": true,
          "destroyed": false,
          "url": "file:///Users/friday/.hermes/profiles/friday/cache/scratch/T17-real-electron-jG80Bb/.vite/build/offline.html?error=server",
          "processId": 5,
          "routingId": 1
        },
        "hosted": false,
        "offline": false,
        "self": false,
        "sameContents": true,
        "sameFrame": true,
        "detached": true,
        "sender": {
          "id": 1,
          "detached": true,
          "destroyed": false,
          "url": "file:///Users/friday/.hermes/profiles/friday/cache/scratch/T17-real-electron-jG80Bb/.vite/build/offline.html?error=server",
          "processId": 5,
          "routingId": 1
        },
        "current": {
          "id": 1,
          "detached": true,
          "destroyed": false,
          "url": "file:///Users/friday/.hermes/profiles/friday/cache/scratch/T17-real-electron-jG80Bb/.vite/build/offline.html?error=server",
          "processId": 5,
          "routingId": 1
        }
      },
      {
        "byIdSame": true,
        "byTokenSame": true,
        "byId": {
          "id": 1,
          "detached": true,
          "destroyed": false,
          "url": "file:///Users/friday/.hermes/profiles/friday/cache/scratch/T17-real-electron-jG80Bb/.vite/build/offline.html?error=server",
          "processId": 5,
          "routingId": 1
        },
        "byToken": {
          "id": 1,
          "detached": true,
          "destroyed": false,
          "url": "file:///Users/friday/.hermes/profiles/friday/cache/scratch/T17-real-electron-jG80Bb/.vite/build/offline.html?error=server",
          "processId": 5,
          "routingId": 1
        },
        "hosted": false,
        "offline": false,
        "self": false,
        "sameContents": true,
        "sameFrame": true,
        "detached": true,
        "sender": {
          "id": 1,
          "detached": true,
          "destroyed": false,
          "url": "file:///Users/friday/.hermes/profiles/friday/cache/scratch/T17-real-electron-jG80Bb/.vite/build/offline.html?error=server",
          "processId": 5,
          "routingId": 1
        },
        "current": {
          "id": 1,
          "detached": true,
          "destroyed": false,
          "url": "file:///Users/friday/.hermes/profiles/friday/cache/scratch/T17-real-electron-jG80Bb/.vite/build/offline.html?error=server",
          "processId": 5,
          "routingId": 1
        }
      },
      {
        "byIdSame": true,
        "byTokenSame": true,
        "byId": {
          "id": 1,
          "detached": true,
          "destroyed": false,
          "url": "file:///Users/friday/.hermes/profiles/friday/cache/scratch/T17-real-electron-jG80Bb/.vite/build/offline.html?error=server",
          "processId": 5,
          "routingId": 1
        },
        "byToken": {
          "id": 1,
          "detached": true,
          "destroyed": false,
          "url": "file:///Users/friday/.hermes/profiles/friday/cache/scratch/T17-real-electron-jG80Bb/.vite/build/offline.html?error=server",
          "processId": 5,
          "routingId": 1
        },
        "hosted": false,
        "offline": false,
        "self": false,
        "sameContents": true,
        "sameFrame": true,
        "detached": true,
        "sender": {
          "id": 1,
          "detached": true,
          "destroyed": false,
          "url": "file:///Users/friday/.hermes/profiles/friday/cache/scratch/T17-real-electron-jG80Bb/.vite/build/offline.html?error=server",
          "processId": 5,
          "routingId": 1
        },
        "current": {
          "id": 1,
          "detached": true,
          "destroyed": false,
          "url": "file:///Users/friday/.hermes/profiles/friday/cache/scratch/T17-real-electron-jG80Bb/.vite/build/offline.html?error=server",
          "processId": 5,
          "routingId": 1
        }
      },
      {
        "byIdSame": true,
        "byTokenSame": true,
        "byId": {
          "id": 1,
          "detached": true,
          "destroyed": false,
          "url": "file:///Users/friday/.hermes/profiles/friday/cache/scratch/T17-real-electron-jG80Bb/.vite/build/offline.html?error=server",
          "processId": 5,
          "routingId": 1
        },
        "byToken": {
          "id": 1,
          "detached": true,
          "destroyed": false,
          "url": "file:///Users/friday/.hermes/profiles/friday/cache/scratch/T17-real-electron-jG80Bb/.vite/build/offline.html?error=server",
          "processId": 5,
          "routingId": 1
        },
        "hosted": false,
        "offline": false,
        "self": false,
        "sameContents": true,
        "sameFrame": true,
        "detached": true,
        "sender": {
          "id": 1,
          "detached": true,
          "destroyed": false,
          "url": "file:///Users/friday/.hermes/profiles/friday/cache/scratch/T17-real-electron-jG80Bb/.vite/build/offline.html?error=server",
          "processId": 5,
          "routingId": 1
        },
        "current": {
          "id": 1,
          "detached": true,
          "destroyed": false,
          "url": "file:///Users/friday/.hermes/profiles/friday/cache/scratch/T17-real-electron-jG80Bb/.vite/build/offline.html?error=server",
          "processId": 5,
          "routingId": 1
        }
      }
    ],
    "frameStates": [
      {
        "event": "did-start-navigation",
        "frame": {
          "id": 1,
          "detached": false,
          "destroyed": false,
          "url": "",
          "processId": 4,
          "routingId": 1
        }
      },
      {
        "event": "did-navigate",
        "frame": {
          "id": 1,
          "detached": false,
          "destroyed": false,
          "url": "http://127.0.0.1:49206/app?configured=1",
          "processId": 4,
          "routingId": 1
        }
      },
      {
        "event": "dom-ready",
        "frame": {
          "id": 1,
          "detached": false,
          "destroyed": false,
          "url": "http://127.0.0.1:49206/app?configured=1",
          "processId": 4,
          "routingId": 1
        }
      },
      {
        "event": "did-finish-load",
        "frame": {
          "id": 1,
          "detached": false,
          "destroyed": false,
          "url": "http://127.0.0.1:49206/app?configured=1",
          "processId": 4,
          "routingId": 1
        }
      },
      {
        "event": "did-start-navigation",
        "frame": {
          "id": 1,
          "detached": true,
          "destroyed": false,
          "url": "",
          "processId": 5,
          "routingId": 1
        }
      },
      {
        "event": "render-process-gone",
        "frame": {
          "id": 1,
          "detached": true,
          "destroyed": false,
          "url": "",
          "processId": 5,
          "routingId": 1
        }
      },
      {
        "event": "did-navigate",
        "frame": {
          "id": 1,
          "detached": true,
          "destroyed": false,
          "url": "file:///Users/friday/.hermes/profiles/friday/cache/scratch/T17-real-electron-jG80Bb/.vite/build/offline.html?error=server",
          "processId": 5,
          "routingId": 1
        }
      },
      {
        "event": "dom-ready",
        "frame": {
          "id": 1,
          "detached": true,
          "destroyed": false,
          "url": "file:///Users/friday/.hermes/profiles/friday/cache/scratch/T17-real-electron-jG80Bb/.vite/build/offline.html?error=server",
          "processId": 5,
          "routingId": 1
        }
      },
      {
        "event": "did-finish-load",
        "frame": {
          "id": 1,
          "detached": true,
          "destroyed": false,
          "url": "file:///Users/friday/.hermes/profiles/friday/cache/scratch/T17-real-electron-jG80Bb/.vite/build/offline.html?error=server",
          "processId": 5,
          "routingId": 1
        }
      }
    ],
    "consoleMessages": [],
    "failures": [],
    "requests": [
      "http://127.0.0.1:49206/app?configured=1",
      "file:///Users/friday/.hermes/profiles/friday/cache/scratch/T17-real-electron-jG80Bb/.vite/build/offline.html?error=server"
    ],
    "captions": {
      "minimise": 1,
      "maximise": 2,
      "close": 1
    },
    "events": [
      "renderer:killed"
    ],
    "url": "file:///Users/friday/.hermes/profiles/friday/cache/scratch/T17-real-electron-jG80Bb/.vite/build/offline.html?error=server"
  }
}
AUTHORIZATION {"scenario":"cdp-only","mode":"darwin","byIdSame":true,"byTokenSame":true,"byId":{"id":1,"detached":false,"destroyed":false,"url":"file:///Users/friday/.hermes/profiles/friday/cache/scratch/T17-real-electron-jG80Bb/.vite/build/offline.html?error=offline","processId":6,"routingId":4},"byToken":{"id":1,"detached":false,"destroyed":false,"url":"file:///Users/friday/.hermes/profiles/friday/cache/scratch/T17-real-electron-jG80Bb/.vite/build/offline.html?error=offline","processId":6,"routingId":4},"hosted":false,"offline":true,"self":true,"sameContents":true,"sameFrame":true,"detached":false,"sender":{"id":1,"detached":false,"destroyed":false,"url":"file:///Users/friday/.hermes/profiles/friday/cache/scratch/T17-real-electron-jG80Bb/.vite/build/offline.html?error=offline","processId":6,"routingId":4},"current":{"id":1,"detached":false,"destroyed":false,"url":"file:///Users/friday/.hermes/profiles/friday/cache/scratch/T17-real-electron-jG80Bb/.vite/build/offline.html?error=offline","processId":6,"routingId":4}}
AUTHORIZATION {"scenario":"cdp-only","mode":"darwin","byIdSame":true,"byTokenSame":true,"byId":{"id":1,"detached":false,"destroyed":false,"url":"file:///Users/friday/.hermes/profiles/friday/cache/scratch/T17-real-electron-jG80Bb/.vite/build/offline.html?error=offline","processId":6,"routingId":4},"byToken":{"id":1,"detached":false,"destroyed":false,"url":"file:///Users/friday/.hermes/profiles/friday/cache/scratch/T17-real-electron-jG80Bb/.vite/build/offline.html?error=offline","processId":6,"routingId":4},"hosted":false,"offline":true,"self":true,"sameContents":true,"sameFrame":true,"detached":false,"sender":{"id":1,"detached":false,"destroyed":false,"url":"file:///Users/friday/.hermes/profiles/friday/cache/scratch/T17-real-electron-jG80Bb/.vite/build/offline.html?error=offline","processId":6,"routingId":4},"current":{"id":1,"detached":false,"destroyed":false,"url":"file:///Users/friday/.hermes/profiles/friday/cache/scratch/T17-real-electron-jG80Bb/.vite/build/offline.html?error=offline","processId":6,"routingId":4}}
AUTHORIZATION {"scenario":"cdp-only","mode":"darwin","byIdSame":true,"byTokenSame":true,"byId":{"id":1,"detached":false,"destroyed":false,"url":"file:///Users/friday/.hermes/profiles/friday/cache/scratch/T17-real-electron-jG80Bb/.vite/build/offline.html?error=offline","processId":6,"routingId":4},"byToken":{"id":1,"detached":false,"destroyed":false,"url":"file:///Users/friday/.hermes/profiles/friday/cache/scratch/T17-real-electron-jG80Bb/.vite/build/offline.html?error=offline","processId":6,"routingId":4},"hosted":false,"offline":true,"self":true,"sameContents":true,"sameFrame":true,"detached":false,"sender":{"id":1,"detached":false,"destroyed":false,"url":"file:///Users/friday/.hermes/profiles/friday/cache/scratch/T17-real-electron-jG80Bb/.vite/build/offline.html?error=offline","processId":6,"routingId":4},"current":{"id":1,"detached":false,"destroyed":false,"url":"file:///Users/friday/.hermes/profiles/friday/cache/scratch/T17-real-electron-jG80Bb/.vite/build/offline.html?error=offline","processId":6,"routingId":4}}
AUTHORIZATION {"scenario":"cdp-only","mode":"darwin","byIdSame":true,"byTokenSame":true,"byId":{"id":1,"detached":false,"destroyed":false,"url":"file:///Users/friday/.hermes/profiles/friday/cache/scratch/T17-real-electron-jG80Bb/.vite/build/offline.html?error=offline","processId":6,"routingId":4},"byToken":{"id":1,"detached":false,"destroyed":false,"url":"file:///Users/friday/.hermes/profiles/friday/cache/scratch/T17-real-electron-jG80Bb/.vite/build/offline.html?error=offline","processId":6,"routingId":4},"hosted":false,"offline":true,"self":true,"sameContents":true,"sameFrame":true,"detached":false,"sender":{"id":1,"detached":false,"destroyed":false,"url":"file:///Users/friday/.hermes/profiles/friday/cache/scratch/T17-real-electron-jG80Bb/.vite/build/offline.html?error=offline","processId":6,"routingId":4},"current":{"id":1,"detached":false,"destroyed":false,"url":"file:///Users/friday/.hermes/profiles/friday/cache/scratch/T17-real-electron-jG80Bb/.vite/build/offline.html?error=offline","processId":6,"routingId":4}}

(node:51818) electron: Failed to load URL: http://127.0.0.1:49206/app?configured=1 with error: ERR_INTERNET_DISCONNECTED
(Use `Electron --trace-warnings ...` to show where the warning was created)
(electron) 'console-message' arguments are deprecated and will be removed. Please use Event<WebContentsConsoleMessageEventParams> object instead.

{
  "mode": "darwin",
  "scenario": "cdp-only",
  "exit": 0,
  "emittedSHA256": "33aba3c676f65b56a45ffcc3dde2a16c75846636717ca280087940f00c0ed712",
  "receipt": {
    "passed": true,
    "scenario": "cdp-only",
    "port": 49206,
    "authorization": [
      {
        "byIdSame": true,
        "byTokenSame": true,
        "byId": {
          "id": 1,
          "detached": false,
          "destroyed": false,
          "url": "file:///Users/friday/.hermes/profiles/friday/cache/scratch/T17-real-electron-jG80Bb/.vite/build/offline.html?error=offline",
          "processId": 6,
          "routingId": 4
        },
        "byToken": {
          "id": 1,
          "detached": false,
          "destroyed": false,
          "url": "file:///Users/friday/.hermes/profiles/friday/cache/scratch/T17-real-electron-jG80Bb/.vite/build/offline.html?error=offline",
          "processId": 6,
          "routingId": 4
        },
        "hosted": false,
        "offline": true,
        "self": true,
        "sameContents": true,
        "sameFrame": true,
        "detached": false,
        "sender": {
          "id": 1,
          "detached": false,
          "destroyed": false,
          "url": "file:///Users/friday/.hermes/profiles/friday/cache/scratch/T17-real-electron-jG80Bb/.vite/build/offline.html?error=offline",
          "processId": 6,
          "routingId": 4
        },
        "current": {
          "id": 1,
          "detached": false,
          "destroyed": false,
          "url": "file:///Users/friday/.hermes/profiles/friday/cache/scratch/T17-real-electron-jG80Bb/.vite/build/offline.html?error=offline",
          "processId": 6,
          "routingId": 4
        }
      },
      {
        "byIdSame": true,
        "byTokenSame": true,
        "byId": {
          "id": 1,
          "detached": false,
          "destroyed": false,
          "url": "file:///Users/friday/.hermes/profiles/friday/cache/scratch/T17-real-electron-jG80Bb/.vite/build/offline.html?error=offline",
          "processId": 6,
          "routingId": 4
        },
        "byToken": {
          "id": 1,
          "detached": false,
          "destroyed": false,
          "url": "file:///Users/friday/.hermes/profiles/friday/cache/scratch/T17-real-electron-jG80Bb/.vite/build/offline.html?error=offline",
          "processId": 6,
          "routingId": 4
        },
        "hosted": false,
        "offline": true,
        "self": true,
        "sameContents": true,
        "sameFrame": true,
        "detached": false,
        "sender": {
          "id": 1,
          "detached": false,
          "destroyed": false,
          "url": "file:///Users/friday/.hermes/profiles/friday/cache/scratch/T17-real-electron-jG80Bb/.vite/build/offline.html?error=offline",
          "processId": 6,
          "routingId": 4
        },
        "current": {
          "id": 1,
          "detached": false,
          "destroyed": false,
          "url": "file:///Users/friday/.hermes/profiles/friday/cache/scratch/T17-real-electron-jG80Bb/.vite/build/offline.html?error=offline",
          "processId": 6,
          "routingId": 4
        }
      },
      {
        "byIdSame": true,
        "byTokenSame": true,
        "byId": {
          "id": 1,
          "detached": false,
          "destroyed": false,
          "url": "file:///Users/friday/.hermes/profiles/friday/cache/scratch/T17-real-electron-jG80Bb/.vite/build/offline.html?error=offline",
          "processId": 6,
          "routingId": 4
        },
        "byToken": {
          "id": 1,
          "detached": false,
          "destroyed": false,
          "url": "file:///Users/friday/.hermes/profiles/friday/cache/scratch/T17-real-electron-jG80Bb/.vite/build/offline.html?error=offline",
          "processId": 6,
          "routingId": 4
        },
        "hosted": false,
        "offline": true,
        "self": true,
        "sameContents": true,
        "sameFrame": true,
        "detached": false,
        "sender": {
          "id": 1,
          "detached": false,
          "destroyed": false,
          "url": "file:///Users/friday/.hermes/profiles/friday/cache/scratch/T17-real-electron-jG80Bb/.vite/build/offline.html?error=offline",
          "processId": 6,
          "routingId": 4
        },
        "current": {
          "id": 1,
          "detached": false,
          "destroyed": false,
          "url": "file:///Users/friday/.hermes/profiles/friday/cache/scratch/T17-real-electron-jG80Bb/.vite/build/offline.html?error=offline",
          "processId": 6,
          "routingId": 4
        }
      },
      {
        "byIdSame": true,
        "byTokenSame": true,
        "byId": {
          "id": 1,
          "detached": false,
          "destroyed": false,
          "url": "file:///Users/friday/.hermes/profiles/friday/cache/scratch/T17-real-electron-jG80Bb/.vite/build/offline.html?error=offline",
          "processId": 6,
          "routingId": 4
        },
        "byToken": {
          "id": 1,
          "detached": false,
          "destroyed": false,
          "url": "file:///Users/friday/.hermes/profiles/friday/cache/scratch/T17-real-electron-jG80Bb/.vite/build/offline.html?error=offline",
          "processId": 6,
          "routingId": 4
        },
        "hosted": false,
        "offline": true,
        "self": true,
        "sameContents": true,
        "sameFrame": true,
        "detached": false,
        "sender": {
          "id": 1,
          "detached": false,
          "destroyed": false,
          "url": "file:///Users/friday/.hermes/profiles/friday/cache/scratch/T17-real-electron-jG80Bb/.vite/build/offline.html?error=offline",
          "processId": 6,
          "routingId": 4
        },
        "current": {
          "id": 1,
          "detached": false,
          "destroyed": false,
          "url": "file:///Users/friday/.hermes/profiles/friday/cache/scratch/T17-real-electron-jG80Bb/.vite/build/offline.html?error=offline",
          "processId": 6,
          "routingId": 4
        }
      }
    ],
    "frameStates": [
      {
        "event": "did-start-navigation",
        "frame": {
          "id": 1,
          "detached": false,
          "destroyed": false,
          "url": "",
          "processId": 4,
          "routingId": 1
        }
      },
      {
        "event": "did-navigate",
        "frame": {
          "id": 1,
          "detached": false,
          "destroyed": false,
          "url": "http://127.0.0.1:49206/app?configured=1",
          "processId": 4,
          "routingId": 1
        }
      },
      {
        "event": "dom-ready",
        "frame": {
          "id": 1,
          "detached": false,
          "destroyed": false,
          "url": "http://127.0.0.1:49206/app?configured=1",
          "processId": 4,
          "routingId": 1
        }
      },
      {
        "event": "did-finish-load",
        "frame": {
          "id": 1,
          "detached": false,
          "destroyed": false,
          "url": "http://127.0.0.1:49206/app?configured=1",
          "processId": 4,
          "routingId": 1
        }
      },
      {
        "event": "did-start-navigation",
        "frame": {
          "id": 1,
          "detached": false,
          "destroyed": false,
          "url": "http://127.0.0.1:49206/app?configured=1",
          "processId": 4,
          "routingId": 1
        }
      },
      {
        "event": "did-start-navigation",
        "frame": {
          "id": 1,
          "detached": false,
          "destroyed": false,
          "url": "http://127.0.0.1:49206/app?configured=1",
          "processId": 5,
          "routingId": 4
        }
      },
      {
        "event": "dom-ready",
        "frame": {
          "id": 1,
          "detached": false,
          "destroyed": false,
          "url": "http://127.0.0.1:49206/app?configured=1",
          "processId": 5,
          "routingId": 4
        }
      },
      {
        "event": "did-finish-load",
        "frame": {
          "id": 1,
          "detached": false,
          "destroyed": false,
          "url": "http://127.0.0.1:49206/app?configured=1",
          "processId": 5,
          "routingId": 4
        }
      },
      {
        "event": "did-navigate",
        "frame": {
          "id": 1,
          "detached": false,
          "destroyed": false,
          "url": "file:///Users/friday/.hermes/profiles/friday/cache/scratch/T17-real-electron-jG80Bb/.vite/build/offline.html?error=offline",
          "processId": 6,
          "routingId": 4
        }
      },
      {
        "event": "dom-ready",
        "frame": {
          "id": 1,
          "detached": false,
          "destroyed": false,
          "url": "file:///Users/friday/.hermes/profiles/friday/cache/scratch/T17-real-electron-jG80Bb/.vite/build/offline.html?error=offline",
          "processId": 6,
          "routingId": 4
        }
      },
      {
        "event": "did-finish-load",
        "frame": {
          "id": 1,
          "detached": false,
          "destroyed": false,
          "url": "file:///Users/friday/.hermes/profiles/friday/cache/scratch/T17-real-electron-jG80Bb/.vite/build/offline.html?error=offline",
          "processId": 6,
          "routingId": 4
        }
      }
    ],
    "electron": "38.1.2",
    "host": "darwin",
    "presentation": "darwin",
    "finalPage": {
      "title": "Mutiny — Connection interrupted",
      "error": "Offline",
      "heading": "Connection interrupted",
      "captionsHidden": true,
      "platform": "darwin",
      "width": 900,
      "height": 600,
      "scrollWidth": 900,
      "bodyWidth": 900,
      "background": "rgb(35, 32, 47)",
      "controls": [
        {
          "id": "minimise",
          "width": 0,
          "height": 0
        },
        {
          "id": "maximise",
          "width": 0,
          "height": 0
        },
        {
          "id": "close",
          "width": 0,
          "height": 0
        },
        {
          "id": "retry",
          "width": 120,
          "height": 44
        }
      ]
    },
    "hits": 1,
    "captions": {
      "minimise": 1,
      "maximise": 2,
      "close": 1
    },
    "events": [
      "maximize",
      "unmaximize",
      "minimize",
      "restore",
      "close",
      "closed"
    ],
    "requests": [
      "http://127.0.0.1:49206/app?configured=1",
      "http://127.0.0.1:49206/app?configured=1",
      "file:///Users/friday/.hermes/profiles/friday/cache/scratch/T17-real-electron-jG80Bb/.vite/build/offline.html?error=offline"
    ],
    "consoleMessages": [
      {
        "level": 2,
        "message": "%cElectron Security Warning (Insecure Content-Security-Policy) font-weight: bold; This renderer process has either no Content Security\n  Policy set or a policy with \"unsafe-eval\" enabled. This exposes users of\n  this app to unnecessary security risks.\n\nFor more information and help, consult\nhttps://electronjs.org/docs/tutorial/security.\nThis warning will not show up\nonce the app is packaged."
      }
    ],
    "failures": [
      {
        "code": -106,
        "description": "ERR_INTERNET_DISCONNECTED",
        "url": "http://127.0.0.1:49206/app?configured=1",
        "main": true
      }
    ],
    "emittedBytes": 4933,
    "emittedFile": "/Users/friday/.hermes/profiles/friday/cache/scratch/T17-real-electron-jG80Bb/.vite/build/offline.html",
    "scope": "Isolated Electron harness only. Windows presentation simulated on macOS; not installed Windows/Linux runtime acceptance."
  }
}
AUTHORIZATION {"scenario":"full-v3","mode":"darwin","byIdSame":true,"byTokenSame":true,"byId":{"id":1,"detached":true,"destroyed":false,"url":"file:///Users/friday/.hermes/profiles/friday/cache/scratch/T17-real-electron-jG80Bb/.vite/build/offline.html?error=offline","processId":9,"routingId":9},"byToken":{"id":1,"detached":true,"destroyed":false,"url":"file:///Users/friday/.hermes/profiles/friday/cache/scratch/T17-real-electron-jG80Bb/.vite/build/offline.html?error=offline","processId":9,"routingId":9},"hosted":false,"offline":false,"self":false,"sameContents":true,"sameFrame":true,"detached":true,"sender":{"id":1,"detached":true,"destroyed":false,"url":"file:///Users/friday/.hermes/profiles/friday/cache/scratch/T17-real-electron-jG80Bb/.vite/build/offline.html?error=offline","processId":9,"routingId":9},"current":{"id":1,"detached":true,"destroyed":false,"url":"file:///Users/friday/.hermes/profiles/friday/cache/scratch/T17-real-electron-jG80Bb/.vite/build/offline.html?error=offline","processId":9,"routingId":9}}
AUTHORIZATION {"scenario":"full-v3","mode":"darwin","byIdSame":true,"byTokenSame":true,"byId":{"id":1,"detached":true,"destroyed":false,"url":"file:///Users/friday/.hermes/profiles/friday/cache/scratch/T17-real-electron-jG80Bb/.vite/build/offline.html?error=offline","processId":9,"routingId":9},"byToken":{"id":1,"detached":true,"destroyed":false,"url":"file:///Users/friday/.hermes/profiles/friday/cache/scratch/T17-real-electron-jG80Bb/.vite/build/offline.html?error=offline","processId":9,"routingId":9},"hosted":false,"offline":false,"self":false,"sameContents":true,"sameFrame":true,"detached":true,"sender":{"id":1,"detached":true,"destroyed":false,"url":"file:///Users/friday/.hermes/profiles/friday/cache/scratch/T17-real-electron-jG80Bb/.vite/build/offline.html?error=offline","processId":9,"routingId":9},"current":{"id":1,"detached":true,"destroyed":false,"url":"file:///Users/friday/.hermes/profiles/friday/cache/scratch/T17-real-electron-jG80Bb/.vite/build/offline.html?error=offline","processId":9,"routingId":9}}
AUTHORIZATION {"scenario":"full-v3","mode":"darwin","byIdSame":true,"byTokenSame":true,"byId":{"id":1,"detached":true,"destroyed":false,"url":"file:///Users/friday/.hermes/profiles/friday/cache/scratch/T17-real-electron-jG80Bb/.vite/build/offline.html?error=offline","processId":9,"routingId":9},"byToken":{"id":1,"detached":true,"destroyed":false,"url":"file:///Users/friday/.hermes/profiles/friday/cache/scratch/T17-real-electron-jG80Bb/.vite/build/offline.html?error=offline","processId":9,"routingId":9},"hosted":false,"offline":false,"self":false,"sameContents":true,"sameFrame":true,"detached":true,"sender":{"id":1,"detached":true,"destroyed":false,"url":"file:///Users/friday/.hermes/profiles/friday/cache/scratch/T17-real-electron-jG80Bb/.vite/build/offline.html?error=offline","processId":9,"routingId":9},"current":{"id":1,"detached":true,"destroyed":false,"url":"file:///Users/friday/.hermes/profiles/friday/cache/scratch/T17-real-electron-jG80Bb/.vite/build/offline.html?error=offline","processId":9,"routingId":9}}
AUTHORIZATION {"scenario":"full-v3","mode":"darwin","byIdSame":true,"byTokenSame":true,"byId":{"id":1,"detached":true,"destroyed":false,"url":"file:///Users/friday/.hermes/profiles/friday/cache/scratch/T17-real-electron-jG80Bb/.vite/build/offline.html?error=offline","processId":9,"routingId":9},"byToken":{"id":1,"detached":true,"destroyed":false,"url":"file:///Users/friday/.hermes/profiles/friday/cache/scratch/T17-real-electron-jG80Bb/.vite/build/offline.html?error=offline","processId":9,"routingId":9},"hosted":false,"offline":false,"self":false,"sameContents":true,"sameFrame":true,"detached":true,"sender":{"id":1,"detached":true,"destroyed":false,"url":"file:///Users/friday/.hermes/profiles/friday/cache/scratch/T17-real-electron-jG80Bb/.vite/build/offline.html?error=offline","processId":9,"routingId":9},"current":{"id":1,"detached":true,"destroyed":false,"url":"file:///Users/friday/.hermes/profiles/friday/cache/scratch/T17-real-electron-jG80Bb/.vite/build/offline.html?error=offline","processId":9,"routingId":9}}

(node:51832) electron: Failed to load URL: http://127.0.0.1:49206/app?configured=1 with error: ERR_INTERNET_DISCONNECTED
(Use `Electron --trace-warnings ...` to show where the warning was created)
AssertionError [ERR_ASSERTION]: all native caption actions must work on the fallback
+ actual - expected

+ [
+   'maximise: AssertionError [ERR_ASSERTION]: maximise sender must be authorized before native action',
+   'maximise: AssertionError [ERR_ASSERTION]: maximise sender must be authorized before native action',
+   'minimise: AssertionError [ERR_ASSERTION]: minimise sender must be authorized before native action',
+   'close: AssertionError [ERR_ASSERTION]: close sender must be authorized before native action'
+ ]
- []

    at ke (/Users/friday/.hermes/profiles/friday/cache/scratch/T17-real-electron-jG80Bb/.vite/build/electron-runtime-entry.js:1:11042) {
  generatedMessage: false,
  code: 'ERR_ASSERTION',
  actual: [Array],
  expected: [],
  operator: 'deepStrictEqual',
  diff: 'simple'
}
{
  "passed": false,
  "scenario": "full-v3",
  "port": 49206,
  "authorization": [
    {
      "byIdSame": true,
      "byTokenSame": true,
      "byId": {
        "id": 1,
        "detached": true,
        "destroyed": false,
        "url": "file:///Users/friday/.hermes/profiles/friday/cache/scratch/T17-real-electron-jG80Bb/.vite/build/offline.html?error=offline",
        "processId": 9,
        "routingId": 9
      },
      "byToken": {
        "id": 1,
        "detached": true,
        "destroyed": false,
        "url": "file:///Users/friday/.hermes/profiles/friday/cache/scratch/T17-real-electron-jG80Bb/.vite/build/offline.html?error=offline",
        "processId": 9,
        "routingId": 9
      },
      "hosted": false,
      "offline": false,
      "self": false,
      "sameContents": true,
      "sameFrame": true,
      "detached": true,
      "sender": {
        "id": 1,
        "detached": true,
        "destroyed": false,
        "url": "file:///Users/friday/.hermes/profiles/friday/cache/scratch/T17-real-electron-jG80Bb/.vite/build/offline.html?error=offline",
        "processId": 9,
        "routingId": 9
      },
      "current": {
        "id": 1,
        "detached": true,
        "destroyed": false,
        "url": "file:///Users/friday/.hermes/profiles/friday/cache/scratch/T17-real-electron-jG80Bb/.vite/build/offline.html?error=offline",
        "processId": 9,
        "routingId": 9
      }
    },
    {
      "byIdSame": true,
      "byTokenSame": true,
      "byId": {
        "id": 1,
        "detached": true,
        "destroyed": false,
        "url": "file:///Users/friday/.hermes/profiles/friday/cache/scratch/T17-real-electron-jG80Bb/.vite/build/offline.html?error=offline",
        "processId": 9,
        "routingId": 9
      },
      "byToken": {
        "id": 1,
        "detached": true,
        "destroyed": false,
        "url": "file:///Users/friday/.hermes/profiles/friday/cache/scratch/T17-real-electron-jG80Bb/.vite/build/offline.html?error=offline",
        "processId": 9,
        "routingId": 9
      },
      "hosted": false,
      "offline": false,
      "self": false,
      "sameContents": true,
      "sameFrame": true,
      "detached": true,
      "sender": {
        "id": 1,
        "detached": true,
        "destroyed": false,
        "url": "file:///Users/friday/.hermes/profiles/friday/cache/scratch/T17-real-electron-jG80Bb/.vite/build/offline.html?error=offline",
        "processId": 9,
        "routingId": 9
      },
      "current": {
        "id": 1,
        "detached": true,
        "destroyed": false,
        "url": "file:///Users/friday/.hermes/profiles/friday/cache/scratch/T17-real-electron-jG80Bb/.vite/build/offline.html?error=offline",
        "processId": 9,
        "routingId": 9
      }
    },
    {
      "byIdSame": true,
      "byTokenSame": true,
      "byId": {
        "id": 1,
        "detached": true,
        "destroyed": false,
        "url": "file:///Users/friday/.hermes/profiles/friday/cache/scratch/T17-real-electron-jG80Bb/.vite/build/offline.html?error=offline",
        "processId": 9,
        "routingId": 9
      },
      "byToken": {
        "id": 1,
        "detached": true,
        "destroyed": false,
        "url": "file:///Users/friday/.hermes/profiles/friday/cache/scratch/T17-real-electron-jG80Bb/.vite/build/offline.html?error=offline",
        "processId": 9,
        "routingId": 9
      },
      "hosted": false,
      "offline": false,
      "self": false,
      "sameContents": true,
      "sameFrame": true,
      "detached": true,
      "sender": {
        "id": 1,
        "detached": true,
        "destroyed": false,
        "url": "file:///Users/friday/.hermes/profiles/friday/cache/scratch/T17-real-electron-jG80Bb/.vite/build/offline.html?error=offline",
        "processId": 9,
        "routingId": 9
      },
      "current": {
        "id": 1,
        "detached": true,
        "destroyed": false,
        "url": "file:///Users/friday/.hermes/profiles/friday/cache/scratch/T17-real-electron-jG80Bb/.vite/build/offline.html?error=offline",
        "processId": 9,
        "routingId": 9
      }
    },
    {
      "byIdSame": true,
      "byTokenSame": true,
      "byId": {
        "id": 1,
        "detached": true,
        "destroyed": false,
        "url": "file:///Users/friday/.hermes/profiles/friday/cache/scratch/T17-real-electron-jG80Bb/.vite/build/offline.html?error=offline",
        "processId": 9,
        "routingId": 9
      },
      "byToken": {
        "id": 1,
        "detached": true,
        "destroyed": false,
        "url": "file:///Users/friday/.hermes/profiles/friday/cache/scratch/T17-real-electron-jG80Bb/.vite/build/offline.html?error=offline",
        "processId": 9,
        "routingId": 9
      },
      "hosted": false,
      "offline": false,
      "self": false,
      "sameContents": true,
      "sameFrame": true,
      "detached": true,
      "sender": {
        "id": 1,
        "detached": true,
        "destroyed": false,
        "url": "file:///Users/friday/.hermes/profiles/friday/cache/scratch/T17-real-electron-jG80Bb/.vite/build/offline.html?error=offline",
        "processId": 9,
        "routingId": 9
      },
      "current": {
        "id": 1,
        "detached": true,
        "destroyed": false,
        "url": "file:///Users/friday/.hermes/profiles/friday/cache/scratch/T17-real-electron-jG80Bb/.vite/build/offline.html?error=offline",
        "processId": 9,
        "routingId": 9
      }
    }
  ],
  "frameStates": [
    {
      "event": "did-start-navigation",
      "frame": {
        "id": 1,
        "detached": false,
        "destroyed": false,
        "url": "",
        "processId": 4,
        "routingId": 1
      }
    },
    {
      "event": "did-navigate",
      "frame": {
        "id": 1,
        "detached": false,
        "destroyed": false,
        "url": "http://127.0.0.1:49206/app?configured=1",
        "processId": 4,
        "routingId": 1
      }
    },
    {
      "event": "did-start-navigation",
      "frame": {
        "id": 1,
        "detached": false,
        "destroyed": false,
        "url": "http://127.0.0.1:49206/app?configured=1",
        "processId": 4,
        "routingId": 1
      }
    },
    {
      "event": "dom-ready",
      "frame": {
        "id": 1,
        "detached": false,
        "destroyed": false,
        "url": "http://127.0.0.1:49206/app?configured=1",
        "processId": 4,
        "routingId": 1
      }
    },
    {
      "event": "did-finish-load",
      "frame": {
        "id": 1,
        "detached": false,
        "destroyed": false,
        "url": "http://127.0.0.1:49206/app?configured=1",
        "processId": 4,
        "routingId": 1
      }
    },
    {
      "event": "did-navigate",
      "frame": {
        "id": 1,
        "detached": false,
        "destroyed": false,
        "url": "file:///Users/friday/.hermes/profiles/friday/cache/scratch/T17-real-electron-jG80Bb/.vite/build/offline.html?error=server",
        "processId": 5,
        "routingId": 4
      }
    },
    {
      "event": "dom-ready",
      "frame": {
        "id": 1,
        "detached": false,
        "destroyed": false,
        "url": "file:///Users/friday/.hermes/profiles/friday/cache/scratch/T17-real-electron-jG80Bb/.vite/build/offline.html?error=server",
        "processId": 5,
        "routingId": 4
      }
    },
    {
      "event": "did-finish-load",
      "frame": {
        "id": 1,
        "detached": false,
        "destroyed": false,
        "url": "file:///Users/friday/.hermes/profiles/friday/cache/scratch/T17-real-electron-jG80Bb/.vite/build/offline.html?error=server",
        "processId": 5,
        "routingId": 4
      }
    },
    {
      "event": "did-start-navigation",
      "frame": {
        "id": 1,
        "detached": false,
        "destroyed": false,
        "url": "file:///Users/friday/.hermes/profiles/friday/cache/scratch/T17-real-electron-jG80Bb/.vite/build/offline.html?error=server",
        "processId": 5,
        "routingId": 4
      }
    },
    {
      "event": "did-navigate",
      "frame": {
        "id": 1,
        "detached": false,
        "destroyed": false,
        "url": "http://127.0.0.1:49206/app?configured=1",
        "processId": 6,
        "routingId": 4
      }
    },
    {
      "event": "did-start-navigation",
      "frame": {
        "id": 1,
        "detached": false,
        "destroyed": false,
        "url": "http://127.0.0.1:49206/app?configured=1",
        "processId": 6,
        "routingId": 4
      }
    },
    {
      "event": "dom-ready",
      "frame": {
        "id": 1,
        "detached": false,
        "destroyed": false,
        "url": "http://127.0.0.1:49206/app?configured=1",
        "processId": 6,
        "routingId": 4
      }
    },
    {
      "event": "did-finish-load",
      "frame": {
        "id": 1,
        "detached": false,
        "destroyed": false,
        "url": "http://127.0.0.1:49206/app?configured=1",
        "processId": 6,
        "routingId": 4
      }
    },
    {
      "event": "did-navigate",
      "frame": {
        "id": 1,
        "detached": false,
        "destroyed": false,
        "url": "file:///Users/friday/.hermes/profiles/friday/cache/scratch/T17-real-electron-jG80Bb/.vite/build/offline.html?error=server",
        "processId": 7,
        "routingId": 4
      }
    },
    {
      "event": "dom-ready",
      "frame": {
        "id": 1,
        "detached": false,
        "destroyed": false,
        "url": "file:///Users/friday/.hermes/profiles/friday/cache/scratch/T17-real-electron-jG80Bb/.vite/build/offline.html?error=server",
        "processId": 7,
        "routingId": 4
      }
    },
    {
      "event": "did-finish-load",
      "frame": {
        "id": 1,
        "detached": false,
        "destroyed": false,
        "url": "file:///Users/friday/.hermes/profiles/friday/cache/scratch/T17-real-electron-jG80Bb/.vite/build/offline.html?error=server",
        "processId": 7,
        "routingId": 4
      }
    },
    {
      "event": "did-start-navigation",
      "frame": {
        "id": 1,
        "detached": false,
        "destroyed": false,
        "url": "file:///Users/friday/.hermes/profiles/friday/cache/scratch/T17-real-electron-jG80Bb/.vite/build/offline.html?error=server",
        "processId": 7,
        "routingId": 4
      }
    },
    {
      "event": "did-start-navigation",
      "frame": {
        "id": 1,
        "detached": false,
        "destroyed": false,
        "url": "file:///Users/friday/.hermes/profiles/friday/cache/scratch/T17-real-electron-jG80Bb/.vite/build/offline.html?error=server",
        "processId": 7,
        "routingId": 4
      }
    },
    {
      "event": "did-navigate",
      "frame": {
        "id": 1,
        "detached": false,
        "destroyed": false,
        "url": "http://127.0.0.1:49206/app?configured=1",
        "processId": 8,
        "routingId": 4
      }
    },
    {
      "event": "dom-ready",
      "frame": {
        "id": 1,
        "detached": false,
        "destroyed": false,
        "url": "http://127.0.0.1:49206/app?configured=1",
        "processId": 8,
        "routingId": 4
      }
    },
    {
      "event": "did-finish-load",
      "frame": {
        "id": 1,
        "detached": false,
        "destroyed": false,
        "url": "http://127.0.0.1:49206/app?configured=1",
        "processId": 8,
        "routingId": 4
      }
    },
    {
      "event": "did-start-navigation",
      "frame": {
        "id": 1,
        "detached": true,
        "destroyed": false,
        "url": "",
        "processId": 9,
        "routingId": 1
      }
    },
    {
      "event": "render-process-gone",
      "frame": {
        "id": 1,
        "detached": true,
        "destroyed": false,
        "url": "",
        "processId": 9,
        "routingId": 1
      }
    },
    {
      "event": "did-navigate",
      "frame": {
        "id": 1,
        "detached": true,
        "destroyed": false,
        "url": "file:///Users/friday/.hermes/profiles/friday/cache/scratch/T17-real-electron-jG80Bb/.vite/build/offline.html?error=server",
        "processId": 9,
        "routingId": 1
      }
    },
    {
      "event": "dom-ready",
      "frame": {
        "id": 1,
        "detached": true,
        "destroyed": false,
        "url": "file:///Users/friday/.hermes/profiles/friday/cache/scratch/T17-real-electron-jG80Bb/.vite/build/offline.html?error=server",
        "processId": 9,
        "routingId": 1
      }
    },
    {
      "event": "did-finish-load",
      "frame": {
        "id": 1,
        "detached": true,
        "destroyed": false,
        "url": "file:///Users/friday/.hermes/profiles/friday/cache/scratch/T17-real-electron-jG80Bb/.vite/build/offline.html?error=server",
        "processId": 9,
        "routingId": 1
      }
    },
    {
      "event": "did-start-navigation",
      "frame": {
        "id": 1,
        "detached": true,
        "destroyed": false,
        "url": "file:///Users/friday/.hermes/profiles/friday/cache/scratch/T17-real-electron-jG80Bb/.vite/build/offline.html?error=server",
        "processId": 9,
        "routingId": 1
      }
    },
    {
      "event": "did-start-navigation",
      "frame": {
        "id": 1,
        "detached": true,
        "destroyed": false,
        "url": "file:///Users/friday/.hermes/profiles/friday/cache/scratch/T17-real-electron-jG80Bb/.vite/build/offline.html?error=server",
        "processId": 9,
        "routingId": 1
      }
    },
    {
      "event": "did-start-navigation",
      "frame": {
        "id": 1,
        "detached": true,
        "destroyed": false,
        "url": "http://127.0.0.1:49206/app?configured=1",
        "processId": 11,
        "routingId": 4
      }
    },
    {
      "event": "did-navigate",
      "frame": {
        "id": 1,
        "detached": true,
        "destroyed": false,
        "url": "file:///Users/friday/.hermes/profiles/friday/cache/scratch/T17-real-electron-jG80Bb/.vite/build/offline.html?error=offline",
        "processId": 9,
        "routingId": 9
      }
    },
    {
      "event": "dom-ready",
      "frame": {
        "id": 1,
        "detached": true,
        "destroyed": false,
        "url": "file:///Users/friday/.hermes/profiles/friday/cache/scratch/T17-real-electron-jG80Bb/.vite/build/offline.html?error=offline",
        "processId": 9,
        "routingId": 9
      }
    },
    {
      "event": "dom-ready",
      "frame": {
        "id": 1,
        "detached": true,
        "destroyed": false,
        "url": "file:///Users/friday/.hermes/profiles/friday/cache/scratch/T17-real-electron-jG80Bb/.vite/build/offline.html?error=offline",
        "processId": 9,
        "routingId": 9
      }
    },
    {
      "event": "did-finish-load",
      "frame": {
        "id": 1,
        "detached": true,
        "destroyed": false,
        "url": "file:///Users/friday/.hermes/profiles/friday/cache/scratch/T17-real-electron-jG80Bb/.vite/build/offline.html?error=offline",
        "processId": 9,
        "routingId": 9
      }
    },
    {
      "event": "did-finish-load",
      "frame": {
        "id": 1,
        "detached": true,
        "destroyed": false,
        "url": "file:///Users/friday/.hermes/profiles/friday/cache/scratch/T17-real-electron-jG80Bb/.vite/build/offline.html?error=offline",
        "processId": 9,
        "routingId": 9
      }
    }
  ],
  "consoleMessages": [],
  "failures": [
    {
      "code": -106,
      "description": "ERR_INTERNET_DISCONNECTED",
      "url": "http://127.0.0.1:49206/app?configured=1",
      "main": true
    }
  ],
  "requests": [
    "http://127.0.0.1:49206/app?configured=1",
    "file:///Users/friday/.hermes/profiles/friday/cache/scratch/T17-real-electron-jG80Bb/.vite/build/offline.html?error=server",
    "http://127.0.0.1:49206/app?configured=1",
    "file:///Users/friday/.hermes/profiles/friday/cache/scratch/T17-real-electron-jG80Bb/.vite/build/offline.html?error=server",
    "http://127.0.0.1:49206/app?configured=1",
    "file:///Users/friday/.hermes/profiles/friday/cache/scratch/T17-real-electron-jG80Bb/.vite/build/offline.html?error=server",
    "http://127.0.0.1:49206/app?configured=1",
    "file:///Users/friday/.hermes/profiles/friday/cache/scratch/T17-real-electron-jG80Bb/.vite/build/offline.html?error=offline"
  ],
  "captions": {
    "minimise": 1,
    "maximise": 2,
    "close": 1
  },
  "events": [
    "renderer:killed"
  ],
  "url": "file:///Users/friday/.hermes/profiles/friday/cache/scratch/T17-real-electron-jG80Bb/.vite/build/offline.html?error=offline"
}

{
  "mode": "darwin",
  "scenario": "full-v3",
  "exit": 1,
  "emittedSHA256": "33aba3c676f65b56a45ffcc3dde2a16c75846636717ca280087940f00c0ed712",
  "receipt": {
    "passed": false,
    "scenario": "full-v3",
    "port": 49206,
    "authorization": [
      {
        "byIdSame": true,
        "byTokenSame": true,
        "byId": {
          "id": 1,
          "detached": true,
          "destroyed": false,
          "url": "file:///Users/friday/.hermes/profiles/friday/cache/scratch/T17-real-electron-jG80Bb/.vite/build/offline.html?error=offline",
          "processId": 9,
          "routingId": 9
        },
        "byToken": {
          "id": 1,
          "detached": true,
          "destroyed": false,
          "url": "file:///Users/friday/.hermes/profiles/friday/cache/scratch/T17-real-electron-jG80Bb/.vite/build/offline.html?error=offline",
          "processId": 9,
          "routingId": 9
        },
        "hosted": false,
        "offline": false,
        "self": false,
        "sameContents": true,
        "sameFrame": true,
        "detached": true,
        "sender": {
          "id": 1,
          "detached": true,
          "destroyed": false,
          "url": "file:///Users/friday/.hermes/profiles/friday/cache/scratch/T17-real-electron-jG80Bb/.vite/build/offline.html?error=offline",
          "processId": 9,
          "routingId": 9
        },
        "current": {
          "id": 1,
          "detached": true,
          "destroyed": false,
          "url": "file:///Users/friday/.hermes/profiles/friday/cache/scratch/T17-real-electron-jG80Bb/.vite/build/offline.html?error=offline",
          "processId": 9,
          "routingId": 9
        }
      },
      {
        "byIdSame": true,
        "byTokenSame": true,
        "byId": {
          "id": 1,
          "detached": true,
          "destroyed": false,
          "url": "file:///Users/friday/.hermes/profiles/friday/cache/scratch/T17-real-electron-jG80Bb/.vite/build/offline.html?error=offline",
          "processId": 9,
          "routingId": 9
        },
        "byToken": {
          "id": 1,
          "detached": true,
          "destroyed": false,
          "url": "file:///Users/friday/.hermes/profiles/friday/cache/scratch/T17-real-electron-jG80Bb/.vite/build/offline.html?error=offline",
          "processId": 9,
          "routingId": 9
        },
        "hosted": false,
        "offline": false,
        "self": false,
        "sameContents": true,
        "sameFrame": true,
        "detached": true,
        "sender": {
          "id": 1,
          "detached": true,
          "destroyed": false,
          "url": "file:///Users/friday/.hermes/profiles/friday/cache/scratch/T17-real-electron-jG80Bb/.vite/build/offline.html?error=offline",
          "processId": 9,
          "routingId": 9
        },
        "current": {
          "id": 1,
          "detached": true,
          "destroyed": false,
          "url": "file:///Users/friday/.hermes/profiles/friday/cache/scratch/T17-real-electron-jG80Bb/.vite/build/offline.html?error=offline",
          "processId": 9,
          "routingId": 9
        }
      },
      {
        "byIdSame": true,
        "byTokenSame": true,
        "byId": {
          "id": 1,
          "detached": true,
          "destroyed": false,
          "url": "file:///Users/friday/.hermes/profiles/friday/cache/scratch/T17-real-electron-jG80Bb/.vite/build/offline.html?error=offline",
          "processId": 9,
          "routingId": 9
        },
        "byToken": {
          "id": 1,
          "detached": true,
          "destroyed": false,
          "url": "file:///Users/friday/.hermes/profiles/friday/cache/scratch/T17-real-electron-jG80Bb/.vite/build/offline.html?error=offline",
          "processId": 9,
          "routingId": 9
        },
        "hosted": false,
        "offline": false,
        "self": false,
        "sameContents": true,
        "sameFrame": true,
        "detached": true,
        "sender": {
          "id": 1,
          "detached": true,
          "destroyed": false,
          "url": "file:///Users/friday/.hermes/profiles/friday/cache/scratch/T17-real-electron-jG80Bb/.vite/build/offline.html?error=offline",
          "processId": 9,
          "routingId": 9
        },
        "current": {
          "id": 1,
          "detached": true,
          "destroyed": false,
          "url": "file:///Users/friday/.hermes/profiles/friday/cache/scratch/T17-real-electron-jG80Bb/.vite/build/offline.html?error=offline",
          "processId": 9,
          "routingId": 9
        }
      },
      {
        "byIdSame": true,
        "byTokenSame": true,
        "byId": {
          "id": 1,
          "detached": true,
          "destroyed": false,
          "url": "file:///Users/friday/.hermes/profiles/friday/cache/scratch/T17-real-electron-jG80Bb/.vite/build/offline.html?error=offline",
          "processId": 9,
          "routingId": 9
        },
        "byToken": {
          "id": 1,
          "detached": true,
          "destroyed": false,
          "url": "file:///Users/friday/.hermes/profiles/friday/cache/scratch/T17-real-electron-jG80Bb/.vite/build/offline.html?error=offline",
          "processId": 9,
          "routingId": 9
        },
        "hosted": false,
        "offline": false,
        "self": false,
        "sameContents": true,
        "sameFrame": true,
        "detached": true,
        "sender": {
          "id": 1,
          "detached": true,
          "destroyed": false,
          "url": "file:///Users/friday/.hermes/profiles/friday/cache/scratch/T17-real-electron-jG80Bb/.vite/build/offline.html?error=offline",
          "processId": 9,
          "routingId": 9
        },
        "current": {
          "id": 1,
          "detached": true,
          "destroyed": false,
          "url": "file:///Users/friday/.hermes/profiles/friday/cache/scratch/T17-real-electron-jG80Bb/.vite/build/offline.html?error=offline",
          "processId": 9,
          "routingId": 9
        }
      }
    ],
    "frameStates": [
      {
        "event": "did-start-navigation",
        "frame": {
          "id": 1,
          "detached": false,
          "destroyed": false,
          "url": "",
          "processId": 4,
          "routingId": 1
        }
      },
      {
        "event": "did-navigate",
        "frame": {
          "id": 1,
          "detached": false,
          "destroyed": false,
          "url": "http://127.0.0.1:49206/app?configured=1",
          "processId": 4,
          "routingId": 1
        }
      },
      {
        "event": "did-start-navigation",
        "frame": {
          "id": 1,
          "detached": false,
          "destroyed": false,
          "url": "http://127.0.0.1:49206/app?configured=1",
          "processId": 4,
          "routingId": 1
        }
      },
      {
        "event": "dom-ready",
        "frame": {
          "id": 1,
          "detached": false,
          "destroyed": false,
          "url": "http://127.0.0.1:49206/app?configured=1",
          "processId": 4,
          "routingId": 1
        }
      },
      {
        "event": "did-finish-load",
        "frame": {
          "id": 1,
          "detached": false,
          "destroyed": false,
          "url": "http://127.0.0.1:49206/app?configured=1",
          "processId": 4,
          "routingId": 1
        }
      },
      {
        "event": "did-navigate",
        "frame": {
          "id": 1,
          "detached": false,
          "destroyed": false,
          "url": "file:///Users/friday/.hermes/profiles/friday/cache/scratch/T17-real-electron-jG80Bb/.vite/build/offline.html?error=server",
          "processId": 5,
          "routingId": 4
        }
      },
      {
        "event": "dom-ready",
        "frame": {
          "id": 1,
          "detached": false,
          "destroyed": false,
          "url": "file:///Users/friday/.hermes/profiles/friday/cache/scratch/T17-real-electron-jG80Bb/.vite/build/offline.html?error=server",
          "processId": 5,
          "routingId": 4
        }
      },
      {
        "event": "did-finish-load",
        "frame": {
          "id": 1,
          "detached": false,
          "destroyed": false,
          "url": "file:///Users/friday/.hermes/profiles/friday/cache/scratch/T17-real-electron-jG80Bb/.vite/build/offline.html?error=server",
          "processId": 5,
          "routingId": 4
        }
      },
      {
        "event": "did-start-navigation",
        "frame": {
          "id": 1,
          "detached": false,
          "destroyed": false,
          "url": "file:///Users/friday/.hermes/profiles/friday/cache/scratch/T17-real-electron-jG80Bb/.vite/build/offline.html?error=server",
          "processId": 5,
          "routingId": 4
        }
      },
      {
        "event": "did-navigate",
        "frame": {
          "id": 1,
          "detached": false,
          "destroyed": false,
          "url": "http://127.0.0.1:49206/app?configured=1",
          "processId": 6,
          "routingId": 4
        }
      },
      {
        "event": "did-start-navigation",
        "frame": {
          "id": 1,
          "detached": false,
          "destroyed": false,
          "url": "http://127.0.0.1:49206/app?configured=1",
          "processId": 6,
          "routingId": 4
        }
      },
      {
        "event": "dom-ready",
        "frame": {
          "id": 1,
          "detached": false,
          "destroyed": false,
          "url": "http://127.0.0.1:49206/app?configured=1",
          "processId": 6,
          "routingId": 4
        }
      },
      {
        "event": "did-finish-load",
        "frame": {
          "id": 1,
          "detached": false,
          "destroyed": false,
          "url": "http://127.0.0.1:49206/app?configured=1",
          "processId": 6,
          "routingId": 4
        }
      },
      {
        "event": "did-navigate",
        "frame": {
          "id": 1,
          "detached": false,
          "destroyed": false,
          "url": "file:///Users/friday/.hermes/profiles/friday/cache/scratch/T17-real-electron-jG80Bb/.vite/build/offline.html?error=server",
          "processId": 7,
          "routingId": 4
        }
      },
      {
        "event": "dom-ready",
        "frame": {
          "id": 1,
          "detached": false,
          "destroyed": false,
          "url": "file:///Users/friday/.hermes/profiles/friday/cache/scratch/T17-real-electron-jG80Bb/.vite/build/offline.html?error=server",
          "processId": 7,
          "routingId": 4
        }
      },
      {
        "event": "did-finish-load",
        "frame": {
          "id": 1,
          "detached": false,
          "destroyed": false,
          "url": "file:///Users/friday/.hermes/profiles/friday/cache/scratch/T17-real-electron-jG80Bb/.vite/build/offline.html?error=server",
          "processId": 7,
          "routingId": 4
        }
      },
      {
        "event": "did-start-navigation",
        "frame": {
          "id": 1,
          "detached": false,
          "destroyed": false,
          "url": "file:///Users/friday/.hermes/profiles/friday/cache/scratch/T17-real-electron-jG80Bb/.vite/build/offline.html?error=server",
          "processId": 7,
          "routingId": 4
        }
      },
      {
        "event": "did-start-navigation",
        "frame": {
          "id": 1,
          "detached": false,
          "destroyed": false,
          "url": "file:///Users/friday/.hermes/profiles/friday/cache/scratch/T17-real-electron-jG80Bb/.vite/build/offline.html?error=server",
          "processId": 7,
          "routingId": 4
        }
      },
      {
        "event": "did-navigate",
        "frame": {
          "id": 1,
          "detached": false,
          "destroyed": false,
          "url": "http://127.0.0.1:49206/app?configured=1",
          "processId": 8,
          "routingId": 4
        }
      },
      {
        "event": "dom-ready",
        "frame": {
          "id": 1,
          "detached": false,
          "destroyed": false,
          "url": "http://127.0.0.1:49206/app?configured=1",
          "processId": 8,
          "routingId": 4
        }
      },
      {
        "event": "did-finish-load",
        "frame": {
          "id": 1,
          "detached": false,
          "destroyed": false,
          "url": "http://127.0.0.1:49206/app?configured=1",
          "processId": 8,
          "routingId": 4
        }
      },
      {
        "event": "did-start-navigation",
        "frame": {
          "id": 1,
          "detached": true,
          "destroyed": false,
          "url": "",
          "processId": 9,
          "routingId": 1
        }
      },
      {
        "event": "render-process-gone",
        "frame": {
          "id": 1,
          "detached": true,
          "destroyed": false,
          "url": "",
          "processId": 9,
          "routingId": 1
        }
      },
      {
        "event": "did-navigate",
        "frame": {
          "id": 1,
          "detached": true,
          "destroyed": false,
          "url": "file:///Users/friday/.hermes/profiles/friday/cache/scratch/T17-real-electron-jG80Bb/.vite/build/offline.html?error=server",
          "processId": 9,
          "routingId": 1
        }
      },
      {
        "event": "dom-ready",
        "frame": {
          "id": 1,
          "detached": true,
          "destroyed": false,
          "url": "file:///Users/friday/.hermes/profiles/friday/cache/scratch/T17-real-electron-jG80Bb/.vite/build/offline.html?error=server",
          "processId": 9,
          "routingId": 1
        }
      },
      {
        "event": "did-finish-load",
        "frame": {
          "id": 1,
          "detached": true,
          "destroyed": false,
          "url": "file:///Users/friday/.hermes/profiles/friday/cache/scratch/T17-real-electron-jG80Bb/.vite/build/offline.html?error=server",
          "processId": 9,
          "routingId": 1
        }
      },
      {
        "event": "did-start-navigation",
        "frame": {
          "id": 1,
          "detached": true,
          "destroyed": false,
          "url": "file:///Users/friday/.hermes/profiles/friday/cache/scratch/T17-real-electron-jG80Bb/.vite/build/offline.html?error=server",
          "processId": 9,
          "routingId": 1
        }
      },
      {
        "event": "did-start-navigation",
        "frame": {
          "id": 1,
          "detached": true,
          "destroyed": false,
          "url": "file:///Users/friday/.hermes/profiles/friday/cache/scratch/T17-real-electron-jG80Bb/.vite/build/offline.html?error=server",
          "processId": 9,
          "routingId": 1
        }
      },
      {
        "event": "did-start-navigation",
        "frame": {
          "id": 1,
          "detached": true,
          "destroyed": false,
          "url": "http://127.0.0.1:49206/app?configured=1",
          "processId": 11,
          "routingId": 4
        }
      },
      {
        "event": "did-navigate",
        "frame": {
          "id": 1,
          "detached": true,
          "destroyed": false,
          "url": "file:///Users/friday/.hermes/profiles/friday/cache/scratch/T17-real-electron-jG80Bb/.vite/build/offline.html?error=offline",
          "processId": 9,
          "routingId": 9
        }
      },
      {
        "event": "dom-ready",
        "frame": {
          "id": 1,
          "detached": true,
          "destroyed": false,
          "url": "file:///Users/friday/.hermes/profiles/friday/cache/scratch/T17-real-electron-jG80Bb/.vite/build/offline.html?error=offline",
          "processId": 9,
          "routingId": 9
        }
      },
      {
        "event": "dom-ready",
        "frame": {
          "id": 1,
          "detached": true,
          "destroyed": false,
          "url": "file:///Users/friday/.hermes/profiles/friday/cache/scratch/T17-real-electron-jG80Bb/.vite/build/offline.html?error=offline",
          "processId": 9,
          "routingId": 9
        }
      },
      {
        "event": "did-finish-load",
        "frame": {
          "id": 1,
          "detached": true,
          "destroyed": false,
          "url": "file:///Users/friday/.hermes/profiles/friday/cache/scratch/T17-real-electron-jG80Bb/.vite/build/offline.html?error=offline",
          "processId": 9,
          "routingId": 9
        }
      },
      {
        "event": "did-finish-load",
        "frame": {
          "id": 1,
          "detached": true,
          "destroyed": false,
          "url": "file:///Users/friday/.hermes/profiles/friday/cache/scratch/T17-real-electron-jG80Bb/.vite/build/offline.html?error=offline",
          "processId": 9,
          "routingId": 9
        }
      }
    ],
    "consoleMessages": [],
    "failures": [
      {
        "code": -106,
        "description": "ERR_INTERNET_DISCONNECTED",
        "url": "http://127.0.0.1:49206/app?configured=1",
        "main": true
      }
    ],
    "requests": [
      "http://127.0.0.1:49206/app?configured=1",
      "file:///Users/friday/.hermes/profiles/friday/cache/scratch/T17-real-electron-jG80Bb/.vite/build/offline.html?error=server",
      "http://127.0.0.1:49206/app?configured=1",
      "file:///Users/friday/.hermes/profiles/friday/cache/scratch/T17-real-electron-jG80Bb/.vite/build/offline.html?error=server",
      "http://127.0.0.1:49206/app?configured=1",
      "file:///Users/friday/.hermes/profiles/friday/cache/scratch/T17-real-electron-jG80Bb/.vite/build/offline.html?error=server",
      "http://127.0.0.1:49206/app?configured=1",
      "file:///Users/friday/.hermes/profiles/friday/cache/scratch/T17-real-electron-jG80Bb/.vite/build/offline.html?error=offline"
    ],
    "captions": {
      "minimise": 1,
      "maximise": 2,
      "close": 1
    },
    "events": [
      "renderer:killed"
    ],
    "url": "file:///Users/friday/.hermes/profiles/friday/cache/scratch/T17-real-electron-jG80Bb/.vite/build/offline.html?error=offline"
  }
}
AUTHORIZATION {"scenario":"no-crash-no-cdp","mode":"win32","byIdSame":true,"byTokenSame":true,"byId":{"id":1,"detached":false,"destroyed":false,"url":"file:///Users/friday/.hermes/profiles/friday/cache/scratch/T17-real-electron-jG80Bb/.vite/build/offline.html?error=server","processId":5,"routingId":4},"byToken":{"id":1,"detached":false,"destroyed":false,"url":"file:///Users/friday/.hermes/profiles/friday/cache/scratch/T17-real-electron-jG80Bb/.vite/build/offline.html?error=server","processId":5,"routingId":4},"hosted":false,"offline":true,"self":true,"sameContents":true,"sameFrame":true,"detached":false,"sender":{"id":1,"detached":false,"destroyed":false,"url":"file:///Users/friday/.hermes/profiles/friday/cache/scratch/T17-real-electron-jG80Bb/.vite/build/offline.html?error=server","processId":5,"routingId":4},"current":{"id":1,"detached":false,"destroyed":false,"url":"file:///Users/friday/.hermes/profiles/friday/cache/scratch/T17-real-electron-jG80Bb/.vite/build/offline.html?error=server","processId":5,"routingId":4}}
AUTHORIZATION {"scenario":"no-crash-no-cdp","mode":"win32","byIdSame":true,"byTokenSame":true,"byId":{"id":1,"detached":false,"destroyed":false,"url":"file:///Users/friday/.hermes/profiles/friday/cache/scratch/T17-real-electron-jG80Bb/.vite/build/offline.html?error=server","processId":5,"routingId":4},"byToken":{"id":1,"detached":false,"destroyed":false,"url":"file:///Users/friday/.hermes/profiles/friday/cache/scratch/T17-real-electron-jG80Bb/.vite/build/offline.html?error=server","processId":5,"routingId":4},"hosted":false,"offline":true,"self":true,"sameContents":true,"sameFrame":true,"detached":false,"sender":{"id":1,"detached":false,"destroyed":false,"url":"file:///Users/friday/.hermes/profiles/friday/cache/scratch/T17-real-electron-jG80Bb/.vite/build/offline.html?error=server","processId":5,"routingId":4},"current":{"id":1,"detached":false,"destroyed":false,"url":"file:///Users/friday/.hermes/profiles/friday/cache/scratch/T17-real-electron-jG80Bb/.vite/build/offline.html?error=server","processId":5,"routingId":4}}
AUTHORIZATION {"scenario":"no-crash-no-cdp","mode":"win32","byIdSame":true,"byTokenSame":true,"byId":{"id":1,"detached":false,"destroyed":false,"url":"file:///Users/friday/.hermes/profiles/friday/cache/scratch/T17-real-electron-jG80Bb/.vite/build/offline.html?error=server","processId":5,"routingId":4},"byToken":{"id":1,"detached":false,"destroyed":false,"url":"file:///Users/friday/.hermes/profiles/friday/cache/scratch/T17-real-electron-jG80Bb/.vite/build/offline.html?error=server","processId":5,"routingId":4},"hosted":false,"offline":true,"self":true,"sameContents":true,"sameFrame":true,"detached":false,"sender":{"id":1,"detached":false,"destroyed":false,"url":"file:///Users/friday/.hermes/profiles/friday/cache/scratch/T17-real-electron-jG80Bb/.vite/build/offline.html?error=server","processId":5,"routingId":4},"current":{"id":1,"detached":false,"destroyed":false,"url":"file:///Users/friday/.hermes/profiles/friday/cache/scratch/T17-real-electron-jG80Bb/.vite/build/offline.html?error=server","processId":5,"routingId":4}}
AUTHORIZATION {"scenario":"no-crash-no-cdp","mode":"win32","byIdSame":true,"byTokenSame":true,"byId":{"id":1,"detached":false,"destroyed":false,"url":"file:///Users/friday/.hermes/profiles/friday/cache/scratch/T17-real-electron-jG80Bb/.vite/build/offline.html?error=server","processId":5,"routingId":4},"byToken":{"id":1,"detached":false,"destroyed":false,"url":"file:///Users/friday/.hermes/profiles/friday/cache/scratch/T17-real-electron-jG80Bb/.vite/build/offline.html?error=server","processId":5,"routingId":4},"hosted":false,"offline":true,"self":true,"sameContents":true,"sameFrame":true,"detached":false,"sender":{"id":1,"detached":false,"destroyed":false,"url":"file:///Users/friday/.hermes/profiles/friday/cache/scratch/T17-real-electron-jG80Bb/.vite/build/offline.html?error=server","processId":5,"routingId":4},"current":{"id":1,"detached":false,"destroyed":false,"url":"file:///Users/friday/.hermes/profiles/friday/cache/scratch/T17-real-electron-jG80Bb/.vite/build/offline.html?error=server","processId":5,"routingId":4}}


{
  "mode": "win32",
  "scenario": "no-crash-no-cdp",
  "exit": 0,
  "emittedSHA256": "33aba3c676f65b56a45ffcc3dde2a16c75846636717ca280087940f00c0ed712",
  "receipt": {
    "passed": true,
    "scenario": "no-crash-no-cdp",
    "port": 49206,
    "authorization": [
      {
        "byIdSame": true,
        "byTokenSame": true,
        "byId": {
          "id": 1,
          "detached": false,
          "destroyed": false,
          "url": "file:///Users/friday/.hermes/profiles/friday/cache/scratch/T17-real-electron-jG80Bb/.vite/build/offline.html?error=server",
          "processId": 5,
          "routingId": 4
        },
        "byToken": {
          "id": 1,
          "detached": false,
          "destroyed": false,
          "url": "file:///Users/friday/.hermes/profiles/friday/cache/scratch/T17-real-electron-jG80Bb/.vite/build/offline.html?error=server",
          "processId": 5,
          "routingId": 4
        },
        "hosted": false,
        "offline": true,
        "self": true,
        "sameContents": true,
        "sameFrame": true,
        "detached": false,
        "sender": {
          "id": 1,
          "detached": false,
          "destroyed": false,
          "url": "file:///Users/friday/.hermes/profiles/friday/cache/scratch/T17-real-electron-jG80Bb/.vite/build/offline.html?error=server",
          "processId": 5,
          "routingId": 4
        },
        "current": {
          "id": 1,
          "detached": false,
          "destroyed": false,
          "url": "file:///Users/friday/.hermes/profiles/friday/cache/scratch/T17-real-electron-jG80Bb/.vite/build/offline.html?error=server",
          "processId": 5,
          "routingId": 4
        }
      },
      {
        "byIdSame": true,
        "byTokenSame": true,
        "byId": {
          "id": 1,
          "detached": false,
          "destroyed": false,
          "url": "file:///Users/friday/.hermes/profiles/friday/cache/scratch/T17-real-electron-jG80Bb/.vite/build/offline.html?error=server",
          "processId": 5,
          "routingId": 4
        },
        "byToken": {
          "id": 1,
          "detached": false,
          "destroyed": false,
          "url": "file:///Users/friday/.hermes/profiles/friday/cache/scratch/T17-real-electron-jG80Bb/.vite/build/offline.html?error=server",
          "processId": 5,
          "routingId": 4
        },
        "hosted": false,
        "offline": true,
        "self": true,
        "sameContents": true,
        "sameFrame": true,
        "detached": false,
        "sender": {
          "id": 1,
          "detached": false,
          "destroyed": false,
          "url": "file:///Users/friday/.hermes/profiles/friday/cache/scratch/T17-real-electron-jG80Bb/.vite/build/offline.html?error=server",
          "processId": 5,
          "routingId": 4
        },
        "current": {
          "id": 1,
          "detached": false,
          "destroyed": false,
          "url": "file:///Users/friday/.hermes/profiles/friday/cache/scratch/T17-real-electron-jG80Bb/.vite/build/offline.html?error=server",
          "processId": 5,
          "routingId": 4
        }
      },
      {
        "byIdSame": true,
        "byTokenSame": true,
        "byId": {
          "id": 1,
          "detached": false,
          "destroyed": false,
          "url": "file:///Users/friday/.hermes/profiles/friday/cache/scratch/T17-real-electron-jG80Bb/.vite/build/offline.html?error=server",
          "processId": 5,
          "routingId": 4
        },
        "byToken": {
          "id": 1,
          "detached": false,
          "destroyed": false,
          "url": "file:///Users/friday/.hermes/profiles/friday/cache/scratch/T17-real-electron-jG80Bb/.vite/build/offline.html?error=server",
          "processId": 5,
          "routingId": 4
        },
        "hosted": false,
        "offline": true,
        "self": true,
        "sameContents": true,
        "sameFrame": true,
        "detached": false,
        "sender": {
          "id": 1,
          "detached": false,
          "destroyed": false,
          "url": "file:///Users/friday/.hermes/profiles/friday/cache/scratch/T17-real-electron-jG80Bb/.vite/build/offline.html?error=server",
          "processId": 5,
          "routingId": 4
        },
        "current": {
          "id": 1,
          "detached": false,
          "destroyed": false,
          "url": "file:///Users/friday/.hermes/profiles/friday/cache/scratch/T17-real-electron-jG80Bb/.vite/build/offline.html?error=server",
          "processId": 5,
          "routingId": 4
        }
      },
      {
        "byIdSame": true,
        "byTokenSame": true,
        "byId": {
          "id": 1,
          "detached": false,
          "destroyed": false,
          "url": "file:///Users/friday/.hermes/profiles/friday/cache/scratch/T17-real-electron-jG80Bb/.vite/build/offline.html?error=server",
          "processId": 5,
          "routingId": 4
        },
        "byToken": {
          "id": 1,
          "detached": false,
          "destroyed": false,
          "url": "file:///Users/friday/.hermes/profiles/friday/cache/scratch/T17-real-electron-jG80Bb/.vite/build/offline.html?error=server",
          "processId": 5,
          "routingId": 4
        },
        "hosted": false,
        "offline": true,
        "self": true,
        "sameContents": true,
        "sameFrame": true,
        "detached": false,
        "sender": {
          "id": 1,
          "detached": false,
          "destroyed": false,
          "url": "file:///Users/friday/.hermes/profiles/friday/cache/scratch/T17-real-electron-jG80Bb/.vite/build/offline.html?error=server",
          "processId": 5,
          "routingId": 4
        },
        "current": {
          "id": 1,
          "detached": false,
          "destroyed": false,
          "url": "file:///Users/friday/.hermes/profiles/friday/cache/scratch/T17-real-electron-jG80Bb/.vite/build/offline.html?error=server",
          "processId": 5,
          "routingId": 4
        }
      }
    ],
    "frameStates": [
      {
        "event": "did-start-navigation",
        "frame": {
          "id": 1,
          "detached": false,
          "destroyed": false,
          "url": "",
          "processId": 4,
          "routingId": 1
        }
      },
      {
        "event": "did-navigate",
        "frame": {
          "id": 1,
          "detached": false,
          "destroyed": false,
          "url": "http://127.0.0.1:49206/app?configured=1",
          "processId": 4,
          "routingId": 1
        }
      },
      {
        "event": "did-start-navigation",
        "frame": {
          "id": 1,
          "detached": false,
          "destroyed": false,
          "url": "http://127.0.0.1:49206/app?configured=1",
          "processId": 4,
          "routingId": 1
        }
      },
      {
        "event": "dom-ready",
        "frame": {
          "id": 1,
          "detached": false,
          "destroyed": false,
          "url": "http://127.0.0.1:49206/app?configured=1",
          "processId": 4,
          "routingId": 1
        }
      },
      {
        "event": "did-finish-load",
        "frame": {
          "id": 1,
          "detached": false,
          "destroyed": false,
          "url": "http://127.0.0.1:49206/app?configured=1",
          "processId": 4,
          "routingId": 1
        }
      },
      {
        "event": "did-navigate",
        "frame": {
          "id": 1,
          "detached": false,
          "destroyed": false,
          "url": "file:///Users/friday/.hermes/profiles/friday/cache/scratch/T17-real-electron-jG80Bb/.vite/build/offline.html?error=server",
          "processId": 5,
          "routingId": 4
        }
      },
      {
        "event": "dom-ready",
        "frame": {
          "id": 1,
          "detached": false,
          "destroyed": false,
          "url": "file:///Users/friday/.hermes/profiles/friday/cache/scratch/T17-real-electron-jG80Bb/.vite/build/offline.html?error=server",
          "processId": 5,
          "routingId": 4
        }
      },
      {
        "event": "did-finish-load",
        "frame": {
          "id": 1,
          "detached": false,
          "destroyed": false,
          "url": "file:///Users/friday/.hermes/profiles/friday/cache/scratch/T17-real-electron-jG80Bb/.vite/build/offline.html?error=server",
          "processId": 5,
          "routingId": 4
        }
      }
    ],
    "electron": "38.1.2",
    "host": "darwin",
    "presentation": "win32",
    "finalPage": {
      "title": "Mutiny — Connection interrupted",
      "error": "Server",
      "heading": "Connection interrupted",
      "captionsHidden": false,
      "platform": "win32",
      "width": 900,
      "height": 600,
      "scrollWidth": 900,
      "bodyWidth": 900,
      "background": "rgb(35, 32, 47)",
      "controls": [
        {
          "id": "minimise",
          "width": 48,
          "height": 44
        },
        {
          "id": "maximise",
          "width": 48,
          "height": 44
        },
        {
          "id": "close",
          "width": 48,
          "height": 44
        },
        {
          "id": "retry",
          "width": 120,
          "height": 44
        }
      ]
    },
    "hits": 1,
    "captions": {
      "minimise": 1,
      "maximise": 2,
      "close": 1
    },
    "events": [
      "maximize",
      "unmaximize",
      "minimize",
      "restore",
      "close",
      "closed"
    ],
    "requests": [
      "http://127.0.0.1:49206/app?configured=1",
      "file:///Users/friday/.hermes/profiles/friday/cache/scratch/T17-real-electron-jG80Bb/.vite/build/offline.html?error=server"
    ],
    "consoleMessages": [],
    "failures": [],
    "emittedBytes": 4933,
    "emittedFile": "/Users/friday/.hermes/profiles/friday/cache/scratch/T17-real-electron-jG80Bb/.vite/build/offline.html",
    "scope": "Isolated Electron harness only. Windows presentation simulated on macOS; not installed Windows/Linux runtime acceptance."
  }
}
AUTHORIZATION {"scenario":"crash-only","mode":"win32","byIdSame":true,"byTokenSame":true,"byId":{"id":1,"detached":true,"destroyed":false,"url":"file:///Users/friday/.hermes/profiles/friday/cache/scratch/T17-real-electron-jG80Bb/.vite/build/offline.html?error=server","processId":5,"routingId":1},"byToken":{"id":1,"detached":true,"destroyed":false,"url":"file:///Users/friday/.hermes/profiles/friday/cache/scratch/T17-real-electron-jG80Bb/.vite/build/offline.html?error=server","processId":5,"routingId":1},"hosted":false,"offline":false,"self":false,"sameContents":true,"sameFrame":true,"detached":true,"sender":{"id":1,"detached":true,"destroyed":false,"url":"file:///Users/friday/.hermes/profiles/friday/cache/scratch/T17-real-electron-jG80Bb/.vite/build/offline.html?error=server","processId":5,"routingId":1},"current":{"id":1,"detached":true,"destroyed":false,"url":"file:///Users/friday/.hermes/profiles/friday/cache/scratch/T17-real-electron-jG80Bb/.vite/build/offline.html?error=server","processId":5,"routingId":1}}
AUTHORIZATION {"scenario":"crash-only","mode":"win32","byIdSame":true,"byTokenSame":true,"byId":{"id":1,"detached":true,"destroyed":false,"url":"file:///Users/friday/.hermes/profiles/friday/cache/scratch/T17-real-electron-jG80Bb/.vite/build/offline.html?error=server","processId":5,"routingId":1},"byToken":{"id":1,"detached":true,"destroyed":false,"url":"file:///Users/friday/.hermes/profiles/friday/cache/scratch/T17-real-electron-jG80Bb/.vite/build/offline.html?error=server","processId":5,"routingId":1},"hosted":false,"offline":false,"self":false,"sameContents":true,"sameFrame":true,"detached":true,"sender":{"id":1,"detached":true,"destroyed":false,"url":"file:///Users/friday/.hermes/profiles/friday/cache/scratch/T17-real-electron-jG80Bb/.vite/build/offline.html?error=server","processId":5,"routingId":1},"current":{"id":1,"detached":true,"destroyed":false,"url":"file:///Users/friday/.hermes/profiles/friday/cache/scratch/T17-real-electron-jG80Bb/.vite/build/offline.html?error=server","processId":5,"routingId":1}}
AUTHORIZATION {"scenario":"crash-only","mode":"win32","byIdSame":true,"byTokenSame":true,"byId":{"id":1,"detached":true,"destroyed":false,"url":"file:///Users/friday/.hermes/profiles/friday/cache/scratch/T17-real-electron-jG80Bb/.vite/build/offline.html?error=server","processId":5,"routingId":1},"byToken":{"id":1,"detached":true,"destroyed":false,"url":"file:///Users/friday/.hermes/profiles/friday/cache/scratch/T17-real-electron-jG80Bb/.vite/build/offline.html?error=server","processId":5,"routingId":1},"hosted":false,"offline":false,"self":false,"sameContents":true,"sameFrame":true,"detached":true,"sender":{"id":1,"detached":true,"destroyed":false,"url":"file:///Users/friday/.hermes/profiles/friday/cache/scratch/T17-real-electron-jG80Bb/.vite/build/offline.html?error=server","processId":5,"routingId":1},"current":{"id":1,"detached":true,"destroyed":false,"url":"file:///Users/friday/.hermes/profiles/friday/cache/scratch/T17-real-electron-jG80Bb/.vite/build/offline.html?error=server","processId":5,"routingId":1}}
AUTHORIZATION {"scenario":"crash-only","mode":"win32","byIdSame":true,"byTokenSame":true,"byId":{"id":1,"detached":true,"destroyed":false,"url":"file:///Users/friday/.hermes/profiles/friday/cache/scratch/T17-real-electron-jG80Bb/.vite/build/offline.html?error=server","processId":5,"routingId":1},"byToken":{"id":1,"detached":true,"destroyed":false,"url":"file:///Users/friday/.hermes/profiles/friday/cache/scratch/T17-real-electron-jG80Bb/.vite/build/offline.html?error=server","processId":5,"routingId":1},"hosted":false,"offline":false,"self":false,"sameContents":true,"sameFrame":true,"detached":true,"sender":{"id":1,"detached":true,"destroyed":false,"url":"file:///Users/friday/.hermes/profiles/friday/cache/scratch/T17-real-electron-jG80Bb/.vite/build/offline.html?error=server","processId":5,"routingId":1},"current":{"id":1,"detached":true,"destroyed":false,"url":"file:///Users/friday/.hermes/profiles/friday/cache/scratch/T17-real-electron-jG80Bb/.vite/build/offline.html?error=server","processId":5,"routingId":1}}

[51901:1002/162928.379016:ERROR:gpu/command_buffer/service/shared_image/shared_image_manager.cc:496] SharedImageManager::ProduceOverlay: Trying to Produce a Overlay representation from a non-existent mailbox.
[51901:1002/162928.379042:ERROR:components/viz/service/display_embedder/skia_output_device_buffer_queue.cc:263] Invalid mailbox.
AssertionError [ERR_ASSERTION]: all native caption actions must work on the fallback
+ actual - expected

+ [
+   'maximise: AssertionError [ERR_ASSERTION]: maximise sender must be authorized before native action',
+   'maximise: AssertionError [ERR_ASSERTION]: maximise sender must be authorized before native action',
+   'minimise: AssertionError [ERR_ASSERTION]: minimise sender must be authorized before native action',
+   'close: AssertionError [ERR_ASSERTION]: close sender must be authorized before native action'
+ ]
- []

    at ke (/Users/friday/.hermes/profiles/friday/cache/scratch/T17-real-electron-jG80Bb/.vite/build/electron-runtime-entry.js:1:11042) {
  generatedMessage: false,
  code: 'ERR_ASSERTION',
  actual: [Array],
  expected: [],
  operator: 'deepStrictEqual',
  diff: 'simple'
}
{
  "passed": false,
  "scenario": "crash-only",
  "port": 49206,
  "authorization": [
    {
      "byIdSame": true,
      "byTokenSame": true,
      "byId": {
        "id": 1,
        "detached": true,
        "destroyed": false,
        "url": "file:///Users/friday/.hermes/profiles/friday/cache/scratch/T17-real-electron-jG80Bb/.vite/build/offline.html?error=server",
        "processId": 5,
        "routingId": 1
      },
      "byToken": {
        "id": 1,
        "detached": true,
        "destroyed": false,
        "url": "file:///Users/friday/.hermes/profiles/friday/cache/scratch/T17-real-electron-jG80Bb/.vite/build/offline.html?error=server",
        "processId": 5,
        "routingId": 1
      },
      "hosted": false,
      "offline": false,
      "self": false,
      "sameContents": true,
      "sameFrame": true,
      "detached": true,
      "sender": {
        "id": 1,
        "detached": true,
        "destroyed": false,
        "url": "file:///Users/friday/.hermes/profiles/friday/cache/scratch/T17-real-electron-jG80Bb/.vite/build/offline.html?error=server",
        "processId": 5,
        "routingId": 1
      },
      "current": {
        "id": 1,
        "detached": true,
        "destroyed": false,
        "url": "file:///Users/friday/.hermes/profiles/friday/cache/scratch/T17-real-electron-jG80Bb/.vite/build/offline.html?error=server",
        "processId": 5,
        "routingId": 1
      }
    },
    {
      "byIdSame": true,
      "byTokenSame": true,
      "byId": {
        "id": 1,
        "detached": true,
        "destroyed": false,
        "url": "file:///Users/friday/.hermes/profiles/friday/cache/scratch/T17-real-electron-jG80Bb/.vite/build/offline.html?error=server",
        "processId": 5,
        "routingId": 1
      },
      "byToken": {
        "id": 1,
        "detached": true,
        "destroyed": false,
        "url": "file:///Users/friday/.hermes/profiles/friday/cache/scratch/T17-real-electron-jG80Bb/.vite/build/offline.html?error=server",
        "processId": 5,
        "routingId": 1
      },
      "hosted": false,
      "offline": false,
      "self": false,
      "sameContents": true,
      "sameFrame": true,
      "detached": true,
      "sender": {
        "id": 1,
        "detached": true,
        "destroyed": false,
        "url": "file:///Users/friday/.hermes/profiles/friday/cache/scratch/T17-real-electron-jG80Bb/.vite/build/offline.html?error=server",
        "processId": 5,
        "routingId": 1
      },
      "current": {
        "id": 1,
        "detached": true,
        "destroyed": false,
        "url": "file:///Users/friday/.hermes/profiles/friday/cache/scratch/T17-real-electron-jG80Bb/.vite/build/offline.html?error=server",
        "processId": 5,
        "routingId": 1
      }
    },
    {
      "byIdSame": true,
      "byTokenSame": true,
      "byId": {
        "id": 1,
        "detached": true,
        "destroyed": false,
        "url": "file:///Users/friday/.hermes/profiles/friday/cache/scratch/T17-real-electron-jG80Bb/.vite/build/offline.html?error=server",
        "processId": 5,
        "routingId": 1
      },
      "byToken": {
        "id": 1,
        "detached": true,
        "destroyed": false,
        "url": "file:///Users/friday/.hermes/profiles/friday/cache/scratch/T17-real-electron-jG80Bb/.vite/build/offline.html?error=server",
        "processId": 5,
        "routingId": 1
      },
      "hosted": false,
      "offline": false,
      "self": false,
      "sameContents": true,
      "sameFrame": true,
      "detached": true,
      "sender": {
        "id": 1,
        "detached": true,
        "destroyed": false,
        "url": "file:///Users/friday/.hermes/profiles/friday/cache/scratch/T17-real-electron-jG80Bb/.vite/build/offline.html?error=server",
        "processId": 5,
        "routingId": 1
      },
      "current": {
        "id": 1,
        "detached": true,
        "destroyed": false,
        "url": "file:///Users/friday/.hermes/profiles/friday/cache/scratch/T17-real-electron-jG80Bb/.vite/build/offline.html?error=server",
        "processId": 5,
        "routingId": 1
      }
    },
    {
      "byIdSame": true,
      "byTokenSame": true,
      "byId": {
        "id": 1,
        "detached": true,
        "destroyed": false,
        "url": "file:///Users/friday/.hermes/profiles/friday/cache/scratch/T17-real-electron-jG80Bb/.vite/build/offline.html?error=server",
        "processId": 5,
        "routingId": 1
      },
      "byToken": {
        "id": 1,
        "detached": true,
        "destroyed": false,
        "url": "file:///Users/friday/.hermes/profiles/friday/cache/scratch/T17-real-electron-jG80Bb/.vite/build/offline.html?error=server",
        "processId": 5,
        "routingId": 1
      },
      "hosted": false,
      "offline": false,
      "self": false,
      "sameContents": true,
      "sameFrame": true,
      "detached": true,
      "sender": {
        "id": 1,
        "detached": true,
        "destroyed": false,
        "url": "file:///Users/friday/.hermes/profiles/friday/cache/scratch/T17-real-electron-jG80Bb/.vite/build/offline.html?error=server",
        "processId": 5,
        "routingId": 1
      },
      "current": {
        "id": 1,
        "detached": true,
        "destroyed": false,
        "url": "file:///Users/friday/.hermes/profiles/friday/cache/scratch/T17-real-electron-jG80Bb/.vite/build/offline.html?error=server",
        "processId": 5,
        "routingId": 1
      }
    }
  ],
  "frameStates": [
    {
      "event": "did-start-navigation",
      "frame": {
        "id": 1,
        "detached": false,
        "destroyed": false,
        "url": "",
        "processId": 4,
        "routingId": 1
      }
    },
    {
      "event": "did-navigate",
      "frame": {
        "id": 1,
        "detached": false,
        "destroyed": false,
        "url": "http://127.0.0.1:49206/app?configured=1",
        "processId": 4,
        "routingId": 1
      }
    },
    {
      "event": "dom-ready",
      "frame": {
        "id": 1,
        "detached": false,
        "destroyed": false,
        "url": "http://127.0.0.1:49206/app?configured=1",
        "processId": 4,
        "routingId": 1
      }
    },
    {
      "event": "did-finish-load",
      "frame": {
        "id": 1,
        "detached": false,
        "destroyed": false,
        "url": "http://127.0.0.1:49206/app?configured=1",
        "processId": 4,
        "routingId": 1
      }
    },
    {
      "event": "did-start-navigation",
      "frame": {
        "id": 1,
        "detached": true,
        "destroyed": false,
        "url": "",
        "processId": 5,
        "routingId": 1
      }
    },
    {
      "event": "render-process-gone",
      "frame": {
        "id": 1,
        "detached": true,
        "destroyed": false,
        "url": "",
        "processId": 5,
        "routingId": 1
      }
    },
    {
      "event": "did-navigate",
      "frame": {
        "id": 1,
        "detached": true,
        "destroyed": false,
        "url": "file:///Users/friday/.hermes/profiles/friday/cache/scratch/T17-real-electron-jG80Bb/.vite/build/offline.html?error=server",
        "processId": 5,
        "routingId": 1
      }
    },
    {
      "event": "dom-ready",
      "frame": {
        "id": 1,
        "detached": true,
        "destroyed": false,
        "url": "file:///Users/friday/.hermes/profiles/friday/cache/scratch/T17-real-electron-jG80Bb/.vite/build/offline.html?error=server",
        "processId": 5,
        "routingId": 1
      }
    },
    {
      "event": "did-finish-load",
      "frame": {
        "id": 1,
        "detached": true,
        "destroyed": false,
        "url": "file:///Users/friday/.hermes/profiles/friday/cache/scratch/T17-real-electron-jG80Bb/.vite/build/offline.html?error=server",
        "processId": 5,
        "routingId": 1
      }
    }
  ],
  "consoleMessages": [],
  "failures": [],
  "requests": [
    "http://127.0.0.1:49206/app?configured=1",
    "file:///Users/friday/.hermes/profiles/friday/cache/scratch/T17-real-electron-jG80Bb/.vite/build/offline.html?error=server"
  ],
  "captions": {
    "minimise": 1,
    "maximise": 2,
    "close": 1
  },
  "events": [
    "renderer:killed"
  ],
  "url": "file:///Users/friday/.hermes/profiles/friday/cache/scratch/T17-real-electron-jG80Bb/.vite/build/offline.html?error=server"
}

{
  "mode": "win32",
  "scenario": "crash-only",
  "exit": 1,
  "emittedSHA256": "33aba3c676f65b56a45ffcc3dde2a16c75846636717ca280087940f00c0ed712",
  "receipt": {
    "passed": false,
    "scenario": "crash-only",
    "port": 49206,
    "authorization": [
      {
        "byIdSame": true,
        "byTokenSame": true,
        "byId": {
          "id": 1,
          "detached": true,
          "destroyed": false,
          "url": "file:///Users/friday/.hermes/profiles/friday/cache/scratch/T17-real-electron-jG80Bb/.vite/build/offline.html?error=server",
          "processId": 5,
          "routingId": 1
        },
        "byToken": {
          "id": 1,
          "detached": true,
          "destroyed": false,
          "url": "file:///Users/friday/.hermes/profiles/friday/cache/scratch/T17-real-electron-jG80Bb/.vite/build/offline.html?error=server",
          "processId": 5,
          "routingId": 1
        },
        "hosted": false,
        "offline": false,
        "self": false,
        "sameContents": true,
        "sameFrame": true,
        "detached": true,
        "sender": {
          "id": 1,
          "detached": true,
          "destroyed": false,
          "url": "file:///Users/friday/.hermes/profiles/friday/cache/scratch/T17-real-electron-jG80Bb/.vite/build/offline.html?error=server",
          "processId": 5,
          "routingId": 1
        },
        "current": {
          "id": 1,
          "detached": true,
          "destroyed": false,
          "url": "file:///Users/friday/.hermes/profiles/friday/cache/scratch/T17-real-electron-jG80Bb/.vite/build/offline.html?error=server",
          "processId": 5,
          "routingId": 1
        }
      },
      {
        "byIdSame": true,
        "byTokenSame": true,
        "byId": {
          "id": 1,
          "detached": true,
          "destroyed": false,
          "url": "file:///Users/friday/.hermes/profiles/friday/cache/scratch/T17-real-electron-jG80Bb/.vite/build/offline.html?error=server",
          "processId": 5,
          "routingId": 1
        },
        "byToken": {
          "id": 1,
          "detached": true,
          "destroyed": false,
          "url": "file:///Users/friday/.hermes/profiles/friday/cache/scratch/T17-real-electron-jG80Bb/.vite/build/offline.html?error=server",
          "processId": 5,
          "routingId": 1
        },
        "hosted": false,
        "offline": false,
        "self": false,
        "sameContents": true,
        "sameFrame": true,
        "detached": true,
        "sender": {
          "id": 1,
          "detached": true,
          "destroyed": false,
          "url": "file:///Users/friday/.hermes/profiles/friday/cache/scratch/T17-real-electron-jG80Bb/.vite/build/offline.html?error=server",
          "processId": 5,
          "routingId": 1
        },
        "current": {
          "id": 1,
          "detached": true,
          "destroyed": false,
          "url": "file:///Users/friday/.hermes/profiles/friday/cache/scratch/T17-real-electron-jG80Bb/.vite/build/offline.html?error=server",
          "processId": 5,
          "routingId": 1
        }
      },
      {
        "byIdSame": true,
        "byTokenSame": true,
        "byId": {
          "id": 1,
          "detached": true,
          "destroyed": false,
          "url": "file:///Users/friday/.hermes/profiles/friday/cache/scratch/T17-real-electron-jG80Bb/.vite/build/offline.html?error=server",
          "processId": 5,
          "routingId": 1
        },
        "byToken": {
          "id": 1,
          "detached": true,
          "destroyed": false,
          "url": "file:///Users/friday/.hermes/profiles/friday/cache/scratch/T17-real-electron-jG80Bb/.vite/build/offline.html?error=server",
          "processId": 5,
          "routingId": 1
        },
        "hosted": false,
        "offline": false,
        "self": false,
        "sameContents": true,
        "sameFrame": true,
        "detached": true,
        "sender": {
          "id": 1,
          "detached": true,
          "destroyed": false,
          "url": "file:///Users/friday/.hermes/profiles/friday/cache/scratch/T17-real-electron-jG80Bb/.vite/build/offline.html?error=server",
          "processId": 5,
          "routingId": 1
        },
        "current": {
          "id": 1,
          "detached": true,
          "destroyed": false,
          "url": "file:///Users/friday/.hermes/profiles/friday/cache/scratch/T17-real-electron-jG80Bb/.vite/build/offline.html?error=server",
          "processId": 5,
          "routingId": 1
        }
      },
      {
        "byIdSame": true,
        "byTokenSame": true,
        "byId": {
          "id": 1,
          "detached": true,
          "destroyed": false,
          "url": "file:///Users/friday/.hermes/profiles/friday/cache/scratch/T17-real-electron-jG80Bb/.vite/build/offline.html?error=server",
          "processId": 5,
          "routingId": 1
        },
        "byToken": {
          "id": 1,
          "detached": true,
          "destroyed": false,
          "url": "file:///Users/friday/.hermes/profiles/friday/cache/scratch/T17-real-electron-jG80Bb/.vite/build/offline.html?error=server",
          "processId": 5,
          "routingId": 1
        },
        "hosted": false,
        "offline": false,
        "self": false,
        "sameContents": true,
        "sameFrame": true,
        "detached": true,
        "sender": {
          "id": 1,
          "detached": true,
          "destroyed": false,
          "url": "file:///Users/friday/.hermes/profiles/friday/cache/scratch/T17-real-electron-jG80Bb/.vite/build/offline.html?error=server",
          "processId": 5,
          "routingId": 1
        },
        "current": {
          "id": 1,
          "detached": true,
          "destroyed": false,
          "url": "file:///Users/friday/.hermes/profiles/friday/cache/scratch/T17-real-electron-jG80Bb/.vite/build/offline.html?error=server",
          "processId": 5,
          "routingId": 1
        }
      }
    ],
    "frameStates": [
      {
        "event": "did-start-navigation",
        "frame": {
          "id": 1,
          "detached": false,
          "destroyed": false,
          "url": "",
          "processId": 4,
          "routingId": 1
        }
      },
      {
        "event": "did-navigate",
        "frame": {
          "id": 1,
          "detached": false,
          "destroyed": false,
          "url": "http://127.0.0.1:49206/app?configured=1",
          "processId": 4,
          "routingId": 1
        }
      },
      {
        "event": "dom-ready",
        "frame": {
          "id": 1,
          "detached": false,
          "destroyed": false,
          "url": "http://127.0.0.1:49206/app?configured=1",
          "processId": 4,
          "routingId": 1
        }
      },
      {
        "event": "did-finish-load",
        "frame": {
          "id": 1,
          "detached": false,
          "destroyed": false,
          "url": "http://127.0.0.1:49206/app?configured=1",
          "processId": 4,
          "routingId": 1
        }
      },
      {
        "event": "did-start-navigation",
        "frame": {
          "id": 1,
          "detached": true,
          "destroyed": false,
          "url": "",
          "processId": 5,
          "routingId": 1
        }
      },
      {
        "event": "render-process-gone",
        "frame": {
          "id": 1,
          "detached": true,
          "destroyed": false,
          "url": "",
          "processId": 5,
          "routingId": 1
        }
      },
      {
        "event": "did-navigate",
        "frame": {
          "id": 1,
          "detached": true,
          "destroyed": false,
          "url": "file:///Users/friday/.hermes/profiles/friday/cache/scratch/T17-real-electron-jG80Bb/.vite/build/offline.html?error=server",
          "processId": 5,
          "routingId": 1
        }
      },
      {
        "event": "dom-ready",
        "frame": {
          "id": 1,
          "detached": true,
          "destroyed": false,
          "url": "file:///Users/friday/.hermes/profiles/friday/cache/scratch/T17-real-electron-jG80Bb/.vite/build/offline.html?error=server",
          "processId": 5,
          "routingId": 1
        }
      },
      {
        "event": "did-finish-load",
        "frame": {
          "id": 1,
          "detached": true,
          "destroyed": false,
          "url": "file:///Users/friday/.hermes/profiles/friday/cache/scratch/T17-real-electron-jG80Bb/.vite/build/offline.html?error=server",
          "processId": 5,
          "routingId": 1
        }
      }
    ],
    "consoleMessages": [],
    "failures": [],
    "requests": [
      "http://127.0.0.1:49206/app?configured=1",
      "file:///Users/friday/.hermes/profiles/friday/cache/scratch/T17-real-electron-jG80Bb/.vite/build/offline.html?error=server"
    ],
    "captions": {
      "minimise": 1,
      "maximise": 2,
      "close": 1
    },
    "events": [
      "renderer:killed"
    ],
    "url": "file:///Users/friday/.hermes/profiles/friday/cache/scratch/T17-real-electron-jG80Bb/.vite/build/offline.html?error=server"
  }
}
AUTHORIZATION {"scenario":"cdp-only","mode":"win32","byIdSame":true,"byTokenSame":true,"byId":{"id":1,"detached":false,"destroyed":false,"url":"file:///Users/friday/.hermes/profiles/friday/cache/scratch/T17-real-electron-jG80Bb/.vite/build/offline.html?error=offline","processId":6,"routingId":4},"byToken":{"id":1,"detached":false,"destroyed":false,"url":"file:///Users/friday/.hermes/profiles/friday/cache/scratch/T17-real-electron-jG80Bb/.vite/build/offline.html?error=offline","processId":6,"routingId":4},"hosted":false,"offline":true,"self":true,"sameContents":true,"sameFrame":true,"detached":false,"sender":{"id":1,"detached":false,"destroyed":false,"url":"file:///Users/friday/.hermes/profiles/friday/cache/scratch/T17-real-electron-jG80Bb/.vite/build/offline.html?error=offline","processId":6,"routingId":4},"current":{"id":1,"detached":false,"destroyed":false,"url":"file:///Users/friday/.hermes/profiles/friday/cache/scratch/T17-real-electron-jG80Bb/.vite/build/offline.html?error=offline","processId":6,"routingId":4}}
AUTHORIZATION {"scenario":"cdp-only","mode":"win32","byIdSame":true,"byTokenSame":true,"byId":{"id":1,"detached":false,"destroyed":false,"url":"file:///Users/friday/.hermes/profiles/friday/cache/scratch/T17-real-electron-jG80Bb/.vite/build/offline.html?error=offline","processId":6,"routingId":4},"byToken":{"id":1,"detached":false,"destroyed":false,"url":"file:///Users/friday/.hermes/profiles/friday/cache/scratch/T17-real-electron-jG80Bb/.vite/build/offline.html?error=offline","processId":6,"routingId":4},"hosted":false,"offline":true,"self":true,"sameContents":true,"sameFrame":true,"detached":false,"sender":{"id":1,"detached":false,"destroyed":false,"url":"file:///Users/friday/.hermes/profiles/friday/cache/scratch/T17-real-electron-jG80Bb/.vite/build/offline.html?error=offline","processId":6,"routingId":4},"current":{"id":1,"detached":false,"destroyed":false,"url":"file:///Users/friday/.hermes/profiles/friday/cache/scratch/T17-real-electron-jG80Bb/.vite/build/offline.html?error=offline","processId":6,"routingId":4}}
AUTHORIZATION {"scenario":"cdp-only","mode":"win32","byIdSame":true,"byTokenSame":true,"byId":{"id":1,"detached":false,"destroyed":false,"url":"file:///Users/friday/.hermes/profiles/friday/cache/scratch/T17-real-electron-jG80Bb/.vite/build/offline.html?error=offline","processId":6,"routingId":4},"byToken":{"id":1,"detached":false,"destroyed":false,"url":"file:///Users/friday/.hermes/profiles/friday/cache/scratch/T17-real-electron-jG80Bb/.vite/build/offline.html?error=offline","processId":6,"routingId":4},"hosted":false,"offline":true,"self":true,"sameContents":true,"sameFrame":true,"detached":false,"sender":{"id":1,"detached":false,"destroyed":false,"url":"file:///Users/friday/.hermes/profiles/friday/cache/scratch/T17-real-electron-jG80Bb/.vite/build/offline.html?error=offline","processId":6,"routingId":4},"current":{"id":1,"detached":false,"destroyed":false,"url":"file:///Users/friday/.hermes/profiles/friday/cache/scratch/T17-real-electron-jG80Bb/.vite/build/offline.html?error=offline","processId":6,"routingId":4}}
AUTHORIZATION {"scenario":"cdp-only","mode":"win32","byIdSame":true,"byTokenSame":true,"byId":{"id":1,"detached":false,"destroyed":false,"url":"file:///Users/friday/.hermes/profiles/friday/cache/scratch/T17-real-electron-jG80Bb/.vite/build/offline.html?error=offline","processId":6,"routingId":4},"byToken":{"id":1,"detached":false,"destroyed":false,"url":"file:///Users/friday/.hermes/profiles/friday/cache/scratch/T17-real-electron-jG80Bb/.vite/build/offline.html?error=offline","processId":6,"routingId":4},"hosted":false,"offline":true,"self":true,"sameContents":true,"sameFrame":true,"detached":false,"sender":{"id":1,"detached":false,"destroyed":false,"url":"file:///Users/friday/.hermes/profiles/friday/cache/scratch/T17-real-electron-jG80Bb/.vite/build/offline.html?error=offline","processId":6,"routingId":4},"current":{"id":1,"detached":false,"destroyed":false,"url":"file:///Users/friday/.hermes/profiles/friday/cache/scratch/T17-real-electron-jG80Bb/.vite/build/offline.html?error=offline","processId":6,"routingId":4}}

(node:51905) electron: Failed to load URL: http://127.0.0.1:49206/app?configured=1 with error: ERR_INTERNET_DISCONNECTED
(Use `Electron --trace-warnings ...` to show where the warning was created)
(electron) 'console-message' arguments are deprecated and will be removed. Please use Event<WebContentsConsoleMessageEventParams> object instead.

{
  "mode": "win32",
  "scenario": "cdp-only",
  "exit": 0,
  "emittedSHA256": "33aba3c676f65b56a45ffcc3dde2a16c75846636717ca280087940f00c0ed712",
  "receipt": {
    "passed": true,
    "scenario": "cdp-only",
    "port": 49206,
    "authorization": [
      {
        "byIdSame": true,
        "byTokenSame": true,
        "byId": {
          "id": 1,
          "detached": false,
          "destroyed": false,
          "url": "file:///Users/friday/.hermes/profiles/friday/cache/scratch/T17-real-electron-jG80Bb/.vite/build/offline.html?error=offline",
          "processId": 6,
          "routingId": 4
        },
        "byToken": {
          "id": 1,
          "detached": false,
          "destroyed": false,
          "url": "file:///Users/friday/.hermes/profiles/friday/cache/scratch/T17-real-electron-jG80Bb/.vite/build/offline.html?error=offline",
          "processId": 6,
          "routingId": 4
        },
        "hosted": false,
        "offline": true,
        "self": true,
        "sameContents": true,
        "sameFrame": true,
        "detached": false,
        "sender": {
          "id": 1,
          "detached": false,
          "destroyed": false,
          "url": "file:///Users/friday/.hermes/profiles/friday/cache/scratch/T17-real-electron-jG80Bb/.vite/build/offline.html?error=offline",
          "processId": 6,
          "routingId": 4
        },
        "current": {
          "id": 1,
          "detached": false,
          "destroyed": false,
          "url": "file:///Users/friday/.hermes/profiles/friday/cache/scratch/T17-real-electron-jG80Bb/.vite/build/offline.html?error=offline",
          "processId": 6,
          "routingId": 4
        }
      },
      {
        "byIdSame": true,
        "byTokenSame": true,
        "byId": {
          "id": 1,
          "detached": false,
          "destroyed": false,
          "url": "file:///Users/friday/.hermes/profiles/friday/cache/scratch/T17-real-electron-jG80Bb/.vite/build/offline.html?error=offline",
          "processId": 6,
          "routingId": 4
        },
        "byToken": {
          "id": 1,
          "detached": false,
          "destroyed": false,
          "url": "file:///Users/friday/.hermes/profiles/friday/cache/scratch/T17-real-electron-jG80Bb/.vite/build/offline.html?error=offline",
          "processId": 6,
          "routingId": 4
        },
        "hosted": false,
        "offline": true,
        "self": true,
        "sameContents": true,
        "sameFrame": true,
        "detached": false,
        "sender": {
          "id": 1,
          "detached": false,
          "destroyed": false,
          "url": "file:///Users/friday/.hermes/profiles/friday/cache/scratch/T17-real-electron-jG80Bb/.vite/build/offline.html?error=offline",
          "processId": 6,
          "routingId": 4
        },
        "current": {
          "id": 1,
          "detached": false,
          "destroyed": false,
          "url": "file:///Users/friday/.hermes/profiles/friday/cache/scratch/T17-real-electron-jG80Bb/.vite/build/offline.html?error=offline",
          "processId": 6,
          "routingId": 4
        }
      },
      {
        "byIdSame": true,
        "byTokenSame": true,
        "byId": {
          "id": 1,
          "detached": false,
          "destroyed": false,
          "url": "file:///Users/friday/.hermes/profiles/friday/cache/scratch/T17-real-electron-jG80Bb/.vite/build/offline.html?error=offline",
          "processId": 6,
          "routingId": 4
        },
        "byToken": {
          "id": 1,
          "detached": false,
          "destroyed": false,
          "url": "file:///Users/friday/.hermes/profiles/friday/cache/scratch/T17-real-electron-jG80Bb/.vite/build/offline.html?error=offline",
          "processId": 6,
          "routingId": 4
        },
        "hosted": false,
        "offline": true,
        "self": true,
        "sameContents": true,
        "sameFrame": true,
        "detached": false,
        "sender": {
          "id": 1,
          "detached": false,
          "destroyed": false,
          "url": "file:///Users/friday/.hermes/profiles/friday/cache/scratch/T17-real-electron-jG80Bb/.vite/build/offline.html?error=offline",
          "processId": 6,
          "routingId": 4
        },
        "current": {
          "id": 1,
          "detached": false,
          "destroyed": false,
          "url": "file:///Users/friday/.hermes/profiles/friday/cache/scratch/T17-real-electron-jG80Bb/.vite/build/offline.html?error=offline",
          "processId": 6,
          "routingId": 4
        }
      },
      {
        "byIdSame": true,
        "byTokenSame": true,
        "byId": {
          "id": 1,
          "detached": false,
          "destroyed": false,
          "url": "file:///Users/friday/.hermes/profiles/friday/cache/scratch/T17-real-electron-jG80Bb/.vite/build/offline.html?error=offline",
          "processId": 6,
          "routingId": 4
        },
        "byToken": {
          "id": 1,
          "detached": false,
          "destroyed": false,
          "url": "file:///Users/friday/.hermes/profiles/friday/cache/scratch/T17-real-electron-jG80Bb/.vite/build/offline.html?error=offline",
          "processId": 6,
          "routingId": 4
        },
        "hosted": false,
        "offline": true,
        "self": true,
        "sameContents": true,
        "sameFrame": true,
        "detached": false,
        "sender": {
          "id": 1,
          "detached": false,
          "destroyed": false,
          "url": "file:///Users/friday/.hermes/profiles/friday/cache/scratch/T17-real-electron-jG80Bb/.vite/build/offline.html?error=offline",
          "processId": 6,
          "routingId": 4
        },
        "current": {
          "id": 1,
          "detached": false,
          "destroyed": false,
          "url": "file:///Users/friday/.hermes/profiles/friday/cache/scratch/T17-real-electron-jG80Bb/.vite/build/offline.html?error=offline",
          "processId": 6,
          "routingId": 4
        }
      }
    ],
    "frameStates": [
      {
        "event": "did-start-navigation",
        "frame": {
          "id": 1,
          "detached": false,
          "destroyed": false,
          "url": "",
          "processId": 4,
          "routingId": 1
        }
      },
      {
        "event": "did-navigate",
        "frame": {
          "id": 1,
          "detached": false,
          "destroyed": false,
          "url": "http://127.0.0.1:49206/app?configured=1",
          "processId": 4,
          "routingId": 1
        }
      },
      {
        "event": "dom-ready",
        "frame": {
          "id": 1,
          "detached": false,
          "destroyed": false,
          "url": "http://127.0.0.1:49206/app?configured=1",
          "processId": 4,
          "routingId": 1
        }
      },
      {
        "event": "did-finish-load",
        "frame": {
          "id": 1,
          "detached": false,
          "destroyed": false,
          "url": "http://127.0.0.1:49206/app?configured=1",
          "processId": 4,
          "routingId": 1
        }
      },
      {
        "event": "did-start-navigation",
        "frame": {
          "id": 1,
          "detached": false,
          "destroyed": false,
          "url": "http://127.0.0.1:49206/app?configured=1",
          "processId": 4,
          "routingId": 1
        }
      },
      {
        "event": "did-start-navigation",
        "frame": {
          "id": 1,
          "detached": false,
          "destroyed": false,
          "url": "http://127.0.0.1:49206/app?configured=1",
          "processId": 5,
          "routingId": 4
        }
      },
      {
        "event": "dom-ready",
        "frame": {
          "id": 1,
          "detached": false,
          "destroyed": false,
          "url": "http://127.0.0.1:49206/app?configured=1",
          "processId": 5,
          "routingId": 4
        }
      },
      {
        "event": "did-finish-load",
        "frame": {
          "id": 1,
          "detached": false,
          "destroyed": false,
          "url": "http://127.0.0.1:49206/app?configured=1",
          "processId": 5,
          "routingId": 4
        }
      },
      {
        "event": "did-navigate",
        "frame": {
          "id": 1,
          "detached": false,
          "destroyed": false,
          "url": "file:///Users/friday/.hermes/profiles/friday/cache/scratch/T17-real-electron-jG80Bb/.vite/build/offline.html?error=offline",
          "processId": 6,
          "routingId": 4
        }
      },
      {
        "event": "dom-ready",
        "frame": {
          "id": 1,
          "detached": false,
          "destroyed": false,
          "url": "file:///Users/friday/.hermes/profiles/friday/cache/scratch/T17-real-electron-jG80Bb/.vite/build/offline.html?error=offline",
          "processId": 6,
          "routingId": 4
        }
      },
      {
        "event": "did-finish-load",
        "frame": {
          "id": 1,
          "detached": false,
          "destroyed": false,
          "url": "file:///Users/friday/.hermes/profiles/friday/cache/scratch/T17-real-electron-jG80Bb/.vite/build/offline.html?error=offline",
          "processId": 6,
          "routingId": 4
        }
      }
    ],
    "electron": "38.1.2",
    "host": "darwin",
    "presentation": "win32",
    "finalPage": {
      "title": "Mutiny — Connection interrupted",
      "error": "Offline",
      "heading": "Connection interrupted",
      "captionsHidden": false,
      "platform": "win32",
      "width": 900,
      "height": 600,
      "scrollWidth": 900,
      "bodyWidth": 900,
      "background": "rgb(35, 32, 47)",
      "controls": [
        {
          "id": "minimise",
          "width": 48,
          "height": 44
        },
        {
          "id": "maximise",
          "width": 48,
          "height": 44
        },
        {
          "id": "close",
          "width": 48,
          "height": 44
        },
        {
          "id": "retry",
          "width": 120,
          "height": 44
        }
      ]
    },
    "hits": 1,
    "captions": {
      "minimise": 1,
      "maximise": 2,
      "close": 1
    },
    "events": [
      "maximize",
      "unmaximize",
      "minimize",
      "restore",
      "close",
      "closed"
    ],
    "requests": [
      "http://127.0.0.1:49206/app?configured=1",
      "http://127.0.0.1:49206/app?configured=1",
      "file:///Users/friday/.hermes/profiles/friday/cache/scratch/T17-real-electron-jG80Bb/.vite/build/offline.html?error=offline"
    ],
    "consoleMessages": [
      {
        "level": 2,
        "message": "%cElectron Security Warning (Insecure Content-Security-Policy) font-weight: bold; This renderer process has either no Content Security\n  Policy set or a policy with \"unsafe-eval\" enabled. This exposes users of\n  this app to unnecessary security risks.\n\nFor more information and help, consult\nhttps://electronjs.org/docs/tutorial/security.\nThis warning will not show up\nonce the app is packaged."
      }
    ],
    "failures": [
      {
        "code": -106,
        "description": "ERR_INTERNET_DISCONNECTED",
        "url": "http://127.0.0.1:49206/app?configured=1",
        "main": true
      }
    ],
    "emittedBytes": 4933,
    "emittedFile": "/Users/friday/.hermes/profiles/friday/cache/scratch/T17-real-electron-jG80Bb/.vite/build/offline.html",
    "scope": "Isolated Electron harness only. Windows presentation simulated on macOS; not installed Windows/Linux runtime acceptance."
  }
}
AUTHORIZATION {"scenario":"full-v3","mode":"win32","byIdSame":true,"byTokenSame":true,"byId":{"id":1,"detached":true,"destroyed":false,"url":"file:///Users/friday/.hermes/profiles/friday/cache/scratch/T17-real-electron-jG80Bb/.vite/build/offline.html?error=offline","processId":9,"routingId":9},"byToken":{"id":1,"detached":true,"destroyed":false,"url":"file:///Users/friday/.hermes/profiles/friday/cache/scratch/T17-real-electron-jG80Bb/.vite/build/offline.html?error=offline","processId":9,"routingId":9},"hosted":false,"offline":false,"self":false,"sameContents":true,"sameFrame":true,"detached":true,"sender":{"id":1,"detached":true,"destroyed":false,"url":"file:///Users/friday/.hermes/profiles/friday/cache/scratch/T17-real-electron-jG80Bb/.vite/build/offline.html?error=offline","processId":9,"routingId":9},"current":{"id":1,"detached":true,"destroyed":false,"url":"file:///Users/friday/.hermes/profiles/friday/cache/scratch/T17-real-electron-jG80Bb/.vite/build/offline.html?error=offline","processId":9,"routingId":9}}
AUTHORIZATION {"scenario":"full-v3","mode":"win32","byIdSame":true,"byTokenSame":true,"byId":{"id":1,"detached":true,"destroyed":false,"url":"file:///Users/friday/.hermes/profiles/friday/cache/scratch/T17-real-electron-jG80Bb/.vite/build/offline.html?error=offline","processId":9,"routingId":9},"byToken":{"id":1,"detached":true,"destroyed":false,"url":"file:///Users/friday/.hermes/profiles/friday/cache/scratch/T17-real-electron-jG80Bb/.vite/build/offline.html?error=offline","processId":9,"routingId":9},"hosted":false,"offline":false,"self":false,"sameContents":true,"sameFrame":true,"detached":true,"sender":{"id":1,"detached":true,"destroyed":false,"url":"file:///Users/friday/.hermes/profiles/friday/cache/scratch/T17-real-electron-jG80Bb/.vite/build/offline.html?error=offline","processId":9,"routingId":9},"current":{"id":1,"detached":true,"destroyed":false,"url":"file:///Users/friday/.hermes/profiles/friday/cache/scratch/T17-real-electron-jG80Bb/.vite/build/offline.html?error=offline","processId":9,"routingId":9}}
AUTHORIZATION {"scenario":"full-v3","mode":"win32","byIdSame":true,"byTokenSame":true,"byId":{"id":1,"detached":true,"destroyed":false,"url":"file:///Users/friday/.hermes/profiles/friday/cache/scratch/T17-real-electron-jG80Bb/.vite/build/offline.html?error=offline","processId":9,"routingId":9},"byToken":{"id":1,"detached":true,"destroyed":false,"url":"file:///Users/friday/.hermes/profiles/friday/cache/scratch/T17-real-electron-jG80Bb/.vite/build/offline.html?error=offline","processId":9,"routingId":9},"hosted":false,"offline":false,"self":false,"sameContents":true,"sameFrame":true,"detached":true,"sender":{"id":1,"detached":true,"destroyed":false,"url":"file:///Users/friday/.hermes/profiles/friday/cache/scratch/T17-real-electron-jG80Bb/.vite/build/offline.html?error=offline","processId":9,"routingId":9},"current":{"id":1,"detached":true,"destroyed":false,"url":"file:///Users/friday/.hermes/profiles/friday/cache/scratch/T17-real-electron-jG80Bb/.vite/build/offline.html?error=offline","processId":9,"routingId":9}}
AUTHORIZATION {"scenario":"full-v3","mode":"win32","byIdSame":true,"byTokenSame":true,"byId":{"id":1,"detached":true,"destroyed":false,"url":"file:///Users/friday/.hermes/profiles/friday/cache/scratch/T17-real-electron-jG80Bb/.vite/build/offline.html?error=offline","processId":9,"routingId":9},"byToken":{"id":1,"detached":true,"destroyed":false,"url":"file:///Users/friday/.hermes/profiles/friday/cache/scratch/T17-real-electron-jG80Bb/.vite/build/offline.html?error=offline","processId":9,"routingId":9},"hosted":false,"offline":false,"self":false,"sameContents":true,"sameFrame":true,"detached":true,"sender":{"id":1,"detached":true,"destroyed":false,"url":"file:///Users/friday/.hermes/profiles/friday/cache/scratch/T17-real-electron-jG80Bb/.vite/build/offline.html?error=offline","processId":9,"routingId":9},"current":{"id":1,"detached":true,"destroyed":false,"url":"file:///Users/friday/.hermes/profiles/friday/cache/scratch/T17-real-electron-jG80Bb/.vite/build/offline.html?error=offline","processId":9,"routingId":9}}

(node:51911) electron: Failed to load URL: http://127.0.0.1:49206/app?configured=1 with error: ERR_INTERNET_DISCONNECTED
(Use `Electron --trace-warnings ...` to show where the warning was created)
AssertionError [ERR_ASSERTION]: all native caption actions must work on the fallback
+ actual - expected

+ [
+   'maximise: AssertionError [ERR_ASSERTION]: maximise sender must be authorized before native action',
+   'maximise: AssertionError [ERR_ASSERTION]: maximise sender must be authorized before native action',
+   'minimise: AssertionError [ERR_ASSERTION]: minimise sender must be authorized before native action',
+   'close: AssertionError [ERR_ASSERTION]: close sender must be authorized before native action'
+ ]
- []

    at ke (/Users/friday/.hermes/profiles/friday/cache/scratch/T17-real-electron-jG80Bb/.vite/build/electron-runtime-entry.js:1:11042) {
  generatedMessage: false,
  code: 'ERR_ASSERTION',
  actual: [Array],
  expected: [],
  operator: 'deepStrictEqual',
  diff: 'simple'
}
{
  "passed": false,
  "scenario": "full-v3",
  "port": 49206,
  "authorization": [
    {
      "byIdSame": true,
      "byTokenSame": true,
      "byId": {
        "id": 1,
        "detached": true,
        "destroyed": false,
        "url": "file:///Users/friday/.hermes/profiles/friday/cache/scratch/T17-real-electron-jG80Bb/.vite/build/offline.html?error=offline",
        "processId": 9,
        "routingId": 9
      },
      "byToken": {
        "id": 1,
        "detached": true,
        "destroyed": false,
        "url": "file:///Users/friday/.hermes/profiles/friday/cache/scratch/T17-real-electron-jG80Bb/.vite/build/offline.html?error=offline",
        "processId": 9,
        "routingId": 9
      },
      "hosted": false,
      "offline": false,
      "self": false,
      "sameContents": true,
      "sameFrame": true,
      "detached": true,
      "sender": {
        "id": 1,
        "detached": true,
        "destroyed": false,
        "url": "file:///Users/friday/.hermes/profiles/friday/cache/scratch/T17-real-electron-jG80Bb/.vite/build/offline.html?error=offline",
        "processId": 9,
        "routingId": 9
      },
      "current": {
        "id": 1,
        "detached": true,
        "destroyed": false,
        "url": "file:///Users/friday/.hermes/profiles/friday/cache/scratch/T17-real-electron-jG80Bb/.vite/build/offline.html?error=offline",
        "processId": 9,
        "routingId": 9
      }
    },
    {
      "byIdSame": true,
      "byTokenSame": true,
      "byId": {
        "id": 1,
        "detached": true,
        "destroyed": false,
        "url": "file:///Users/friday/.hermes/profiles/friday/cache/scratch/T17-real-electron-jG80Bb/.vite/build/offline.html?error=offline",
        "processId": 9,
        "routingId": 9
      },
      "byToken": {
        "id": 1,
        "detached": true,
        "destroyed": false,
        "url": "file:///Users/friday/.hermes/profiles/friday/cache/scratch/T17-real-electron-jG80Bb/.vite/build/offline.html?error=offline",
        "processId": 9,
        "routingId": 9
      },
      "hosted": false,
      "offline": false,
      "self": false,
      "sameContents": true,
      "sameFrame": true,
      "detached": true,
      "sender": {
        "id": 1,
        "detached": true,
        "destroyed": false,
        "url": "file:///Users/friday/.hermes/profiles/friday/cache/scratch/T17-real-electron-jG80Bb/.vite/build/offline.html?error=offline",
        "processId": 9,
        "routingId": 9
      },
      "current": {
        "id": 1,
        "detached": true,
        "destroyed": false,
        "url": "file:///Users/friday/.hermes/profiles/friday/cache/scratch/T17-real-electron-jG80Bb/.vite/build/offline.html?error=offline",
        "processId": 9,
        "routingId": 9
      }
    },
    {
      "byIdSame": true,
      "byTokenSame": true,
      "byId": {
        "id": 1,
        "detached": true,
        "destroyed": false,
        "url": "file:///Users/friday/.hermes/profiles/friday/cache/scratch/T17-real-electron-jG80Bb/.vite/build/offline.html?error=offline",
        "processId": 9,
        "routingId": 9
      },
      "byToken": {
        "id": 1,
        "detached": true,
        "destroyed": false,
        "url": "file:///Users/friday/.hermes/profiles/friday/cache/scratch/T17-real-electron-jG80Bb/.vite/build/offline.html?error=offline",
        "processId": 9,
        "routingId": 9
      },
      "hosted": false,
      "offline": false,
      "self": false,
      "sameContents": true,
      "sameFrame": true,
      "detached": true,
      "sender": {
        "id": 1,
        "detached": true,
        "destroyed": false,
        "url": "file:///Users/friday/.hermes/profiles/friday/cache/scratch/T17-real-electron-jG80Bb/.vite/build/offline.html?error=offline",
        "processId": 9,
        "routingId": 9
      },
      "current": {
        "id": 1,
        "detached": true,
        "destroyed": false,
        "url": "file:///Users/friday/.hermes/profiles/friday/cache/scratch/T17-real-electron-jG80Bb/.vite/build/offline.html?error=offline",
        "processId": 9,
        "routingId": 9
      }
    },
    {
      "byIdSame": true,
      "byTokenSame": true,
      "byId": {
        "id": 1,
        "detached": true,
        "destroyed": false,
        "url": "file:///Users/friday/.hermes/profiles/friday/cache/scratch/T17-real-electron-jG80Bb/.vite/build/offline.html?error=offline",
        "processId": 9,
        "routingId": 9
      },
      "byToken": {
        "id": 1,
        "detached": true,
        "destroyed": false,
        "url": "file:///Users/friday/.hermes/profiles/friday/cache/scratch/T17-real-electron-jG80Bb/.vite/build/offline.html?error=offline",
        "processId": 9,
        "routingId": 9
      },
      "hosted": false,
      "offline": false,
      "self": false,
      "sameContents": true,
      "sameFrame": true,
      "detached": true,
      "sender": {
        "id": 1,
        "detached": true,
        "destroyed": false,
        "url": "file:///Users/friday/.hermes/profiles/friday/cache/scratch/T17-real-electron-jG80Bb/.vite/build/offline.html?error=offline",
        "processId": 9,
        "routingId": 9
      },
      "current": {
        "id": 1,
        "detached": true,
        "destroyed": false,
        "url": "file:///Users/friday/.hermes/profiles/friday/cache/scratch/T17-real-electron-jG80Bb/.vite/build/offline.html?error=offline",
        "processId": 9,
        "routingId": 9
      }
    }
  ],
  "frameStates": [
    {
      "event": "did-start-navigation",
      "frame": {
        "id": 1,
        "detached": false,
        "destroyed": false,
        "url": "",
        "processId": 4,
        "routingId": 1
      }
    },
    {
      "event": "did-navigate",
      "frame": {
        "id": 1,
        "detached": false,
        "destroyed": false,
        "url": "http://127.0.0.1:49206/app?configured=1",
        "processId": 4,
        "routingId": 1
      }
    },
    {
      "event": "did-start-navigation",
      "frame": {
        "id": 1,
        "detached": false,
        "destroyed": false,
        "url": "http://127.0.0.1:49206/app?configured=1",
        "processId": 4,
        "routingId": 1
      }
    },
    {
      "event": "dom-ready",
      "frame": {
        "id": 1,
        "detached": false,
        "destroyed": false,
        "url": "http://127.0.0.1:49206/app?configured=1",
        "processId": 4,
        "routingId": 1
      }
    },
    {
      "event": "did-finish-load",
      "frame": {
        "id": 1,
        "detached": false,
        "destroyed": false,
        "url": "http://127.0.0.1:49206/app?configured=1",
        "processId": 4,
        "routingId": 1
      }
    },
    {
      "event": "did-navigate",
      "frame": {
        "id": 1,
        "detached": false,
        "destroyed": false,
        "url": "file:///Users/friday/.hermes/profiles/friday/cache/scratch/T17-real-electron-jG80Bb/.vite/build/offline.html?error=server",
        "processId": 5,
        "routingId": 4
      }
    },
    {
      "event": "dom-ready",
      "frame": {
        "id": 1,
        "detached": false,
        "destroyed": false,
        "url": "file:///Users/friday/.hermes/profiles/friday/cache/scratch/T17-real-electron-jG80Bb/.vite/build/offline.html?error=server",
        "processId": 5,
        "routingId": 4
      }
    },
    {
      "event": "did-finish-load",
      "frame": {
        "id": 1,
        "detached": false,
        "destroyed": false,
        "url": "file:///Users/friday/.hermes/profiles/friday/cache/scratch/T17-real-electron-jG80Bb/.vite/build/offline.html?error=server",
        "processId": 5,
        "routingId": 4
      }
    },
    {
      "event": "did-start-navigation",
      "frame": {
        "id": 1,
        "detached": false,
        "destroyed": false,
        "url": "file:///Users/friday/.hermes/profiles/friday/cache/scratch/T17-real-electron-jG80Bb/.vite/build/offline.html?error=server",
        "processId": 5,
        "routingId": 4
      }
    },
    {
      "event": "did-navigate",
      "frame": {
        "id": 1,
        "detached": false,
        "destroyed": false,
        "url": "http://127.0.0.1:49206/app?configured=1",
        "processId": 6,
        "routingId": 4
      }
    },
    {
      "event": "did-start-navigation",
      "frame": {
        "id": 1,
        "detached": false,
        "destroyed": false,
        "url": "http://127.0.0.1:49206/app?configured=1",
        "processId": 6,
        "routingId": 4
      }
    },
    {
      "event": "dom-ready",
      "frame": {
        "id": 1,
        "detached": false,
        "destroyed": false,
        "url": "http://127.0.0.1:49206/app?configured=1",
        "processId": 6,
        "routingId": 4
      }
    },
    {
      "event": "did-finish-load",
      "frame": {
        "id": 1,
        "detached": false,
        "destroyed": false,
        "url": "http://127.0.0.1:49206/app?configured=1",
        "processId": 6,
        "routingId": 4
      }
    },
    {
      "event": "did-navigate",
      "frame": {
        "id": 1,
        "detached": false,
        "destroyed": false,
        "url": "file:///Users/friday/.hermes/profiles/friday/cache/scratch/T17-real-electron-jG80Bb/.vite/build/offline.html?error=server",
        "processId": 7,
        "routingId": 4
      }
    },
    {
      "event": "dom-ready",
      "frame": {
        "id": 1,
        "detached": false,
        "destroyed": false,
        "url": "file:///Users/friday/.hermes/profiles/friday/cache/scratch/T17-real-electron-jG80Bb/.vite/build/offline.html?error=server",
        "processId": 7,
        "routingId": 4
      }
    },
    {
      "event": "did-finish-load",
      "frame": {
        "id": 1,
        "detached": false,
        "destroyed": false,
        "url": "file:///Users/friday/.hermes/profiles/friday/cache/scratch/T17-real-electron-jG80Bb/.vite/build/offline.html?error=server",
        "processId": 7,
        "routingId": 4
      }
    },
    {
      "event": "did-start-navigation",
      "frame": {
        "id": 1,
        "detached": false,
        "destroyed": false,
        "url": "file:///Users/friday/.hermes/profiles/friday/cache/scratch/T17-real-electron-jG80Bb/.vite/build/offline.html?error=server",
        "processId": 7,
        "routingId": 4
      }
    },
    {
      "event": "did-start-navigation",
      "frame": {
        "id": 1,
        "detached": false,
        "destroyed": false,
        "url": "file:///Users/friday/.hermes/profiles/friday/cache/scratch/T17-real-electron-jG80Bb/.vite/build/offline.html?error=server",
        "processId": 7,
        "routingId": 4
      }
    },
    {
      "event": "did-navigate",
      "frame": {
        "id": 1,
        "detached": false,
        "destroyed": false,
        "url": "http://127.0.0.1:49206/app?configured=1",
        "processId": 8,
        "routingId": 4
      }
    },
    {
      "event": "dom-ready",
      "frame": {
        "id": 1,
        "detached": false,
        "destroyed": false,
        "url": "http://127.0.0.1:49206/app?configured=1",
        "processId": 8,
        "routingId": 4
      }
    },
    {
      "event": "did-finish-load",
      "frame": {
        "id": 1,
        "detached": false,
        "destroyed": false,
        "url": "http://127.0.0.1:49206/app?configured=1",
        "processId": 8,
        "routingId": 4
      }
    },
    {
      "event": "did-start-navigation",
      "frame": {
        "id": 1,
        "detached": true,
        "destroyed": false,
        "url": "",
        "processId": 9,
        "routingId": 1
      }
    },
    {
      "event": "render-process-gone",
      "frame": {
        "id": 1,
        "detached": true,
        "destroyed": false,
        "url": "",
        "processId": 9,
        "routingId": 1
      }
    },
    {
      "event": "did-navigate",
      "frame": {
        "id": 1,
        "detached": true,
        "destroyed": false,
        "url": "file:///Users/friday/.hermes/profiles/friday/cache/scratch/T17-real-electron-jG80Bb/.vite/build/offline.html?error=server",
        "processId": 9,
        "routingId": 1
      }
    },
    {
      "event": "dom-ready",
      "frame": {
        "id": 1,
        "detached": true,
        "destroyed": false,
        "url": "file:///Users/friday/.hermes/profiles/friday/cache/scratch/T17-real-electron-jG80Bb/.vite/build/offline.html?error=server",
        "processId": 9,
        "routingId": 1
      }
    },
    {
      "event": "did-finish-load",
      "frame": {
        "id": 1,
        "detached": true,
        "destroyed": false,
        "url": "file:///Users/friday/.hermes/profiles/friday/cache/scratch/T17-real-electron-jG80Bb/.vite/build/offline.html?error=server",
        "processId": 9,
        "routingId": 1
      }
    },
    {
      "event": "did-start-navigation",
      "frame": {
        "id": 1,
        "detached": true,
        "destroyed": false,
        "url": "file:///Users/friday/.hermes/profiles/friday/cache/scratch/T17-real-electron-jG80Bb/.vite/build/offline.html?error=server",
        "processId": 9,
        "routingId": 1
      }
    },
    {
      "event": "did-start-navigation",
      "frame": {
        "id": 1,
        "detached": true,
        "destroyed": false,
        "url": "file:///Users/friday/.hermes/profiles/friday/cache/scratch/T17-real-electron-jG80Bb/.vite/build/offline.html?error=server",
        "processId": 9,
        "routingId": 1
      }
    },
    {
      "event": "did-start-navigation",
      "frame": {
        "id": 1,
        "detached": true,
        "destroyed": false,
        "url": "http://127.0.0.1:49206/app?configured=1",
        "processId": 11,
        "routingId": 4
      }
    },
    {
      "event": "did-navigate",
      "frame": {
        "id": 1,
        "detached": true,
        "destroyed": false,
        "url": "file:///Users/friday/.hermes/profiles/friday/cache/scratch/T17-real-electron-jG80Bb/.vite/build/offline.html?error=offline",
        "processId": 9,
        "routingId": 9
      }
    },
    {
      "event": "dom-ready",
      "frame": {
        "id": 1,
        "detached": true,
        "destroyed": false,
        "url": "file:///Users/friday/.hermes/profiles/friday/cache/scratch/T17-real-electron-jG80Bb/.vite/build/offline.html?error=offline",
        "processId": 9,
        "routingId": 9
      }
    },
    {
      "event": "did-finish-load",
      "frame": {
        "id": 1,
        "detached": true,
        "destroyed": false,
        "url": "file:///Users/friday/.hermes/profiles/friday/cache/scratch/T17-real-electron-jG80Bb/.vite/build/offline.html?error=offline",
        "processId": 9,
        "routingId": 9
      }
    },
    {
      "event": "dom-ready",
      "frame": {
        "id": 1,
        "detached": true,
        "destroyed": false,
        "url": "file:///Users/friday/.hermes/profiles/friday/cache/scratch/T17-real-electron-jG80Bb/.vite/build/offline.html?error=offline",
        "processId": 9,
        "routingId": 9
      }
    },
    {
      "event": "did-finish-load",
      "frame": {
        "id": 1,
        "detached": true,
        "destroyed": false,
        "url": "file:///Users/friday/.hermes/profiles/friday/cache/scratch/T17-real-electron-jG80Bb/.vite/build/offline.html?error=offline",
        "processId": 9,
        "routingId": 9
      }
    }
  ],
  "consoleMessages": [],
  "failures": [
    {
      "code": -106,
      "description": "ERR_INTERNET_DISCONNECTED",
      "url": "http://127.0.0.1:49206/app?configured=1",
      "main": true
    }
  ],
  "requests": [
    "http://127.0.0.1:49206/app?configured=1",
    "file:///Users/friday/.hermes/profiles/friday/cache/scratch/T17-real-electron-jG80Bb/.vite/build/offline.html?error=server",
    "http://127.0.0.1:49206/app?configured=1",
    "file:///Users/friday/.hermes/profiles/friday/cache/scratch/T17-real-electron-jG80Bb/.vite/build/offline.html?error=server",
    "http://127.0.0.1:49206/app?configured=1",
    "file:///Users/friday/.hermes/profiles/friday/cache/scratch/T17-real-electron-jG80Bb/.vite/build/offline.html?error=server",
    "http://127.0.0.1:49206/app?configured=1",
    "file:///Users/friday/.hermes/profiles/friday/cache/scratch/T17-real-electron-jG80Bb/.vite/build/offline.html?error=offline"
  ],
  "captions": {
    "minimise": 1,
    "maximise": 2,
    "close": 1
  },
  "events": [
    "renderer:killed"
  ],
  "url": "file:///Users/friday/.hermes/profiles/friday/cache/scratch/T17-real-electron-jG80Bb/.vite/build/offline.html?error=offline"
}

{
  "mode": "win32",
  "scenario": "full-v3",
  "exit": 1,
  "emittedSHA256": "33aba3c676f65b56a45ffcc3dde2a16c75846636717ca280087940f00c0ed712",
  "receipt": {
    "passed": false,
    "scenario": "full-v3",
    "port": 49206,
    "authorization": [
      {
        "byIdSame": true,
        "byTokenSame": true,
        "byId": {
          "id": 1,
          "detached": true,
          "destroyed": false,
          "url": "file:///Users/friday/.hermes/profiles/friday/cache/scratch/T17-real-electron-jG80Bb/.vite/build/offline.html?error=offline",
          "processId": 9,
          "routingId": 9
        },
        "byToken": {
          "id": 1,
          "detached": true,
          "destroyed": false,
          "url": "file:///Users/friday/.hermes/profiles/friday/cache/scratch/T17-real-electron-jG80Bb/.vite/build/offline.html?error=offline",
          "processId": 9,
          "routingId": 9
        },
        "hosted": false,
        "offline": false,
        "self": false,
        "sameContents": true,
        "sameFrame": true,
        "detached": true,
        "sender": {
          "id": 1,
          "detached": true,
          "destroyed": false,
          "url": "file:///Users/friday/.hermes/profiles/friday/cache/scratch/T17-real-electron-jG80Bb/.vite/build/offline.html?error=offline",
          "processId": 9,
          "routingId": 9
        },
        "current": {
          "id": 1,
          "detached": true,
          "destroyed": false,
          "url": "file:///Users/friday/.hermes/profiles/friday/cache/scratch/T17-real-electron-jG80Bb/.vite/build/offline.html?error=offline",
          "processId": 9,
          "routingId": 9
        }
      },
      {
        "byIdSame": true,
        "byTokenSame": true,
        "byId": {
          "id": 1,
          "detached": true,
          "destroyed": false,
          "url": "file:///Users/friday/.hermes/profiles/friday/cache/scratch/T17-real-electron-jG80Bb/.vite/build/offline.html?error=offline",
          "processId": 9,
          "routingId": 9
        },
        "byToken": {
          "id": 1,
          "detached": true,
          "destroyed": false,
          "url": "file:///Users/friday/.hermes/profiles/friday/cache/scratch/T17-real-electron-jG80Bb/.vite/build/offline.html?error=offline",
          "processId": 9,
          "routingId": 9
        },
        "hosted": false,
        "offline": false,
        "self": false,
        "sameContents": true,
        "sameFrame": true,
        "detached": true,
        "sender": {
          "id": 1,
          "detached": true,
          "destroyed": false,
          "url": "file:///Users/friday/.hermes/profiles/friday/cache/scratch/T17-real-electron-jG80Bb/.vite/build/offline.html?error=offline",
          "processId": 9,
          "routingId": 9
        },
        "current": {
          "id": 1,
          "detached": true,
          "destroyed": false,
          "url": "file:///Users/friday/.hermes/profiles/friday/cache/scratch/T17-real-electron-jG80Bb/.vite/build/offline.html?error=offline",
          "processId": 9,
          "routingId": 9
        }
      },
      {
        "byIdSame": true,
        "byTokenSame": true,
        "byId": {
          "id": 1,
          "detached": true,
          "destroyed": false,
          "url": "file:///Users/friday/.hermes/profiles/friday/cache/scratch/T17-real-electron-jG80Bb/.vite/build/offline.html?error=offline",
          "processId": 9,
          "routingId": 9
        },
        "byToken": {
          "id": 1,
          "detached": true,
          "destroyed": false,
          "url": "file:///Users/friday/.hermes/profiles/friday/cache/scratch/T17-real-electron-jG80Bb/.vite/build/offline.html?error=offline",
          "processId": 9,
          "routingId": 9
        },
        "hosted": false,
        "offline": false,
        "self": false,
        "sameContents": true,
        "sameFrame": true,
        "detached": true,
        "sender": {
          "id": 1,
          "detached": true,
          "destroyed": false,
          "url": "file:///Users/friday/.hermes/profiles/friday/cache/scratch/T17-real-electron-jG80Bb/.vite/build/offline.html?error=offline",
          "processId": 9,
          "routingId": 9
        },
        "current": {
          "id": 1,
          "detached": true,
          "destroyed": false,
          "url": "file:///Users/friday/.hermes/profiles/friday/cache/scratch/T17-real-electron-jG80Bb/.vite/build/offline.html?error=offline",
          "processId": 9,
          "routingId": 9
        }
      },
      {
        "byIdSame": true,
        "byTokenSame": true,
        "byId": {
          "id": 1,
          "detached": true,
          "destroyed": false,
          "url": "file:///Users/friday/.hermes/profiles/friday/cache/scratch/T17-real-electron-jG80Bb/.vite/build/offline.html?error=offline",
          "processId": 9,
          "routingId": 9
        },
        "byToken": {
          "id": 1,
          "detached": true,
          "destroyed": false,
          "url": "file:///Users/friday/.hermes/profiles/friday/cache/scratch/T17-real-electron-jG80Bb/.vite/build/offline.html?error=offline",
          "processId": 9,
          "routingId": 9
        },
        "hosted": false,
        "offline": false,
        "self": false,
        "sameContents": true,
        "sameFrame": true,
        "detached": true,
        "sender": {
          "id": 1,
          "detached": true,
          "destroyed": false,
          "url": "file:///Users/friday/.hermes/profiles/friday/cache/scratch/T17-real-electron-jG80Bb/.vite/build/offline.html?error=offline",
          "processId": 9,
          "routingId": 9
        },
        "current": {
          "id": 1,
          "detached": true,
          "destroyed": false,
          "url": "file:///Users/friday/.hermes/profiles/friday/cache/scratch/T17-real-electron-jG80Bb/.vite/build/offline.html?error=offline",
          "processId": 9,
          "routingId": 9
        }
      }
    ],
    "frameStates": [
      {
        "event": "did-start-navigation",
        "frame": {
          "id": 1,
          "detached": false,
          "destroyed": false,
          "url": "",
          "processId": 4,
          "routingId": 1
        }
      },
      {
        "event": "did-navigate",
        "frame": {
          "id": 1,
          "detached": false,
          "destroyed": false,
          "url": "http://127.0.0.1:49206/app?configured=1",
          "processId": 4,
          "routingId": 1
        }
      },
      {
        "event": "did-start-navigation",
        "frame": {
          "id": 1,
          "detached": false,
          "destroyed": false,
          "url": "http://127.0.0.1:49206/app?configured=1",
          "processId": 4,
          "routingId": 1
        }
      },
      {
        "event": "dom-ready",
        "frame": {
          "id": 1,
          "detached": false,
          "destroyed": false,
          "url": "http://127.0.0.1:49206/app?configured=1",
          "processId": 4,
          "routingId": 1
        }
      },
      {
        "event": "did-finish-load",
        "frame": {
          "id": 1,
          "detached": false,
          "destroyed": false,
          "url": "http://127.0.0.1:49206/app?configured=1",
          "processId": 4,
          "routingId": 1
        }
      },
      {
        "event": "did-navigate",
        "frame": {
          "id": 1,
          "detached": false,
          "destroyed": false,
          "url": "file:///Users/friday/.hermes/profiles/friday/cache/scratch/T17-real-electron-jG80Bb/.vite/build/offline.html?error=server",
          "processId": 5,
          "routingId": 4
        }
      },
      {
        "event": "dom-ready",
        "frame": {
          "id": 1,
          "detached": false,
          "destroyed": false,
          "url": "file:///Users/friday/.hermes/profiles/friday/cache/scratch/T17-real-electron-jG80Bb/.vite/build/offline.html?error=server",
          "processId": 5,
          "routingId": 4
        }
      },
      {
        "event": "did-finish-load",
        "frame": {
          "id": 1,
          "detached": false,
          "destroyed": false,
          "url": "file:///Users/friday/.hermes/profiles/friday/cache/scratch/T17-real-electron-jG80Bb/.vite/build/offline.html?error=server",
          "processId": 5,
          "routingId": 4
        }
      },
      {
        "event": "did-start-navigation",
        "frame": {
          "id": 1,
          "detached": false,
          "destroyed": false,
          "url": "file:///Users/friday/.hermes/profiles/friday/cache/scratch/T17-real-electron-jG80Bb/.vite/build/offline.html?error=server",
          "processId": 5,
          "routingId": 4
        }
      },
      {
        "event": "did-navigate",
        "frame": {
          "id": 1,
          "detached": false,
          "destroyed": false,
          "url": "http://127.0.0.1:49206/app?configured=1",
          "processId": 6,
          "routingId": 4
        }
      },
      {
        "event": "did-start-navigation",
        "frame": {
          "id": 1,
          "detached": false,
          "destroyed": false,
          "url": "http://127.0.0.1:49206/app?configured=1",
          "processId": 6,
          "routingId": 4
        }
      },
      {
        "event": "dom-ready",
        "frame": {
          "id": 1,
          "detached": false,
          "destroyed": false,
          "url": "http://127.0.0.1:49206/app?configured=1",
          "processId": 6,
          "routingId": 4
        }
      },
      {
        "event": "did-finish-load",
        "frame": {
          "id": 1,
          "detached": false,
          "destroyed": false,
          "url": "http://127.0.0.1:49206/app?configured=1",
          "processId": 6,
          "routingId": 4
        }
      },
      {
        "event": "did-navigate",
        "frame": {
          "id": 1,
          "detached": false,
          "destroyed": false,
          "url": "file:///Users/friday/.hermes/profiles/friday/cache/scratch/T17-real-electron-jG80Bb/.vite/build/offline.html?error=server",
          "processId": 7,
          "routingId": 4
        }
      },
      {
        "event": "dom-ready",
        "frame": {
          "id": 1,
          "detached": false,
          "destroyed": false,
          "url": "file:///Users/friday/.hermes/profiles/friday/cache/scratch/T17-real-electron-jG80Bb/.vite/build/offline.html?error=server",
          "processId": 7,
          "routingId": 4
        }
      },
      {
        "event": "did-finish-load",
        "frame": {
          "id": 1,
          "detached": false,
          "destroyed": false,
          "url": "file:///Users/friday/.hermes/profiles/friday/cache/scratch/T17-real-electron-jG80Bb/.vite/build/offline.html?error=server",
          "processId": 7,
          "routingId": 4
        }
      },
      {
        "event": "did-start-navigation",
        "frame": {
          "id": 1,
          "detached": false,
          "destroyed": false,
          "url": "file:///Users/friday/.hermes/profiles/friday/cache/scratch/T17-real-electron-jG80Bb/.vite/build/offline.html?error=server",
          "processId": 7,
          "routingId": 4
        }
      },
      {
        "event": "did-start-navigation",
        "frame": {
          "id": 1,
          "detached": false,
          "destroyed": false,
          "url": "file:///Users/friday/.hermes/profiles/friday/cache/scratch/T17-real-electron-jG80Bb/.vite/build/offline.html?error=server",
          "processId": 7,
          "routingId": 4
        }
      },
      {
        "event": "did-navigate",
        "frame": {
          "id": 1,
          "detached": false,
          "destroyed": false,
          "url": "http://127.0.0.1:49206/app?configured=1",
          "processId": 8,
          "routingId": 4
        }
      },
      {
        "event": "dom-ready",
        "frame": {
          "id": 1,
          "detached": false,
          "destroyed": false,
          "url": "http://127.0.0.1:49206/app?configured=1",
          "processId": 8,
          "routingId": 4
        }
      },
      {
        "event": "did-finish-load",
        "frame": {
          "id": 1,
          "detached": false,
          "destroyed": false,
          "url": "http://127.0.0.1:49206/app?configured=1",
          "processId": 8,
          "routingId": 4
        }
      },
      {
        "event": "did-start-navigation",
        "frame": {
          "id": 1,
          "detached": true,
          "destroyed": false,
          "url": "",
          "processId": 9,
          "routingId": 1
        }
      },
      {
        "event": "render-process-gone",
        "frame": {
          "id": 1,
          "detached": true,
          "destroyed": false,
          "url": "",
          "processId": 9,
          "routingId": 1
        }
      },
      {
        "event": "did-navigate",
        "frame": {
          "id": 1,
          "detached": true,
          "destroyed": false,
          "url": "file:///Users/friday/.hermes/profiles/friday/cache/scratch/T17-real-electron-jG80Bb/.vite/build/offline.html?error=server",
          "processId": 9,
          "routingId": 1
        }
      },
      {
        "event": "dom-ready",
        "frame": {
          "id": 1,
          "detached": true,
          "destroyed": false,
          "url": "file:///Users/friday/.hermes/profiles/friday/cache/scratch/T17-real-electron-jG80Bb/.vite/build/offline.html?error=server",
          "processId": 9,
          "routingId": 1
        }
      },
      {
        "event": "did-finish-load",
        "frame": {
          "id": 1,
          "detached": true,
          "destroyed": false,
          "url": "file:///Users/friday/.hermes/profiles/friday/cache/scratch/T17-real-electron-jG80Bb/.vite/build/offline.html?error=server",
          "processId": 9,
          "routingId": 1
        }
      },
      {
        "event": "did-start-navigation",
        "frame": {
          "id": 1,
          "detached": true,
          "destroyed": false,
          "url": "file:///Users/friday/.hermes/profiles/friday/cache/scratch/T17-real-electron-jG80Bb/.vite/build/offline.html?error=server",
          "processId": 9,
          "routingId": 1
        }
      },
      {
        "event": "did-start-navigation",
        "frame": {
          "id": 1,
          "detached": true,
          "destroyed": false,
          "url": "file:///Users/friday/.hermes/profiles/friday/cache/scratch/T17-real-electron-jG80Bb/.vite/build/offline.html?error=server",
          "processId": 9,
          "routingId": 1
        }
      },
      {
        "event": "did-start-navigation",
        "frame": {
          "id": 1,
          "detached": true,
          "destroyed": false,
          "url": "http://127.0.0.1:49206/app?configured=1",
          "processId": 11,
          "routingId": 4
        }
      },
      {
        "event": "did-navigate",
        "frame": {
          "id": 1,
          "detached": true,
          "destroyed": false,
          "url": "file:///Users/friday/.hermes/profiles/friday/cache/scratch/T17-real-electron-jG80Bb/.vite/build/offline.html?error=offline",
          "processId": 9,
          "routingId": 9
        }
      },
      {
        "event": "dom-ready",
        "frame": {
          "id": 1,
          "detached": true,
          "destroyed": false,
          "url": "file:///Users/friday/.hermes/profiles/friday/cache/scratch/T17-real-electron-jG80Bb/.vite/build/offline.html?error=offline",
          "processId": 9,
          "routingId": 9
        }
      },
      {
        "event": "did-finish-load",
        "frame": {
          "id": 1,
          "detached": true,
          "destroyed": false,
          "url": "file:///Users/friday/.hermes/profiles/friday/cache/scratch/T17-real-electron-jG80Bb/.vite/build/offline.html?error=offline",
          "processId": 9,
          "routingId": 9
        }
      },
      {
        "event": "dom-ready",
        "frame": {
          "id": 1,
          "detached": true,
          "destroyed": false,
          "url": "file:///Users/friday/.hermes/profiles/friday/cache/scratch/T17-real-electron-jG80Bb/.vite/build/offline.html?error=offline",
          "processId": 9,
          "routingId": 9
        }
      },
      {
        "event": "did-finish-load",
        "frame": {
          "id": 1,
          "detached": true,
          "destroyed": false,
          "url": "file:///Users/friday/.hermes/profiles/friday/cache/scratch/T17-real-electron-jG80Bb/.vite/build/offline.html?error=offline",
          "processId": 9,
          "routingId": 9
        }
      }
    ],
    "consoleMessages": [],
    "failures": [
      {
        "code": -106,
        "description": "ERR_INTERNET_DISCONNECTED",
        "url": "http://127.0.0.1:49206/app?configured=1",
        "main": true
      }
    ],
    "requests": [
      "http://127.0.0.1:49206/app?configured=1",
      "file:///Users/friday/.hermes/profiles/friday/cache/scratch/T17-real-electron-jG80Bb/.vite/build/offline.html?error=server",
      "http://127.0.0.1:49206/app?configured=1",
      "file:///Users/friday/.hermes/profiles/friday/cache/scratch/T17-real-electron-jG80Bb/.vite/build/offline.html?error=server",
      "http://127.0.0.1:49206/app?configured=1",
      "file:///Users/friday/.hermes/profiles/friday/cache/scratch/T17-real-electron-jG80Bb/.vite/build/offline.html?error=server",
      "http://127.0.0.1:49206/app?configured=1",
      "file:///Users/friday/.hermes/profiles/friday/cache/scratch/T17-real-electron-jG80Bb/.vite/build/offline.html?error=offline"
    ],
    "captions": {
      "minimise": 1,
      "maximise": 2,
      "close": 1
    },
    "events": [
      "renderer:killed"
    ],
    "url": "file:///Users/friday/.hermes/profiles/friday/cache/scratch/T17-real-electron-jG80Bb/.vite/build/offline.html?error=offline"
  }
}
Removed owned harness build, user-data and cache directories.
node:internal/modules/run_main:123
    triggerUncaughtException(
    ^

AssertionError [ERR_ASSERTION]: All isolated Electron scenarios must pass: [{"mode":"darwin","scenario":"no-crash-no-cdp","exit":0,"passed":true},{"mode":"darwin","scenario":"crash-only","exit":1,"passed":false},{"mode":"darwin","scenario":"cdp-only","exit":0,"passed":true},{"mode":"darwin","scenario":"full-v3","exit":1,"passed":false},{"mode":"win32","scenario":"no-crash-no-cdp","exit":0,"passed":true},{"mode":"win32","scenario":"crash-only","exit":1,"passed":false},{"mode":"win32","scenario":"cdp-only","exit":0,"passed":true},{"mode":"win32","scenario":"full-v3","exit":1,"passed":false}]
    at file:///Users/friday/Projects/mutiny-rebuild/wt/T17/proof/T17/run-electron-runtime.mjs:50:10
    at process.processTicksAndRejections (node:internal/process/task_queues:103:5) {
  generatedMessage: false,
  code: 'ERR_ASSERTION',
  actual: false,
  expected: true,
  operator: '==',
  diff: 'simple'
}

Node.js v22.23.3
